fold,family,candidate,group_id,rows,theta_mean_offset_deg,theta_temporal_std_deg,theta_nominal_rms_deg,A_mean_offset_D,A_temporal_std_D,A_nominal_rms_D,theta_rms_identity_error,A_rms_identity_error
capture_1,capture,ar27_linear,5,38,-0.059082233368977555,0.09469178257002493,0.11161202437979208,-2.4964757152045824,0.09960423349899647,2.4984619268536306,9.71445146547012e-17,1.6601303665098044e-15
capture_1,capture,ar27_linear,6,42,-0.6012308918519453,0.08863967137301418,0.6077298549999032,-1.881544111548536,0.032668559734620725,1.881827696283085,1.7763568394002505e-15,-9.95297594341693e-16
capture_1,capture,ar27_linear,7,45,-0.9143743605213078,0.11346854116506247,0.9213878559069888,-1.3384017740283918,0.054313652803924126,1.3395033712549018,-1.5785983631388945e-16,-4.395355607256235e-15
capture_1,capture,ar27_linear,8,45,-0.043138533609138996,0.25119625379578,0.25487348038385776,0.09520525830571369,0.17793104065375404,0.20180063537359247,0.0,8.326672684688674e-17
capture_1,capture,ar27_linear,9,39,0.8819960947312175,0.6540740500885978,1.098057363765855,0.9977792436536674,0.48405879519206546,1.108997897323921,-1.1102230246251565e-15,-8.326672684688674e-16
capture_1,capture,ar27_linear,10,47,0.055595843503551734,0.2457204147844342,0.2519313796586395,-1.7806045648463829,0.08410447528143374,1.7825897394280437,-2.5673907444456745e-16,-9.272096979096034e-16
capture_1,capture,ar27_linear,11,39,-0.17029440650274186,0.21770052898518183,0.27639411210542997,-0.8933256014511932,0.17681022916871825,0.9106549771163779,-9.020562075079397e-17,6.938893903907228e-18
capture_1,capture,ar27_linear,12,47,-0.6977081559018944,0.26008422536255155,0.7446075980638799,-0.8445470666886576,0.08948717785711183,0.8492748099721588,-1.6653345369377348e-16,3.8163916471489756e-17
capture_1,capture,ar27_linear,13,41,-0.2049125748165599,0.128811983479662,0.2420365476656711,-0.12140002789009419,0.12384791965974506,0.17342512498413318,-2.949029909160572e-16,-1.0234868508263162e-16
capture_1,capture,ar27_linear,14,20,1.1858774428736503,0.8001754182434582,1.4305893923406667,1.2686662900198549,0.6229554535178169,1.4133604113955969,-3.1086244689504383e-15,-5.551115123125783e-16
capture_1,capture,ar27_linear,15,44,0.10911858422997867,0.08023646818716666,0.1354428154296323,-1.4841713341832148,0.08856399272175997,1.4868113969222876,2.8449465006019636e-16,2.8622937353617317e-16
capture_1,capture,ar27_linear,16,48,-0.0913329410840662,0.03615954031565936,0.0982304356241258,-0.9203027273311584,0.08603418647966014,0.9243154175801603,2.196593601455632e-16,8.98586760555986e-16
capture_1,capture,ar27_linear,17,48,-0.41714834460972056,0.13400548838704973,0.43814405431145814,-0.7559139704119964,0.14112401083750123,0.7689745880709525,7.632783294297951e-17,-5.793976409762536e-16
capture_1,capture,ar27_linear,18,48,-0.17199741223021547,0.10747650977508447,0.2028159509686662,-0.2516977608189308,0.11931910889786916,0.27854768451639567,-9.367506770274758e-17,2.220446049250313e-16
capture_1,capture,ar27_linear,19,39,0.5374378679003335,0.5035249942285384,0.736462410219358,0.5780934725249196,0.4279754601818095,0.7192739794360359,5.551115123125783e-17,-5.828670879282072e-16
capture_1,capture,ar27_log,5,38,0.16013410968304065,0.09749792742340715,0.1874800761036778,-2.841135952801877,0.07263937171767464,2.842064387136042,7.580741590018647e-16,-1.0070069778045365e-15
capture_1,capture,ar27_log,6,42,-0.6225713335385779,0.08389235684905218,0.6281982114601198,-2.3453857560764315,0.02761129686848698,2.3455482788723354,1.5144135945277526e-15,6.207057437479513e-16
capture_1,capture,ar27_log,7,45,-1.0836892063017156,0.11083228781352127,1.0893420454002596,-1.8735837841603304,0.05206492761616444,1.8743070594105493,-6.140921104957897e-16,5.087076593301987e-16
capture_1,capture,ar27_log,8,45,-0.1585871949208455,0.30050837082724535,0.339786961683505,-0.4378144386055265,0.21796854983745584,0.4890723580102595,2.0816681711721685e-16,-3.5388358909926865e-16
capture_1,capture,ar27_log,9,39,0.7919889478483473,0.8055078406309714,1.1296412593526783,0.2431646463485473,0.5711078060296939,0.6207198815422821,2.55351295663786e-15,1.1102230246251565e-16
capture_1,capture,ar27_log,10,47,0.38733617733722525,0.22801543409942718,0.44946674233113687,-2.0402056710650065,0.054590942835041074,2.0409359008272236,-2.7755575615628914e-17,-2.4919302732406834e-15
capture_1,capture,ar27_log,11,39,-0.19293711772851552,0.18398867910898895,0.26660188566035575,-1.3520655119769667,0.148344821549621,1.3601791553902467,-1.734723475976807e-16,-8.777700788442644e-16
capture_1,capture,ar27_log,12,47,-0.8097239499970348,0.2489176728116166,0.84712034743403,-1.3119999145314478,0.07169887028439471,1.3139575730329291,1.734723475976807e-16,8.101158632811689e-16
capture_1,capture,ar27_log,13,41,-0.4547350901965812,0.12599754978738195,0.47186797391698054,-0.7341096816522357,0.10797953620935728,0.7420084938432546,-4.128641872824801e-16,5.759281940243e-16
capture_1,capture,ar27_log,14,20,0.9182943549377711,0.8543720836222581,1.2542791473924837,0.37443862493429014,0.6001251076939318,0.7073573557455495,-2.220446049250313e-16,5.551115123125783e-16
capture_1,capture,ar27_log,15,44,0.7471164137117299,0.08844778364214463,0.7523336667122371,-1.4486322606094288,0.04616357901682973,1.4493676215874378,-4.812122922359663e-15,-7.949370328663719e-16
capture_1,capture,ar27_log,16,48,0.17169179664231304,0.02346868518846981,0.17328834992214956,-1.0868563785096166,0.051980453253007174,1.0880986880919523,4.71736365248443e-16,6.951904329977054e-16
capture_1,capture,ar27_log,17,48,-0.32593004949385596,0.10852846971772369,0.34352412710366975,-0.9424772122969136,0.08636635898745997,0.9464261427410554,-8.673617379884035e-18,3.0531133177191805e-16
capture_1,capture,ar27_log,18,48,-0.248360910102698,0.08646817912700168,0.2629826756054095,-0.5790908915830428,0.07579522653558297,0.5840301165864861,3.5128150388530344e-16,6.583275591331983e-16
capture_1,capture,ar27_log,19,39,0.42641150348933365,0.40207589042245945,0.5860817280610677,-0.008414517438356972,0.26788405213694766,0.2680161739392444,-2.498001805406602e-16,-1.3877787807814457e-17
capture_1,capture,ar27_quadratic,5,38,-0.14500092278246157,0.09807741714794257,0.17505555507374373,-1.9071797402857449,0.0972775434325544,1.9096589963165345,-3.937822290467352e-16,1.0755285551056204e-16
capture_1,capture,ar27_quadratic,6,42,-0.5382377922205146,0.09080406130273037,0.5458436575829047,-1.3427108068097207,0.028719653259243316,1.3430179184236308,-5.603156827405087e-16,-1.1850329745266563e-16
capture_1,capture,ar27_quadratic,7,45,-0.7979093767663539,0.11261644397677156,0.8058174960781409,-0.8626484083259052,0.0434042615957634,0.863739663505093,6.418476861114186e-17,1.0451708942760263e-16
capture_1,capture,ar27_quadratic,8,45,-0.2174550156171291,0.18894660225050525,0.28807551495928374,0.32118847676926343,0.12389689186776166,0.3442564123206007,0.0,-3.8163916471489756e-17
capture_1,capture,ar27_quadratic,9,39,0.5783648047731216,0.4591142037083739,0.7384386903778998,1.413930512516954,0.369137190771665,1.461321922040881,2.4424906541753444e-15,2.192690473634684e-15
capture_1,capture,ar27_quadratic,10,47,-0.07578689431283614,0.26037145205399004,0.2711769650879077,-1.1911270205595346,0.09446420373526491,1.1948669653540396,5.551115123125783e-17,2.8796409701215e-16
capture_1,capture,ar27_quadratic,11,39,-0.09898369397360351,0.22271431746073708,0.24372000097378504,-0.3523171788365853,0.15515301178194058,0.38496733831375535,-1.8041124150158794e-16,-5.551115123125783e-17
capture_1,capture,ar27_quadratic,12,47,-0.5354124024404034,0.263861280917017,0.5968996701742879,-0.29928639674605195,0.08248477626766929,0.3104449799773906,1.6653345369377348e-16,-1.97758476261356e-16
capture_1,capture,ar27_quadratic,13,41,-0.047225412042413595,0.11631715204638077,0.1255385176061778,0.4068495181249814,0.10571801084137793,0.42036035518919546,5.204170427930421e-18,-6.661338147750939e-16
capture_1,capture,ar27_quadratic,14,20,1.241326566617511,0.6460868796974856,1.3993998360395954,1.9938159586508242,0.5693595064527286,2.073516897582173,-4.773959005888173e-15,1.1657341758564144e-15
capture_1,capture,ar27_quadratic,15,44,-0.2886533126990898,0.09659302456012885,0.30438618123336403,-1.1214745888732467,0.14465784560402078,1.1307657342629438,-1.833602714107485e-15,3.0878077872387166e-16
capture_1,capture,ar27_quadratic,16,48,-0.12915599876776618,0.05631429841471327,0.1408991562204701,-0.40975738716888976,0.10746072799557707,0.4236141220507352,-1.5655879370690684e-16,3.0357660829594124e-16
capture_1,capture,ar27_quadratic,17,48,-0.3280042634928512,0.16120522041117086,0.3654776599975735,-0.2922440076129875,0.19024550245286082,0.3487117881420721,-2.7755575615628914e-17,1.3877787807814457e-17
capture_1,capture,ar27_quadratic,18,48,0.02919680357854837,0.12120864053717552,0.12467553039820797,0.2526581351363171,0.1478435890365477,0.29273513637718546,-8.153200337090993e-17,2.949029909160572e-16
capture_1,capture,ar27_quadratic,19,39,0.8026289699560927,0.6093704143917359,1.0077428071431378,1.3099439784578784,0.6071360775897814,1.4438031179524298,-2.6645352591003757e-15,-1.3322676295501878e-15
capture_1,capture,ar27_sqrt,5,38,0.04915223795096679,0.09418062395051424,0.1062352692061189,-2.7644246394073564,0.08693245397743878,2.7657911776772,-8.153200337090993e-17,3.277760007858177e-15
capture_1,capture,ar27_sqrt,6,42,-0.6180212671489267,0.08620908395724641,0.6240050422914162,-2.1976415745924855,0.03097469593949425,2.197859850437667,-3.9811903773667723e-16,2.0617188511984352e-15
capture_1,capture,ar27_sqrt,7,45,-1.0074749920448185,0.11237047846605173,1.0137223406961084,-1.6749948766027583,0.055142239259275604,1.6759022952415858,7.424616477180734e-16,-9.345822726825048e-16
capture_1,capture,ar27_sqrt,8,45,-0.07748401036020436,0.28109785575608426,0.29158150896819346,-0.19385701342406447,0.20363408310659842,0.28115366164494976,9.71445146547012e-17,-6.245004513516506e-17
capture_1,capture,ar27_sqrt,9,39,0.8861092767848415,0.7553455755827858,1.1643610217439642,0.6153995784830828,0.5472626845104435,0.8235369372740569,2.9976021664879227e-15,6.661338147750939e-16
capture_1,capture,ar27_sqrt,10,47,0.22014692564418503,0.23579628931535543,0.3225903887679818,-2.006316510503454,0.06844152523206823,2.0074835448129704,4.85722573273506e-16,8.309325449928906e-16
capture_1,capture,ar27_sqrt,11,39,-0.18876364580894567,0.20196559156480848,0.27644495682722764,-1.2066257988388465,0.1670161187888844,1.2181297970080143,-3.608224830031759e-16,-8.81239525796218e-16
capture_1,capture,ar27_sqrt,12,47,-0.7727065469769683,0.2542079224957519,0.8134476477319702,-1.1615522491738608,0.08255719067062586,1.1644824246386372,-4.3021142204224816e-16,-1.416401718135063e-15
capture_1,capture,ar27_sqrt,13,41,-0.3471616058657929,0.12958743495124697,0.3705591503182178,-0.4945222564248959,0.12007882386854127,0.508892116308774,-3.0184188481996443e-16,1.2663481374630692e-16
capture_1,capture,ar27_sqrt,14,20,1.065504069057729,0.8533936632565813,1.3651299079813117,0.7841085608414331,0.6332671036053323,1.0078955599135806,-6.661338147750939e-16,1.1102230246251565e-16
capture_1,capture,ar27_sqrt,15,44,0.4458402738199272,0.0830803762263452,0.4535150479022042,-1.5392337176340627,0.06226142899917603,1.5404924287521171,-1.717376241217039e-16,-5.00901403688303e-16
capture_1,capture,ar27_sqrt,16,48,0.03435703693072245,0.02564397204581767,0.04287212718008976,-1.0915471338292435,0.06695117030830844,1.0935984658806395,8.64109131470947e-17,-2.983724378680108e-16
capture_1,capture,ar27_sqrt,17,48,-0.38906533642455465,0.1185611918080115,0.40672913862924537,-0.9329085588453061,0.1103236488534324,0.9394092221514334,-9.020562075079397e-17,-3.5388358909926865e-16
capture_1,capture,ar27_sqrt,18,48,-0.24311649639579525,0.09561499730007914,0.26124291096307545,-0.4982023441056791,0.09629810294536506,0.5074237876797556,5.065392549852277e-16,2.949029909160572e-17
capture_1,capture,ar27_sqrt,19,39,0.4408748960515645,0.45199039947457587,0.6314000278632118,0.20414668628816246,0.34437509221654056,0.4003374497365797,1.942890293094024e-16,2.498001805406602e-16
capture_2,capture,ar27_linear,0,43,-0.18464962406067542,0.09428649248860939,0.20732927032031245,0.9462901188802816,0.4360820600739351,1.04193692333499,-1.6479873021779667e-16,5.551115123125783e-17
capture_2,capture,ar27_linear,1,48,0.00978680601423143,0.06847276674295502,0.06916864432237613,0.988788239455313,0.12311486520520576,0.9964233299755849,5.117434254131581e-17,-2.2551405187698492e-17
capture_2,capture,ar27_linear,2,48,-0.2152120169060077,0.07145641998412988,0.22676470664038553,0.33668096158113836,0.09843271249050195,0.35077495460685015,1.474514954580286e-17,1.734723475976807e-18
capture_2,capture,ar27_linear,3,48,-0.12851660375244123,0.09721860244495334,0.16114581627027003,0.03027078888101775,0.1536334802970355,0.15658725020785935,-2.5847379792054426e-16,3.469446951953614e-18
capture_2,capture,ar27_linear,4,48,0.3056494164516348,0.14644273434035845,0.3389204039568928,0.17571308782838968,0.05690641343406623,0.18469821093913238,-2.2620794126737565e-15,-2.0816681711721685e-17
capture_2,capture,ar27_linear,10,47,0.32849233998755345,0.2676075384395486,0.4236991999758458,1.4335592852386752,0.24311156183986016,1.4540273229187395,-1.1102230246251565e-15,-8.049116928532385e-16
capture_2,capture,ar27_linear,11,39,0.47885764757407845,0.2242776738888593,0.5287770055942074,1.5190665384968076,0.21788801966791446,1.5346134163024512,-1.4849232954361469e-15,1.824929096727601e-15
capture_2,capture,ar27_linear,12,47,-0.17080433606078016,0.2551462194088444,0.30704024898340293,0.4029013950248004,0.09383352626576984,0.41368377387129895,-2.7755575615628914e-17,8.309325449928906e-16
capture_2,capture,ar27_linear,13,41,-0.2559594025929135,0.10271909005708098,0.27580142718607575,-0.14654319484372547,0.07917513118500019,0.16656412985144287,3.5735303605122226e-16,2.411265631607762e-16
capture_2,capture,ar27_linear,14,20,-0.5727547016222214,0.19574610169473447,0.6052805007259416,-0.7167407433695123,0.14341744682443475,0.7309486009696724,1.3739009929736312e-15,7.008282842946301e-16
capture_2,capture,ar27_linear,15,44,0.4002296766346678,0.08858864032469434,0.4099167491743537,1.1796997102459268,0.17055635404298713,1.1919651321489064,1.2038980923279041e-15,-1.6306400674181987e-16
capture_2,capture,ar27_linear,16,48,0.5434072036096405,0.034277495258135435,0.5444872226379796,1.115408597534909,0.13364431557170878,1.1233864617928346,-3.447762908503904e-17,7.494005416219807e-16
capture_2,capture,ar27_linear,17,48,0.10880613899749086,0.14383927333947807,0.18035662571242123,0.2762535925566221,0.19224353571830424,0.33656147198679043,6.938893903907228e-18,2.7755575615628914e-17
capture_2,capture,ar27_linear,18,48,0.02327061700955646,0.07639634382025252,0.07986189933320943,-0.13823334747276483,0.08993286055160354,0.1649132431326251,-1.5612511283791264e-17,8.673617379884035e-18
capture_2,capture,ar27_linear,19,39,-0.049537407419594004,0.14508572787896573,0.15330956645958005,-0.5323787932698165,0.11161281658427132,0.5439527556224897,2.5326962749261384e-16,-2.1337098754514727e-16
capture_2,capture,ar27_log,0,43,-0.3060394357851379,0.08131086315826648,0.31665690064047136,0.6661563544491135,0.4347510961490055,0.7954701780555288,1.4589024432964948e-15,-5.551115123125783e-17
capture_2,capture,ar27_log,1,48,-0.10413576085700793,0.049235209863527404,0.11518837866544222,0.6431954408982005,0.0915635978807407,0.6496801271772876,-2.259477327459791e-16,1.214306433183765e-16
capture_2,capture,ar27_log,2,48,-0.1866776291771911,0.04895322454296218,0.19298952155070637,0.18477433204972793,0.05519439351038294,0.19284183897536902,9.974659986866641e-18,4.206704429243757e-17
capture_2,capture,ar27_log,3,48,-0.0028470226724861547,0.05638495804425083,0.05645678906694541,-0.009177604476136081,0.07709614221608696,0.07764047635430568,-9.974659986866641e-18,1.734723475976807e-18
capture_2,capture,ar27_log,4,48,0.4333317803866237,0.13049147575056322,0.45255326441933785,0.04715403903923959,0.031081626489279257,0.056476286199901596,-1.762479051592436e-15,-1.734723475976807e-18
capture_2,capture,ar27_log,10,47,0.7512305018292427,0.3003366468942429,0.8090422537459316,2.042239996524784,0.45868020575659985,2.0931153180268085,3.469446951953614e-15,1.2212453270876722e-15
capture_2,capture,ar27_log,11,39,1.1225736433820837,0.3757723182970443,1.1837974573441437,2.212607173300178,0.4466495206487446,2.257238644369521,-8.049116928532385e-16,-3.469446951953614e-15
capture_2,capture,ar27_log,12,47,-0.1380432650380636,0.26154842923617927,0.2957423267952724,0.2411705359828229,0.14417305452485243,0.2809788196239496,-2.7755575615628914e-17,-1.249000902703301e-16
capture_2,capture,ar27_log,13,41,-0.40025160283129946,0.10530161794640226,0.41387169063751555,-0.5363227299023388,0.10537204769340512,0.5465760139678637,1.0234868508263162e-15,4.5102810375396984e-17
capture_2,capture,ar27_log,14,20,-0.8267637642591907,0.19121918381719233,0.8485888864177632,-1.2113443849665912,0.15793068204511646,1.2215962177910196,-4.163336342344337e-16,-5.48172618408671e-16
capture_2,capture,ar27_log,15,44,0.2206286542580731,0.09402750352209713,0.23982946962024143,0.9401648996376593,0.2362772570318496,0.9694003201470395,-3.8163916471489756e-17,-1.9359513991901167e-15
capture_2,capture,ar27_log,16,48,0.4579476360010748,0.0662432278496255,0.46271395327449255,0.8358353516103096,0.1855784603363232,0.8561892897848757,-1.0451708942760263e-15,-3.677613769070831e-16
capture_2,capture,ar27_log,17,48,-0.06265379675846457,0.14813064934718245,0.16083590247288973,-0.19426221280416112,0.1913505716607328,0.27267718752851045,-1.3877787807814457e-17,3.469446951953614e-17
capture_2,capture,ar27_log,18,48,-0.15844113962069262,0.07122775574149308,0.1737152495098609,-0.6226162214497977,0.0808521033363649,0.6278439470332878,-3.8424124992886277e-16,1.734723475976807e-16
capture_2,capture,ar27_log,19,39,-0.20029494939416814,0.1167418934713976,0.23183342391488723,-0.9693269738102028,0.08520449227159933,0.9730645341699112,2.8796409701215e-16,-3.668940151690947e-16
capture_2,capture,ar27_quadratic,0,43,-0.08205708374964793,0.093058746648695,0.1240697195987928,1.237303217604821,0.3550611898603655,1.287240343075178,3.3306690738754696e-16,-2.7755575615628914e-17
capture_2,capture,ar27_quadratic,1,48,0.1351274011768684,0.06868184005785166,0.15158037373798194,1.3272710135914823,0.11700106556341522,1.33241794976769,-3.668940151690947e-16,-4.787836793695988e-16
capture_2,capture,ar27_quadratic,2,48,-0.08431057004179528,0.08469027272523835,0.11950194356180037,0.6566689410215939,0.1257244478535208,0.6685960924882034,1.734723475976807e-18,3.122502256758253e-17
capture_2,capture,ar27_quadratic,3,48,0.0025038684204901074,0.13902063258065805,0.1390431790495077,0.28442555734178154,0.2409963151461212,0.3727963540368811,3.469446951953614e-18,-3.469446951953614e-17
capture_2,capture,ar27_quadratic,4,48,0.4862890348053579,0.1521652023625081,0.5095402576656269,0.5380714573591442,0.07342678086054948,0.5430583627678857,3.854555563620465e-15,4.2500725161431774e-17
capture_2,capture,ar27_quadratic,10,47,0.20873937582357982,0.2622148600683752,0.33515482968308197,0.8181000240745377,0.1363015624128992,0.8293767330393106,4.3021142204224816e-16,3.164135620181696e-15
capture_2,capture,ar27_quadratic,11,39,0.030240261597825224,0.1765310812712196,0.1791024736744046,0.8730201180807322,0.11917965468263923,0.8811174250143782,-5.551115123125783e-17,-4.0419056990259605e-16
capture_2,capture,ar27_quadratic,12,47,-0.420158201590215,0.2516204447419599,0.4897405053450913,0.2295153351448831,0.057841175270755454,0.23669155165187047,-6.938893903907228e-17,-1.8908485888147197e-16
capture_2,capture,ar27_quadratic,13,41,-0.39421106223310254,0.10246679195745607,0.4073104528992638,-0.11716999905517556,0.0516837899914925,0.12806257387103587,-2.0990154059319366e-16,-2.3852447794681098e-17
capture_2,capture,ar27_quadratic,14,20,-0.56144645003676,0.16059433755816074,0.5839628905286924,-0.5055512495131556,0.10209727769120586,0.5157576174873891,1.061650767297806e-15,-2.2551405187698492e-17
capture_2,capture,ar27_quadratic,15,44,0.46468221124299625,0.08976624019595439,0.47327321424796287,1.0751943735774252,0.11000159101982002,1.0808067778282318,-2.0643209364124004e-16,1.0547118733938987e-15
capture_2,capture,ar27_quadratic,16,48,0.4561229775521687,0.017879309622349265,0.45647326358027535,1.044321952871936,0.08624462034510709,1.047877128192387,-4.73308458398547e-16,-1.6835491334354913e-15
capture_2,capture,ar27_quadratic,17,48,0.1304895271613783,0.11883890101375617,0.17649419563531665,0.4746939105272632,0.14647762732087838,0.4967796332351185,1.214306433183765e-17,-6.661338147750939e-16
capture_2,capture,ar27_quadratic,18,48,0.11995370006953632,0.06742290215807324,0.13760355335451593,0.17180986854359626,0.07173737689606614,0.1861850750540859,-2.8622937353617317e-16,-4.701100619897147e-16
capture_2,capture,ar27_quadratic,19,39,0.11548669790012234,0.13263757151983357,0.17586899320389868,-0.1431702562479542,0.09720625799670703,0.17305137638235454,-1.2836953722228372e-16,9.8879238130678e-17
capture_2,capture,ar27_sqrt,0,43,-0.29258748929139244,0.09421611303618821,0.3073826846871649,0.8551159644700063,0.4640398627183772,0.9729112533438795,5.724587470723463e-16,-8.881784197001252e-16
capture_2,capture,ar27_sqrt,1,48,-0.09143225358023876,0.06161474895081635,0.11025531408069834,0.8630000578979639,0.11406607819003668,0.8705056979282466,2.2941717969793274e-16,-9.020562075079397e-16
capture_2,capture,ar27_sqrt,2,48,-0.2524477894238431,0.06041205080232985,0.2595756195545496,0.28238970580133294,0.07738111241881421,0.29279990181305815,-4.0332320816460765e-17,-5.637851296924623e-17
capture_2,capture,ar27_sqrt,3,48,-0.11701356936790663,0.07569316428576689,0.1393615102379774,0.029341317996769478,0.1122422053218976,0.11601390260356974,-1.1362438767648086e-16,-3.469446951953614e-18
capture_2,capture,ar27_sqrt,4,48,0.32581527900838836,0.14000476710398183,0.3546222368199081,0.12536673961158196,0.04389905785613856,0.13283051863745324,8.569533971325427e-16,1.929879867024198e-17
capture_2,capture,ar27_sqrt,10,47,0.5095469592530275,0.27270273593300115,0.5779315581185632,1.9247863004234906,0.34322601047521817,1.9551486891192404,-4.0245584642661925e-16,2.067790383364354e-15
capture_2,capture,ar27_sqrt,11,39,0.8200328390010467,0.28753605230987966,0.8689826456368772,2.0331735213201636,0.31597874709145857,2.0575804082491946,2.7755575615628914e-17,5.828670879282072e-16
capture_2,capture,ar27_sqrt,12,47,-0.09257650399022371,0.2591842160075267,0.27522148702179516,0.4978428187444024,0.1213554736120948,0.5124203578615779,0.0,-1.1622647289044608e-16
capture_2,capture,ar27_sqrt,13,41,-0.2588718730243773,0.10521709354154099,0.279437440971104,-0.19500357036789362,0.09677155398763097,0.2176950300705256,5.360295540768334e-16,3.642919299551295e-17
capture_2,capture,ar27_sqrt,14,20,-0.6394343872804722,0.20670245798134454,0.6720135726101688,-0.858934186278101,0.16112366370839706,0.8739157690327145,1.734723475976807e-16,6.002143226879753e-16
capture_2,capture,ar27_sqrt,15,44,0.3066005280668591,0.08996534430904972,0.31952722417271845,1.2364194190773024,0.21250629446652838,1.2545484865318488,-5.204170427930421e-17,3.677613769070831e-15
capture_2,capture,ar27_sqrt,16,48,0.5248780899544458,0.053878193503114,0.5276361142391479,1.1430562232713974,0.16614277466719055,1.1550675093402911,8.062127354602211e-16,-3.0184188481996443e-16
capture_2,capture,ar27_sqrt,17,48,0.03166728867448455,0.15400110336696085,0.15722327121083093,0.14972751291474085,0.20572598081528196,0.2544435247870219,0.0,2.0122792321330962e-16
capture_2,capture,ar27_sqrt,18,48,-0.06324620017943694,0.07764503391228622,0.10014406187277156,-0.3053962851001033,0.09193174268951491,0.3189331219344813,1.1275702593849246e-17,-4.5102810375396984e-17
capture_2,capture,ar27_sqrt,19,39,-0.12507519401243705,0.13894797545359733,0.18695011109893034,-0.7047498676936255,0.1054979511218687,0.7126024092753925,1.4224732503009818e-16,-7.181755190543981e-16
capture_3,capture,ar27_linear,0,43,-0.23608177642334205,0.10757471757164402,0.25943578207298196,0.7477644427808067,0.3555145001809564,0.8279747711894402,-6.245004513516506e-17,2.7755575615628914e-16
capture_3,capture,ar27_linear,1,48,-0.0861053316996907,0.07515296751180763,0.11428953002329013,0.8925032709778559,0.1270009090305697,0.9014939376394958,-3.642919299551295e-17,1.734723475976807e-17
capture_3,capture,ar27_linear,2,48,-0.3262920211758454,0.0618831612420468,0.332108429173858,0.28445657556176684,0.07570060349146972,0.2943571380980935,-2.2985086056692694e-17,1.8821749714348357e-16
capture_3,capture,ar27_linear,3,48,-0.24234330332016452,0.10205336348057235,0.26295468366588803,-0.003690681441007926,0.15553795580246552,0.1555817367967999,1.717376241217039e-16,1.0408340855860843e-17
capture_3,capture,ar27_linear,4,48,0.2026578883971677,0.15561882464530694,0.2555140667626441,0.2069084661535895,0.06538087448773046,0.2169925623490618,-7.147060721024445e-16,2.2551405187698492e-17
capture_3,capture,ar27_linear,5,38,0.48406524773027293,0.09349407319517396,0.49301146617781205,1.1440973679879,0.2804119221251876,1.1779599456292145,8.673617379884035e-16,-1.0824674490095276e-15
capture_3,capture,ar27_linear,6,42,0.32026876921781344,0.10284462630310816,0.33637642856733957,0.8940366152999317,0.053304209082750166,0.8956242561492492,-5.134781488891349e-16,4.0028744208164824e-16
capture_3,capture,ar27_linear,7,45,-0.06872239348685764,0.10600400921295444,0.12633137906230035,0.3265435182551002,0.06477792424713702,0.33290666677642294,-6.938893903907228e-18,1.506607338885857e-15
capture_3,capture,ar27_linear,8,45,-0.06029258083764599,0.16308503483320777,0.17387329838308335,0.17044163099067067,0.0917032354485719,0.19354542868922722,6.591949208711867e-17,5.811323644522304e-16
capture_3,capture,ar27_linear,9,39,-0.6863495033860652,0.14039927632285196,0.7005623438283539,-0.7415171419802928,0.10268468399259352,0.7485932247738296,-2.078198724220215e-15,8.291978215169138e-16
capture_3,capture,ar27_linear,15,44,0.5072252347994048,0.08776822822864838,0.5147627615744034,1.240414525957124,0.19374977489892786,1.2554549659302083,-1.4146669946590862e-15,-1.0894063429134349e-15
capture_3,capture,ar27_linear,16,48,0.6242212777402374,0.047958140977576225,0.6260608491749676,1.1930309527412084,0.1362061823498736,1.2007809868202113,1.8539857149502126e-15,-1.7728873924482969e-15
capture_3,capture,ar27_linear,17,48,0.1946081266183155,0.14342108570385698,0.24174765928621403,0.4067514718950451,0.1707569782460874,0.4411402333822212,1.734723475976807e-17,1.5612511283791264e-16
capture_3,capture,ar27_linear,18,48,0.11766860329683038,0.08214263679269164,0.1435037037190419,-0.005771750330211711,0.10189063546284303,0.1020539793290603,-3.391384395534658e-16,-1.734723475976807e-18
capture_3,capture,ar27_linear,19,39,0.02514322963275717,0.14937496043381773,0.1514762714122913,-0.3852810227583092,0.11699043440749375,0.4026514972535716,-3.122502256758253e-17,6.071532165918825e-17
capture_3,capture,ar27_log,0,43,-0.23492860776244662,0.06401961493622733,0.24349530147783766,0.8645415694662563,0.1978819310141465,0.8868987450419946,-1.268082860939046e-15,2.7755575615628914e-17
capture_3,capture,ar27_log,1,48,-0.051393981613151674,0.047081194110297576,0.06969921222585267,0.7985725099137383,0.0719547724148545,0.8018076719907344,-4.163336342344337e-17,4.423544863740858e-17
capture_3,capture,ar27_log,2,48,-0.11806684288749046,0.04086027438447672,0.12493734994866064,0.3292258865026265,0.03586258930984208,0.3311733830721406,1.0191500421363742e-17,8.933825901280557e-17
capture_3,capture,ar27_log,3,48,0.002369472237301551,0.05575348408784874,0.055803811577860414,0.03586125495671305,0.07255693796809747,0.08093539926618461,2.6020852139652106e-18,-4.336808689942018e-18
capture_3,capture,ar27_log,4,48,0.23871037713095866,0.13294074967417116,0.2732322950786294,-0.00085855262726936,0.0322134047502968,0.03222484380443504,5.551115123125783e-17,0.0
capture_3,capture,ar27_log,5,38,0.5076781744569256,0.15557276168463935,0.5309802378602235,0.6563013815960064,0.3855688881185805,0.7611799202355677,-2.6922908347160046e-15,-8.326672684688674e-17
capture_3,capture,ar27_log,6,42,0.40006363941941814,0.12170034922310208,0.418164908363357,0.6901383638578196,0.0867435268384097,0.6955684011775658,-4.562322741819003e-16,1.0443035325380379e-15
capture_3,capture,ar27_log,7,45,-0.02736981213563879,0.11732070774684779,0.12047097194993255,0.16187311603219712,0.10551890723980786,0.19322822122830985,3.469446951953614e-18,3.2959746043559335e-16
capture_3,capture,ar27_log,8,45,0.12717656435404567,0.21886912674646583,0.25313548380987444,0.20796269266028578,0.16950142198954138,0.2682894213251671,-2.7755575615628914e-17,-3.8163916471489756e-17
capture_3,capture,ar27_log,9,39,-0.813083132613265,0.17459950228226265,0.8316184021156658,-1.1223309054973591,0.1551072689981741,1.132998202262736,-9.8879238130678e-16,-2.275957200481571e-15
capture_3,capture,ar27_log,15,44,0.25147299632718934,0.08809262500469711,0.2664563350006786,0.6331378311294378,0.16585352948686422,0.6545005014899055,1.1093556628871681e-15,-8.881784197001252e-16
capture_3,capture,ar27_log,16,48,0.40967427354453445,0.049985989960945304,0.4127125023507501,0.657817807334304,0.1386905123894279,0.6722792023206977,1.3053794156725473e-16,7.28583859910259e-17
capture_3,capture,ar27_log,17,48,0.02368422796209435,0.13519796879939472,0.13725681557446454,-0.0993749577020484,0.1508122237541119,0.1806092717773487,3.469446951953614e-18,-1.734723475976807e-17
capture_3,capture,ar27_log,18,48,-0.048826936316167746,0.07150580064643537,0.08658607992114387,-0.5309229662320962,0.08633336868914601,0.5378965017751126,-1.448494102440634e-16,7.37257477290143e-17
capture_3,capture,ar27_log,19,39,-0.18117201241066283,0.11966932177524463,0.21712679395937057,-0.9320265545103881,0.08668329930284935,0.9360488730245512,-1.4519635493925875e-15,-3.391384395534658e-16
capture_3,capture,ar27_quadratic,0,43,-0.7840332134795265,0.3238707231500611,0.8482925940692767,0.01904321742810705,0.6946859012218533,0.6949468652252722,6.453171330633722e-15,-1.1102230246251565e-16
capture_3,capture,ar27_quadratic,1,48,-0.20740330089825942,0.13963254440017844,0.2500267519269922,1.0864684620943703,0.22949811042949106,1.1104427503551966,-5.204170427930421e-17,3.3306690738754696e-16
capture_3,capture,ar27_quadratic,2,48,-0.6272345406785179,0.18789119457397063,0.6547719221367275,0.2673808529078867,0.2801637358556359,0.3872779872266632,-2.706168622523819e-16,-1.3877787807814457e-17
capture_3,capture,ar27_quadratic,3,48,-0.3759817346222958,0.2014439039599272,0.42654649361143154,0.20211524151475202,0.3172535491524793,0.3761653696214088,1.734723475976807e-16,-1.3877787807814457e-17
capture_3,capture,ar27_quadratic,4,48,0.4053655077896927,0.17598161240987453,0.44191709947904834,0.8651208648361265,0.09596525268479701,0.8704271597886089,3.885780586188048e-16,-1.0408340855860843e-17
capture_3,capture,ar27_quadratic,5,38,0.6152138911039629,0.09780791827429024,0.6229402224005354,1.3598792311072785,0.20799772148823986,1.3756942157838792,-3.4867941867133823e-16,2.0122792321330962e-16
capture_3,capture,ar27_quadratic,6,42,0.19203890199073737,0.09236108811110458,0.21309507379307355,1.0069516604876023,0.03529486453406433,1.0075700343009504,2.0122792321330962e-16,6.886852199627924e-16
capture_3,capture,ar27_quadratic,7,45,-0.23204219152880903,0.10470310577653547,0.2545708526299601,0.5071647797981651,0.04391139708350965,0.5090622011714749,-1.9081958235744878e-17,2.198762005800603e-16
capture_3,capture,ar27_quadratic,8,45,-0.2525180147205779,0.14009378565398173,0.28877606642048015,0.33077474246954264,0.05856559559466359,0.33591942373603506,-2.0469737016526324e-16,-3.9898639947466563e-17
capture_3,capture,ar27_quadratic,9,39,-0.6213189978262026,0.12076202738504681,0.6329460990620778,-0.3108121629290199,0.07054721225477202,0.3187179156896203,-2.050443148604586e-15,4.414871246360974e-16
capture_3,capture,ar27_quadratic,15,44,0.7744201473168886,0.08425034631068731,0.7789895284429574,1.724694398863103,0.18763296393956216,1.734870859351353,-9.081277396738585e-16,-2.7755575615628914e-15
capture_3,capture,ar27_quadratic,16,48,0.7248041200932915,0.03932533167302491,0.725870163469614,1.6622680785227182,0.11530746850257274,1.6662625774973405,9.540979117872439e-18,-4.631711680858075e-16
capture_3,capture,ar27_quadratic,17,48,0.3171511434165286,0.13551518425366568,0.34489014618239877,1.000555923891648,0.15541183608608436,1.0125537001217846,-6.591949208711867e-17,-1.7694179454963432e-16
capture_3,capture,ar27_quadratic,18,48,0.32046101159918283,0.0802306614480445,0.33035165958651125,0.6784854994001974,0.09458721212118332,0.6850469426201345,-1.1449174941446927e-16,9.62771529167128e-16
capture_3,capture,ar27_quadratic,19,39,0.3257587756797502,0.153499475810044,0.3601123005484929,0.3857593097611294,0.1138524267349436,0.4022096718638403,1.0408340855860843e-17,-5.533767888366015e-16
capture_3,capture,ar27_sqrt,0,43,-0.2720493582876653,0.08022947469140487,0.28363289998515584,1.1243058744111876,0.25420967859452687,1.1526865401862891,1.682681771697503e-16,-2.7755575615628914e-16
capture_3,capture,ar27_sqrt,1,48,-0.03765152416615436,0.05897972225555762,0.06997317278341207,1.0477312963584948,0.09340076641878095,1.0518861975217033,1.474514954580286e-17,2.688821387764051e-16
capture_3,capture,ar27_sqrt,2,48,-0.16519660040793968,0.04860405130585509,0.172198346652001,0.4440838412557857,0.05060191180642528,0.4469575052988362,1.3010426069826053e-17,4.640385298237959e-17
capture_3,capture,ar27_sqrt,3,48,-0.09778769519766595,0.07264440886834184,0.12181807530864318,0.07705780825740727,0.10480841876205103,0.1300873185857745,-1.8041124150158794e-16,-6.938893903907228e-18
capture_3,capture,ar27_sqrt,4,48,0.13837940116970593,0.14003113106459336,0.19686943982070013,0.07372030431613313,0.045442232182462135,0.08660069130317656,5.342948306008566e-16,4.7704895589362195e-18
capture_3,capture,ar27_sqrt,5,38,0.4136331426340458,0.10721494182677223,0.4273024928972876,1.0350435547535,0.30330844733147,1.0785690401913954,1.4883927423881005e-15,-4.996003610813204e-16
capture_3,capture,ar27_sqrt,6,42,0.35294454529694264,0.11092637195177504,0.36996555522000735,0.9078743881927682,0.06483540336691786,0.9101865381701427,-8.344019919448442e-16,4.5597206566050374e-15
capture_3,capture,ar27_sqrt,7,45,-0.00615509377003802,0.1099692302110541,0.11014134905896956,0.3489273641415114,0.08016343061028365,0.35801743121523233,0.0,9.566999970012091e-16
capture_3,capture,ar27_sqrt,8,45,0.060633013805264646,0.1838482339091989,0.19358857268609905,0.2433411609809477,0.12100545549902178,0.2717668870338723,1.3183898417423734e-16,2.636779683484747e-16
capture_3,capture,ar27_sqrt,9,39,-0.7509634971313286,0.15484077089982579,0.7667606134619652,-0.8817684237849344,0.12678683189358156,0.8908369401443667,1.9186041644303486e-15,-9.783840404509192e-16
capture_3,capture,ar27_sqrt,15,44,0.32747828134525037,0.08970537074179695,0.3395424543304767,1.153807433700298,0.17475948127569935,1.1669672104895736,1.654926196081874e-15,-2.1996293675385914e-15
capture_3,capture,ar27_sqrt,16,48,0.5450448624247324,0.04934165258005615,0.5472736981939893,1.0955933359777155,0.13628129359293778,1.104036842148911,-6.930220286527344e-16,-3.9968028886505635e-15
capture_3,capture,ar27_sqrt,17,48,0.1572860247928694,0.14096092336921287,0.21120813315837114,0.2698474266389428,0.16294840525718413,0.3152297835540273,-3.469446951953614e-18,-1.97758476261356e-16
capture_3,capture,ar27_sqrt,18,48,0.05257206753747745,0.07754690954006312,0.09368748830222597,-0.2162436272093189,0.09635209914147044,0.23673832245247262,-9.454242944073599e-17,2.7755575615628914e-16
capture_3,capture,ar27_sqrt,19,39,-0.1426209008799706,0.13512925276179807,0.19647044642840417,-0.6712679721395165,0.1048305288680603,0.6794042465300434,1.2836953722228372e-16,1.5612511283791264e-17
capture_4,capture,ar27_linear,0,43,-0.14938679029639346,0.0694268042486568,0.16473158247051362,1.4279679374888894,0.37462463652639144,1.476291315692402,-3.165870343657673e-16,1.6653345369377348e-16
capture_4,capture,ar27_linear,1,48,0.21041339545255244,0.06653797557491314,0.22068325532192168,1.2500874033682257,0.11725177029485744,1.2555741689351496,5.247538514829841e-16,8.517492267046123e-16
capture_4,capture,ar27_linear,2,48,0.022206901155785514,0.07101827364653994,0.07440928470747223,0.4355309407839085,0.09405116300119307,0.44557022077557357,1.734723475976807e-18,-7.979727989493313e-17
capture_4,capture,ar27_linear,3,48,0.03883962820988618,0.10236856942639537,0.10948899819565808,-0.021811130937544332,0.15487389759054895,0.15640220454860138,-9.367506770274758e-17,3.469446951953614e-18
capture_4,capture,ar27_linear,4,48,0.3035767132382947,0.14381993865721815,0.33592111510878836,-0.023194687043288087,0.057207744461029324,0.06173102569498183,2.7755575615628914e-17,-4.336808689942018e-19
capture_4,capture,ar27_linear,5,38,-0.14914051625513736,0.1233525598475893,0.19354262478793094,1.0817885755331602,0.30949905498055474,1.125191622430562,-1.700029006457271e-16,3.191891195797325e-16
capture_4,capture,ar27_linear,6,42,0.0906847607085064,0.1082683660820359,0.14122947609770756,0.7703768470008105,0.05518289427092405,0.7723507222855593,1.4051260155412137e-16,-9.827208491408612e-16
capture_4,capture,ar27_linear,7,45,-0.07795723819151602,0.11586848099861695,0.13965255413122818,0.16582676012420805,0.07039843115866416,0.18015119617391598,-6.938893903907228e-18,-5.117434254131581e-17
capture_4,capture,ar27_linear,8,45,0.04037563992136661,0.16824011075384762,0.17301712968815192,-0.030604185994422828,0.08914182910105678,0.09424904188299846,1.3877787807814457e-17,-4.163336342344337e-17
capture_4,capture,ar27_linear,9,39,-0.6421788797124961,0.15377046158198415,0.6603325438019332,-1.0209000496427367,0.10456306709195112,1.026240881255574,-1.0477729794899915e-15,-1.285430095698814e-15
capture_4,capture,ar27_linear,10,47,0.06287156987587394,0.2997951073980907,0.30631673267794135,1.9347364549245567,0.22974883566553056,1.9483299714123652,-2.220446049250313e-16,-8.534839501805891e-16
capture_4,capture,ar27_linear,11,39,0.6302043193459195,0.23487400772457234,0.6725498372811171,1.7910071809305874,0.2105445123908025,1.8033401547802375,9.020562075079397e-16,6.938893903907228e-17
capture_4,capture,ar27_linear,12,47,0.15537498847459083,0.26121148906681113,0.3039289868768361,0.5551827292706699,0.09562623344539561,0.5633580028750658,0.0,-6.071532165918825e-16
capture_4,capture,ar27_linear,13,41,0.10601884444929066,0.10277072776832623,0.14765438653962923,-0.09692926241872124,0.08630684048824797,0.12978502466810654,-6.765421556309548e-17,-1.8214596497756474e-16
capture_4,capture,ar27_linear,14,20,-0.286797652587067,0.22642201444383142,0.36540364277638865,-0.7506673514971789,0.15906359028011827,0.7673348019975313,5.551115123125783e-17,1.3877787807814457e-16
capture_4,capture,ar27_log,0,43,-0.15194546866465863,0.05652090704168082,0.16211735989874013,0.6210713621333139,0.2990631811963137,0.6893246138136875,5.525094270986131e-16,2.220446049250313e-16
capture_4,capture,ar27_log,1,48,0.1681770983366535,0.04129639367785896,0.17317311724321807,0.4960187946543384,0.07392252034725871,0.5014969428270061,2.1597307275911248e-16,-2.2985086056692694e-16
capture_4,capture,ar27_log,2,48,0.13019108531491297,0.043643188022557025,0.13731149462534883,0.03322591980963002,0.0431601917797229,0.05446800805664216,-7.806255641895632e-18,1.1275702593849246e-17
capture_4,capture,ar27_log,3,48,0.24405163488940662,0.057786835006149374,0.25079975835758,-0.19502081178827696,0.06564385967953175,0.20577228517024496,3.5041414214731503e-16,9.540979117872439e-18
capture_4,capture,ar27_log,4,48,0.5287958863929809,0.1297347031463705,0.5444778991535034,-0.21502020739878583,0.02407669594048672,0.21636399163730438,-2.609024107869118e-15,3.577867169202165e-18
capture_4,capture,ar27_log,5,38,0.2847925212142517,0.16277941598796172,0.3280303620230158,0.5929022814658342,0.49339111700210136,0.7713416296972252,-1.0998146837692957e-15,-1.3600232051658168e-15
capture_4,capture,ar27_log,6,42,0.2495177026678279,0.12534074962998004,0.27922999026328965,0.2639653866838687,0.0957392714212978,0.2807912631465675,9.228728892196614e-16,-3.694961003830599e-16
capture_4,capture,ar27_log,7,45,-0.1966359411489991,0.12439050181279117,0.23267722340785876,-0.5262615981892873,0.11240293427488388,0.5381316654521896,-1.5612511283791264e-17,5.342948306008566e-16
capture_4,capture,ar27_log,8,45,-0.1023948454080097,0.20031228973600063,0.22496603695982514,-0.6923446651164067,0.13764883605148404,0.7058954153282747,-2.498001805406602e-16,-2.7755575615628914e-16
capture_4,capture,ar27_log,9,39,-0.9064113774393618,0.17042747123661392,0.9222944801437486,-1.9322919640467315,0.12301679082523369,1.9362038542324298,-5.967448757360216e-16,1.420738526825005e-15
capture_4,capture,ar27_log,10,47,0.3954343810740628,0.2837902613485513,0.48672914662233213,1.3440923696572087,0.3493778872262765,1.38875815254256,-2.4702462297909733e-15,-2.456368441983159e-15
capture_4,capture,ar27_log,11,39,0.8158171734128281,0.3155336194236865,0.874710881046937,1.3492966009581977,0.3607891479682401,1.396699726730479,4.996003610813204e-16,2.498001805406602e-16
capture_4,capture,ar27_log,12,47,-0.09418374016717172,0.26119716717813946,0.27765903020388555,-0.3379431630386205,0.12041525472863158,0.3587553693199709,-1.3877787807814457e-17,-1.734723475976807e-16
capture_4,capture,ar27_log,13,41,-0.20866907587909633,0.10464174222950252,0.23343666688217973,-1.0420317628008402,0.09261342753476658,1.046139303174087,3.122502256758253e-17,5.898059818321144e-16
capture_4,capture,ar27_log,14,20,-0.5260386555570982,0.21734319647008882,0.5691702137253438,-1.6505572945370073,0.14182155341694433,1.6566389876985634,-1.3739009929736312e-15,7.667477763817487e-16
capture_4,capture,ar27_quadratic,0,43,0.11976511465660344,0.06011342202201782,0.1340048737766898,1.6625680301691816,0.3959500372678771,1.7090666713013465,-2.1250362580715887e-17,-1.4155343563970746e-15
capture_4,capture,ar27_quadratic,1,48,0.38476866268011545,0.07959763257646106,0.3929156485715763,1.6388485245804705,0.1408325126706138,1.6448885321336233,6.635317295611287e-16,2.147587663259287e-15
capture_4,capture,ar27_quadratic,2,48,0.04841704772034689,0.11721120691883795,0.12681749696837974,0.7008084028546971,0.17331650494102266,0.7219217605784741,1.0408340855860843e-17,6.973588373426765e-16
capture_4,capture,ar27_quadratic,3,48,0.018048912885042512,0.18207524667450467,0.18296764388250056,0.1637327182189654,0.29696767123208084,0.33911384632948316,-3.469446951953614e-17,-6.938893903907228e-17
capture_4,capture,ar27_quadratic,4,48,0.4667469066432144,0.16903289341190525,0.49641191959522013,0.4231409844146582,0.10405018405749075,0.4357461801253151,1.304512053934559e-15,-1.734723475976807e-16
capture_4,capture,ar27_quadratic,5,38,-0.4520798220149249,0.2377717000022,0.51079501445784,0.9188552039312192,0.22951433552793088,0.947085907404554,2.581268532253489e-15,-2.643718577388654e-15
capture_4,capture,ar27_quadratic,6,42,-0.13155183132340031,0.10014271718965712,0.16533132833999808,0.6654711320865871,0.03610442159096095,0.6664498157393554,2.3765711620882257e-16,-1.0891895024789378e-15
capture_4,capture,ar27_quadratic,7,45,-0.16568074867594113,0.11458160463068116,0.20144243495738948,0.2333308714579836,0.045780859821936616,0.2377796936270588,-8.673617379884035e-18,7.719519468096792e-17
capture_4,capture,ar27_quadratic,8,45,-0.040838415149616836,0.14593493156955353,0.15154134882645917,0.08890334038960201,0.05777199290119136,0.1060255021030541,-1.491862189340054e-16,-1.691355389077387e-17
capture_4,capture,ar27_quadratic,9,39,-0.5250719449066885,0.12872551341976765,0.5406207590661638,-0.5813485477533993,0.07412888272787428,0.5860556502837156,-1.0408340855860843e-16,-4.961309141293668e-16
capture_4,capture,ar27_quadratic,10,47,-0.19180453021697375,0.33436428463562073,0.38547172743489755,1.8362535447309352,0.16951151798969719,1.8440610714583436,-4.579669976578771e-16,-1.294103713078698e-15
capture_4,capture,ar27_quadratic,11,39,0.3956043843727963,0.19827604099746676,0.442511262420076,1.6714839730166418,0.13841711942155394,1.6772054051309444,1.0477729794899915e-15,-2.987193825632062e-15
capture_4,capture,ar27_quadratic,12,47,0.19637896905718005,0.26117027071227167,0.3267638440707328,0.8033364036751212,0.06865160202392555,0.8062644850978659,1.3877787807814457e-17,-2.001003529539247e-15
capture_4,capture,ar27_quadratic,13,41,0.2560383207334205,0.10129707589716541,0.27534835984495293,0.3433186533241921,0.06355230873680537,0.3491512475505636,-3.122502256758253e-16,-9.020562075079397e-17
capture_4,capture,ar27_quadratic,14,20,-0.04208802046274229,0.20042269929192175,0.20479418902383967,-0.1382099966147452,0.12881261630392546,0.18893039269347373,-1.3183898417423734e-16,-6.938893903907228e-18
capture_4,capture,ar27_sqrt,0,43,-0.22075637527622405,0.06819372221093475,0.23104926092519668,1.0446648302255195,0.35152000115185716,1.1022209028683474,4.154662724964453e-16,-1.249000902703301e-16
capture_4,capture,ar27_sqrt,1,48,0.14079817947773332,0.055282049822825335,0.1512621313378109,0.875365380540038,0.09841251968969061,0.880879999477613,-1.8735013540549517e-16,1.8561541192951836e-16
capture_4,capture,ar27_sqrt,2,48,0.04073091113220669,0.05499343502220505,0.06843453088318213,0.2213895653045309,0.06538932578459741,0.2308443275289505,1.3010426069826053e-18,8.673617379884035e-19
capture_4,capture,ar27_sqrt,3,48,0.11875767131535486,0.0745493634525659,0.1402176596846082,-0.11938345649728566,0.10178132545344853,0.15688163658089527,-2.862293735361732e-17,-1.214306433183765e-17
capture_4,capture,ar27_sqrt,4,48,0.38662033906955173,0.13483865548155405,0.40945909392066066,-0.14431114971915734,0.037140258497510195,0.1490137803511035,1.734723475976807e-17,-8.673617379884035e-18
capture_4,capture,ar27_sqrt,5,38,0.08581812294877444,0.10233298960082164,0.13355444952188164,0.9289725835201663,0.380674988897247,1.003943976576408,-3.469446951953614e-18,-4.440892098500626e-16
capture_4,capture,ar27_sqrt,6,42,0.19165581485546923,0.11504154534138583,0.2235318959845501,0.608715052399246,0.07219721641107187,0.6129816090837674,-3.157196726277789e-16,8.387388006347862e-16
capture_4,capture,ar27_sqrt,7,45,-0.10893383969254719,0.11888317615279692,0.16124450689043182,-0.08988475811128227,0.08971868134080746,0.12699886425577683,1.734723475976807e-18,1.5092094240998222e-16
capture_4,capture,ar27_sqrt,8,45,0.0019018275629072434,0.18413523615577343,0.1841450573385598,-0.2845537572619481,0.11242179861426893,0.30595669885714,-1.3877787807814457e-17,-2.636779683484747e-16
capture_4,capture,ar27_sqrt,9,39,-0.7560599407034978,0.16591249841840522,0.7740501218060851,-1.4327437849005755,0.11837590795528984,1.4376256845074329,1.2906342661267445e-15,-9.905271047827569e-16
capture_4,capture,ar27_sqrt,10,47,0.25014424139727964,0.28571924836233864,0.379746797733647,1.734472478142763,0.281147985941834,1.7571109718608686,-8.743006318923108e-16,-7.216449660063518e-16
capture_4,capture,ar27_sqrt,11,39,0.7390715527534839,0.2681331492532591,0.7862074445195218,1.6517541800233788,0.27358574922499357,1.6742583532429238,8.049116928532385e-16,1.5404344466674047e-15
capture_4,capture,ar27_sqrt,12,47,0.05028840553688179,0.26138643604645184,0.2661800005269137,0.18902435882793478,0.11071802024818687,0.21906320603421764,2.7755575615628914e-17,3.2439329000766293e-16
capture_4,capture,ar27_sqrt,13,41,-0.04262386444853039,0.10438881744738783,0.11275557205118855,-0.5235400160469972,0.09422040685573899,0.5319507810601951,1.734723475976807e-17,5.898059818321144e-16
capture_4,capture,ar27_sqrt,14,20,-0.4165526867256304,0.22871224733071516,0.47521093516185725,-1.1965443795794009,0.15922952661177098,1.2070925790709102,-5.204170427930421e-16,-2.1510571102112408e-16
gaze_+0,gaze,ar27_linear,0,43,-0.4350756743086013,0.11340170219794242,0.44961181972505626,-0.0701611600000211,0.5010781471375394,0.505966301161785,1.582067810090848e-15,0.0
gaze_+0,gaze,ar27_linear,1,48,-0.27055850428145334,0.081593931912949,0.28259418600535946,0.455744835245686,0.14790541664549414,0.4791444115568863,-4.761815941556335e-16,1.7694179454963432e-16
gaze_+0,gaze,ar27_linear,3,48,-0.26360487894441675,0.1083662915407318,0.2850101495483826,0.0009144439354647482,0.1591113903168338,0.15911401803821984,-6.765421556309548e-17,3.469446951953614e-18
gaze_+0,gaze,ar27_linear,4,48,0.44683586392035046,0.15896057341891837,0.4742686508584734,0.37771674014768597,0.06309089686309238,0.38294960119418303,-7.4593109467002705e-16,-4.9439619065339e-17
gaze_+0,gaze,ar27_linear,5,38,0.23316334878405875,0.09491449306643894,0.2517417490410679,0.9135793674956405,0.37436047846262827,0.9873059447549685,2.8102520310824275e-16,-1.6653345369377348e-15
gaze_+0,gaze,ar27_linear,6,42,0.22166208557040967,0.10849159624564791,0.24678838432015582,0.6894583775757726,0.061731031056929564,0.6922164217965125,6.245004513516506e-16,-7.658804146437603e-16
gaze_+0,gaze,ar27_linear,8,45,-0.12528734455641022,0.16455671402304375,0.20682318737525135,0.04887433932208385,0.09056505229853737,0.1029112712097515,-1.2836953722228372e-16,2.949029909160572e-17
gaze_+0,gaze,ar27_linear,9,39,-0.7147646801249401,0.14116308104731967,0.7285709048575001,-0.795541261281675,0.0992408073549507,0.8017073258029401,-3.6741443221188774e-15,8.378714388967978e-16
gaze_+0,gaze,ar27_linear,10,47,0.38142936619792245,0.27806656825957043,0.4720268824778975,1.6430953619633142,0.2891258842179168,1.6683393376139486,-3.608224830031759e-16,2.0816681711721685e-15
gaze_+0,gaze,ar27_linear,11,39,0.7197986495387765,0.26152691833180275,0.765837074637924,1.6785480194065103,0.2508005327796398,1.697181298711503,-2.525757381022231e-15,-6.591949208711867e-15
gaze_+0,gaze,ar27_linear,13,41,-0.07868155500500063,0.10605833831607525,0.13205740503421967,-0.011089018086830826,0.07915616801831553,0.07992912646509943,-6.938893903907228e-17,0.0
gaze_+0,gaze,ar27_linear,14,20,-0.32128720466395677,0.2165793179264357,0.38746879723954464,-0.49006909940968235,0.1528187458708132,0.5133432489920808,-2.0816681711721685e-17,1.5959455978986625e-16
gaze_+0,gaze,ar27_linear,15,44,0.30232884172697716,0.08922743308675564,0.3152209754366431,0.8744857477380408,0.22593336901155137,0.9032005371067205,1.6948248360293405e-15,-1.6861512186494565e-15
gaze_+0,gaze,ar27_linear,16,48,0.5140840080623468,0.05231423504190502,0.5167389539539917,0.957231357598157,0.1502240077215364,0.9689474312186033,-1.171372027153339e-15,-1.0547118733938987e-15
gaze_+0,gaze,ar27_linear,18,48,0.07779730816531849,0.08423484551551291,0.11466442498347863,-0.055158524357455496,0.09808804722670797,0.11253322983919391,-5.811323644522304e-17,-6.071532165918825e-17
gaze_+0,gaze,ar27_linear,19,39,0.15045019607373789,0.15786721332987722,0.21807640528761438,-0.31571306742214067,0.11776187771265786,0.336960829746587,6.973588373426765e-16,2.498001805406602e-16
gaze_+0,gaze,ar27_log,0,43,-0.293885290836327,0.05403849281734983,0.298812186625513,0.5833941798959383,0.25803472652985016,0.637911192276628,-2.8401760110430274e-15,4.163336342344337e-17
gaze_+0,gaze,ar27_log,1,48,-0.11993683886822115,0.046256264769165195,0.12854760732155554,0.6152753185940858,0.07521740425947793,0.6198559313054826,7.892991815694472e-17,-3.859759734048396e-16
gaze_+0,gaze,ar27_log,3,48,0.020064690174949718,0.058959320182753634,0.062279958479667975,0.060583167748368916,0.07489020794579682,0.09632685742092764,-1.691355389077387e-17,2.6020852139652106e-17
gaze_+0,gaze,ar27_log,4,48,0.5107971635225148,0.13497115457772207,0.5283284535501478,0.11839187583194283,0.03257161130366725,0.1227906597666261,6.349087922075114e-16,-2.0599841277224584e-17
gaze_+0,gaze,ar27_log,5,38,0.2974413483223426,0.1910211419701766,0.3534974290874039,0.5073912352432055,0.4666062562685451,0.6893237729765099,6.522560269672795e-16,-2.0816681711721685e-15
gaze_+0,gaze,ar27_log,6,42,0.3587278063999051,0.133476550711256,0.3827553117518573,0.4829981382333859,0.09679401961386144,0.49260154665807193,-8.396061623727746e-16,-9.246076126956382e-16
gaze_+0,gaze,ar27_log,8,45,0.028261213491196813,0.21125586087078593,0.21313783085189716,-0.027416560883837704,0.15526902454085065,0.15767097955097664,5.551115123125783e-17,2.7755575615628914e-17
gaze_+0,gaze,ar27_log,9,39,-0.9131053680126158,0.16402463534848236,0.9277205905307141,-1.2365308476169812,0.141214864624525,1.24456826855713,-1.5265566588595902e-16,-1.8388068845354155e-16
gaze_+0,gaze,ar27_log,10,47,0.3580865788412986,0.2915204941393212,0.4617468965239515,1.1929545149829286,0.32558381037298556,1.236586144348684,1.2351231148954867e-15,-2.345346139520643e-15
gaze_+0,gaze,ar27_log,11,39,0.917183390433145,0.3619737775029083,0.9860275793740073,1.5593115871065573,0.37755626750557403,1.6043694589518671,2.498001805406602e-16,-4.440892098500626e-15
gaze_+0,gaze,ar27_log,13,41,-0.24417873324791817,0.10754812327555699,0.26681426609282516,-0.5153362684259428,0.09732320518307516,0.5244456843394576,5.30825383648903e-16,-3.0704605524789486e-16
gaze_+0,gaze,ar27_log,14,20,-0.6092585204976331,0.2125835734284765,0.6452811174136317,-1.0858164422772731,0.16672145076015507,1.09854148235888,-9.71445146547012e-17,-2.42861286636753e-16
gaze_+0,gaze,ar27_log,15,44,0.06518833319708683,0.09101505741708081,0.1119520408998813,0.4660895428915559,0.18163053594351056,0.5002290611109941,-2.3592239273284576e-16,2.498001805406602e-16
gaze_+0,gaze,ar27_log,16,48,0.3594190104034123,0.05495988142518328,0.36359677337077495,0.5172359060954048,0.14734816531932668,0.537814526000652,2.875304161431558e-16,-7.28583859910259e-17
gaze_+0,gaze,ar27_log,18,48,-0.06189172237674345,0.07349905266614912,0.09608691920121765,-0.562046730037461,0.08005673116519046,0.5677196552442568,8.066464163292153e-17,-2.680147770384167e-16
gaze_+0,gaze,ar27_log,19,39,-0.05653213641365795,0.12474739200439931,0.13695909703043438,-0.8674258939891382,0.08886810047019597,0.871966295704161,2.3765711620882257e-16,-2.0296264668928643e-16
gaze_+0,gaze,ar27_quadratic,0,43,-0.8398666754976798,0.27706202204298574,0.8843864521068153,0.04594789449947817,0.681559517136992,0.6831065688521412,7.521760991835436e-15,1.6653345369377348e-16
gaze_+0,gaze,ar27_quadratic,1,48,-0.16725072974107125,0.12158307376133694,0.20677342775167148,1.0578769372665775,0.20815366390379594,1.0781611949041243,1.5785983631388945e-16,2.2898349882893854e-16
gaze_+0,gaze,ar27_quadratic,3,48,-0.14039959202559338,0.19632270039179953,0.24135999695492447,0.3663634239748905,0.3131320450176891,0.48194795989148614,-1.942890293094024e-16,9.71445146547012e-17
gaze_+0,gaze,ar27_quadratic,4,48,0.6187561590297275,0.1664919596083695,0.6407641976198851,0.9838624754734938,0.0843105497972345,0.9874682979478094,-1.1934897514720433e-15,5.022024462952857e-16
gaze_+0,gaze,ar27_quadratic,5,38,0.045623954629411045,0.12274866205564908,0.13095334769481293,0.8208504793000939,0.2318771953956792,0.8529727680950673,6.765421556309548e-17,1.4988010832439613e-15
gaze_+0,gaze,ar27_quadratic,6,42,-0.13319864164643214,0.09577525950993426,0.16405724144532646,0.6466745701203953,0.037223063205618634,0.6477449776530939,2.411265631607762e-16,-4.0570845294407576e-16
gaze_+0,gaze,ar27_quadratic,8,45,-0.3465338649350338,0.13940719868640958,0.3735238768705476,0.1780416451274789,0.05721851328746025,0.18701012181838336,-2.8796409701215e-16,1.8951853975046618e-16
gaze_+0,gaze,ar27_quadratic,9,39,-0.6698664780996921,0.11975295727505514,0.6804864945447529,-0.40193987090834105,0.06859869867850626,0.4077516907214477,-5.672545766444159e-16,7.806255641895632e-16
gaze_+0,gaze,ar27_quadratic,10,47,0.24625990191120195,0.2741868567200987,0.3685408684085974,1.64575380067875,0.18237559438778697,1.6558280194141082,3.885780586188048e-16,-1.4988010832439613e-15
gaze_+0,gaze,ar27_quadratic,11,39,0.3498778753210976,0.19992157272527764,0.40296794274502085,1.6307606051374854,0.15431102000572217,1.638045189292281,4.2327252813834093e-16,-8.673617379884035e-17
gaze_+0,gaze,ar27_quadratic,13,41,0.012119716858151719,0.10476726771154285,0.10546595621556681,0.45713573432118526,0.05657371785108513,0.4606231270191098,0.0,-4.982993184743378e-16
gaze_+0,gaze,ar27_quadratic,14,20,-0.14078148022094794,0.1898103356494144,0.23632052109908774,0.083739556282874,0.11787431567946415,0.14459138142833583,-1.3877787807814457e-16,-8.847089727481716e-17
gaze_+0,gaze,ar27_quadratic,15,44,0.4255350366830033,0.08834548475689073,0.43460901063109175,1.428174327289236,0.17204742957060415,1.438499992057669,1.4328815911568427e-15,2.636779683484747e-16
gaze_+0,gaze,ar27_quadratic,16,48,0.5820791224388158,0.029912437593778297,0.5828472001321982,1.4647046023360057,0.11028659659829287,1.4688508111763803,-8.750595734130506e-16,-1.0044048925905713e-15
gaze_+0,gaze,ar27_quadratic,18,48,0.35675023317995613,0.07686033052729721,0.3649359386011719,0.6263147125241755,0.08681915245718343,0.6323034748897272,-1.5525775109992423e-16,-3.7816971776294395e-16
gaze_+0,gaze,ar27_quadratic,19,39,0.40374544794906164,0.15328406094057243,0.4318638559523366,0.3809813565012057,0.11135932202707188,0.39692277914454316,-1.0443035325380379e-15,-8.326672684688674e-17
gaze_+0,gaze,ar27_sqrt,0,43,-0.3537306060165921,0.0680377263478132,0.3602144831061675,0.6680539149835537,0.33512882824559304,0.7474004046333647,-2.0122792321330962e-15,-9.71445146547012e-17
gaze_+0,gaze,ar27_sqrt,1,48,-0.14491100712016536,0.05959795926083916,0.15668795975644564,0.7623477180205814,0.10076995157169755,0.7689789504992647,2.693158196453993e-16,3.157196726277789e-16
gaze_+0,gaze,ar27_sqrt,3,48,-0.09999498952995367,0.07826654437818677,0.12698287246710985,0.0948268236466675,0.10826840002748132,0.14392419159900421,6.245004513516506e-17,-1.9081958235744878e-17
gaze_+0,gaze,ar27_sqrt,4,48,0.4053586410115848,0.14373413006264096,0.43008734925317577,0.22528092661709354,0.04561684012460536,0.22985297909840113,9.71445146547012e-17,-5.681219383824043e-17
gaze_+0,gaze,ar27_sqrt,5,38,0.17654837954683167,0.11920711623281066,0.21302503815550522,0.8252618976308268,0.38803550239085205,0.9119368129409808,-5.048045315092509e-16,-7.771561172376096e-16
gaze_+0,gaze,ar27_sqrt,6,42,0.2897905820767779,0.11954951008591236,0.31348152548783415,0.6943820093363842,0.07452770188563183,0.6983700689737414,1.8908485888147197e-16,4.2760933682828295e-16
gaze_+0,gaze,ar27_sqrt,8,45,0.0038818658012349516,0.18375805478764778,0.18379905217774914,0.0929021106950012,0.11715318030410572,0.14951812541278273,-1.3877787807814457e-17,5.898059818321144e-17
gaze_+0,gaze,ar27_sqrt,9,39,-0.7901319282364945,0.15203056529232353,0.8046252275449899,-0.9423640638206772,0.1206993089405922,0.9500622884628979,2.473715676742927e-15,6.071532165918825e-16
gaze_+0,gaze,ar27_sqrt,10,47,0.2947512690582226,0.2871467866679743,0.4114991952667423,1.550368582859905,0.28854896121028617,1.5769918343905782,6.106226635438361e-16,-4.551914400963142e-15
gaze_+0,gaze,ar27_sqrt,11,39,0.8191655340464665,0.30157492946357933,0.8729144346673349,1.721068417305558,0.2942389827019292,1.7460392538508758,-2.7755575615628914e-15,-1.6653345369377348e-15
gaze_+0,gaze,ar27_sqrt,13,41,-0.10874732241252172,0.1062119455305449,0.1520097283244612,-0.17313326972342136,0.09044928493839346,0.19533612628233796,1.1622647289044608e-16,-1.8388068845354155e-16
gaze_+0,gaze,ar27_sqrt,14,20,-0.46967572579620587,0.21822981765394517,0.5178991607595704,-0.7412888009546021,0.165973778082529,0.7596422720147299,4.718447854656915e-16,6.002143226879753e-16
gaze_+0,gaze,ar27_sqrt,15,44,0.14106962305759652,0.09196768257347858,0.16840039544949956,0.8899122413557254,0.1947966227978494,0.9109827229800896,-6.47051856539349e-16,1.5265566588595902e-16
gaze_+0,gaze,ar27_sqrt,16,48,0.471542222175489,0.05392504687321131,0.4746156107572494,0.9006420191555549,0.14718904772606564,0.9125900845610261,5.598820018715145e-16,-2.0816681711721685e-16
gaze_+0,gaze,ar27_sqrt,18,48,0.029798505755970872,0.08000720884432594,0.08537625203971018,-0.253713879276118,0.09140163186980736,0.2696757142306295,-1.0061396160665481e-16,-2.0643209364124004e-16
gaze_+0,gaze,ar27_sqrt,19,39,-0.0010464719792739885,0.14330693625685842,0.14331075703843965,-0.5903571676589543,0.10751031250437848,0.6000667068760701,-6.938893903907228e-18,-2.983724378680108e-16
gaze_+10,gaze,ar27_linear,0,43,-0.40296296562477174,0.1400416649735732,0.4266038204161835,-0.0961582496760412,0.5096842105639577,0.5186756245274735,1.8388068845354155e-15,0.0
gaze_+10,gaze,ar27_linear,1,48,-0.41857042228048424,0.08095257989547187,0.4263267744345828,0.5822888246172844,0.1502813869901145,0.601369080141182,-1.474514954580286e-17,3.0184188481996443e-16
gaze_+10,gaze,ar27_linear,2,48,-0.48986651322990576,0.07706230814835252,0.495890915546128,0.31296135768131605,0.10418816035544391,0.32984842603836134,-3.729655473350135e-17,-1.734723475976807e-18
gaze_+10,gaze,ar27_linear,3,48,-0.20090338318024425,0.11061438047989475,0.22934190751412697,0.3924679670498352,0.1638683370523286,0.4253045227228675,-6.054184931159057e-16,0.0
gaze_+10,gaze,ar27_linear,5,38,0.4784937607166668,0.0854127785059989,0.48605722068177554,0.6317100650893614,0.38270850929524886,0.7385955655310937,-1.3643600138557588e-15,-5.828670879282072e-16
gaze_+10,gaze,ar27_linear,6,42,-0.06853197555975665,0.10372129145211963,0.12431708641461396,0.6870781093024654,0.06387009902409874,0.6900403740593731,-3.122502256758253e-17,8.205242041370298e-16
gaze_+10,gaze,ar27_linear,7,45,-0.3754748188447523,0.11831491891974073,0.3936746875600263,0.2862415061758936,0.07270955652361194,0.29533181248843626,-5.377642775528102e-17,4.2760933682828295e-16
gaze_+10,gaze,ar27_linear,8,45,-0.10127675581895268,0.17164286401736834,0.19929439038090452,0.3187553928491722,0.09194105435395358,0.33175014385248763,-1.97758476261356e-16,-5.100087019371813e-16
gaze_+10,gaze,ar27_linear,10,47,0.5979281451219496,0.23539575609555605,0.6425956961548795,1.4289782629488714,0.27702588597498135,1.4555831193994377,5.412337245047638e-16,7.355227538141662e-16
gaze_+10,gaze,ar27_linear,11,39,0.4318470692681995,0.2439676084473683,0.49599605362045085,1.721948247072123,0.2512927366364335,1.7401878648815419,-3.400058012914542e-16,-6.078471059822732e-15
gaze_+10,gaze,ar27_linear,12,47,-0.1792743854505488,0.26899461189700885,0.323260586073054,0.6458882583302503,0.1006349167856366,0.653681136889643,0.0,5.724587470723463e-17
gaze_+10,gaze,ar27_linear,13,41,-0.06778314830859156,0.10891641639710707,0.1282861682154882,0.27756628488183743,0.08311002495768739,0.2897418139509261,3.469446951953614e-18,3.0184188481996443e-16
gaze_+10,gaze,ar27_linear,15,44,0.42860677045087847,0.07861085352342623,0.43575615884117563,0.7713975795480255,0.21592210816088728,0.8010471787137101,2.297641243931281e-15,3.5388358909926865e-16
gaze_+10,gaze,ar27_linear,16,48,0.31178118388277554,0.04751901914670404,0.31538161614781834,1.0655377444989251,0.15148734165752814,1.0762523401295443,-9.84455572616838e-17,-9.8879238130678e-16
gaze_+10,gaze,ar27_linear,17,48,0.0029537662258886065,0.1607599464543637,0.16078708007463494,0.4392445752492846,0.20386804932345254,0.48424991318623317,-1.3877787807814457e-17,2.1510571102112408e-16
gaze_+10,gaze,ar27_linear,18,48,0.09843617320157083,0.08446898841305839,0.12971002350664637,0.2709619044619984,0.09497452357238653,0.28712456146675236,-2.888314587501384e-16,-1.196959198423997e-16
gaze_+10,gaze,ar27_log,0,43,-0.15397606196310143,0.05744020547637574,0.1643411234683329,0.48440930613312116,0.27215996950971416,0.5556288553269175,7.233796894823286e-16,2.3592239273284576e-16
gaze_+10,gaze,ar27_log,1,48,-0.2603090606362546,0.04569096810408626,0.26428861423757577,0.6190394372063207,0.07831513311996115,0.6239736251575984,2.5196858488563123e-16,-3.9898639947466563e-16
gaze_+10,gaze,ar27_log,2,48,-0.2452867200430482,0.047246989805952065,0.24979562261016602,0.32473293704316,0.049497617826477554,0.32848362907635603,4.466912950640278e-17,1.3053794156725473e-16
gaze_+10,gaze,ar27_log,3,48,-0.0491822626685785,0.05942197171574309,0.0771353724551038,0.22640077048698992,0.08238894430192742,0.24092581227483437,-3.729655473350135e-17,-5.204170427930421e-17
gaze_+10,gaze,ar27_log,5,38,0.4212110196254102,0.16501346882486972,0.45238055655331993,0.2142369307419587,0.4916772196431736,0.5363244827618598,-2.4424906541753444e-15,8.326672684688674e-17
gaze_+10,gaze,ar27_log,6,42,0.04244984250437156,0.12535161689011162,0.13234431225259044,0.4491442217408945,0.0996369745465133,0.46006310286743834,-1.1102230246251565e-16,-1.2195106036116954e-15
gaze_+10,gaze,ar27_log,7,45,-0.31357763564501284,0.1313710471734079,0.3399842431821718,0.04722025419173903,0.11725985461443403,0.12641054509071137,-7.28583859910259e-17,1.1622647289044608e-16
gaze_+10,gaze,ar27_log,8,45,-0.04609271502545109,0.20818602254323687,0.21322748031337466,0.2797799177162066,0.1640828329669177,0.32434546155563315,6.938893903907228e-18,-2.7755575615628914e-17
gaze_+10,gaze,ar27_log,10,47,0.5012055300091216,0.24887134608872263,0.5595926466776844,0.9728896760642103,0.32162606870951593,1.0246744116380875,-1.5057399771478686e-15,-1.304512053934559e-15
gaze_+10,gaze,ar27_log,11,39,0.6022080392285449,0.3335775249135799,0.6884246419463498,1.5667878470718968,0.38556353717541997,1.6135313442667962,1.2073675392798577e-15,3.885780586188048e-15
gaze_+10,gaze,ar27_log,12,47,-0.2776885523359794,0.2731757952695158,0.389532986048145,0.18388771239600032,0.13015484848499653,0.22528864896924183,-4.163336342344337e-17,-2.706168622523819e-16
gaze_+10,gaze,ar27_log,13,41,-0.3051113981521745,0.11040022244034614,0.3244706063686692,-0.2678256511283714,0.1047851013893516,0.28759432691816594,-7.806255641895632e-16,1.0234868508263162e-16
gaze_+10,gaze,ar27_log,15,44,0.2480690478263501,0.07785260297594433,0.25999861591862705,0.3228977225199041,0.1755224470173363,0.36752016082862043,-2.393918396847994e-16,4.198030811863873e-16
gaze_+10,gaze,ar27_log,16,48,0.17275339084352215,0.049507939049726224,0.179707456931775,0.5447776449317652,0.15192219974888196,0.5655643528317003,-3.6038880213418167e-16,3.3306690738754696e-16
gaze_+10,gaze,ar27_log,17,48,-0.13374101798335405,0.14673072624722294,0.19853605696764834,-0.11114865993601364,0.17402019594138274,0.20648741656829553,0.0,-3.8163916471489756e-17
gaze_+10,gaze,ar27_log,18,48,-0.11870773604260076,0.07303068643472015,0.13937362647748655,-0.3480007122619595,0.08436032785892082,0.35807982441251224,-2.5066754227864863e-16,-1.4311468676808659e-16
gaze_+10,gaze,ar27_quadratic,0,43,-0.6615283630384816,0.2657986424117398,0.7129296553042918,0.01563489839020321,0.6413945150678794,0.6415850481478135,-8.465450562766819e-16,5.551115123125783e-17
gaze_+10,gaze,ar27_quadratic,1,48,-0.27207106819647375,0.11978623143838829,0.29727328738348163,0.9777712983760473,0.20969606085133077,1.000004574921808,6.678685382510707e-16,-2.1510571102112408e-16
gaze_+10,gaze,ar27_quadratic,2,48,-0.4765439633064359,0.16836697650256452,0.5054122948053609,0.34249294585694967,0.2637198425162552,0.43226100136210516,1.3530843112619095e-16,-2.7755575615628914e-17
gaze_+10,gaze,ar27_quadratic,3,48,-0.2501329985352889,0.19422936495971782,0.3166884323257013,0.3986835130290024,0.31935405125845423,0.5108185133844835,1.734723475976807e-16,-4.0245584642661925e-16
gaze_+10,gaze,ar27_quadratic,5,38,0.38911524320527846,0.08144914910845,0.39754828182900304,0.3943092435315565,0.21988220647756174,0.45147310469159685,-1.0972125985553305e-15,1.5265566588595902e-16
gaze_+10,gaze,ar27_quadratic,6,42,-0.31528808852563994,0.09173093782974905,0.3283613005840921,0.463862056604591,0.039631909798705754,0.4655520334309938,-5.984795992119984e-16,-3.959506333917062e-16
gaze_+10,gaze,ar27_quadratic,7,45,-0.5340266646527188,0.11757644533029542,0.5468168789061061,0.23572809438938247,0.0472652771898445,0.24041992619640068,-1.1275702593849246e-16,3.0531133177191805e-16
gaze_+10,gaze,ar27_quadratic,8,45,-0.1445828047781177,0.15843148594659268,0.21448711657522088,0.2662974910840523,0.061176439095061534,0.27323416780851806,-2.983724378680108e-16,7.190428807923865e-16
gaze_+10,gaze,ar27_quadratic,10,47,0.540330407782287,0.23041327818094345,0.5874072082774099,1.2711935707661635,0.16787411391190551,1.2822304053792135,-1.061650767297806e-15,5.7870375158586285e-15
gaze_+10,gaze,ar27_quadratic,11,39,0.16113666713653707,0.18976830456681185,0.2489518726863353,1.4891153037237181,0.15519546872893616,1.497180690931517,-9.71445146547012e-17,-5.793976409762536e-16
gaze_+10,gaze,ar27_quadratic,12,47,-0.16225901325728373,0.2687607273654632,0.31394317313367437,0.7969287056901901,0.07124088562355994,0.8001066339791654,5.551115123125783e-17,-7.979727989493313e-16
gaze_+10,gaze,ar27_quadratic,13,41,0.08472063157577558,0.10749825116414227,0.13687022838421475,0.5259365636758018,0.06274644412620997,0.5296662961352112,-2.1163626406917047e-16,-9.922618282587337e-16
gaze_+10,gaze,ar27_quadratic,15,44,0.5779313018457248,0.07640244288806511,0.5829596237582494,1.1672368245277425,0.16010629888369105,1.1781663004329412,1.3374717999781183e-15,2.123301534595612e-15
gaze_+10,gaze,ar27_quadratic,16,48,0.4324513059551327,0.026396788183100952,0.43325618570158303,1.3747368519967442,0.11209989930694692,1.3792997497507742,1.3209919269563386e-15,2.5951463200613034e-15
gaze_+10,gaze,ar27_quadratic,17,48,0.2305910205260737,0.14713346284828904,0.27353331540597564,0.8529264718853415,0.18763341322661728,0.873321168987588,-3.122502256758253e-17,3.95516952522712e-16
gaze_+10,gaze,ar27_quadratic,18,48,0.32075042336240767,0.08363112030457485,0.3314739784214769,0.6782918198026859,0.08923358319526171,0.6841362621445416,-2.7668839441830073e-16,-3.122502256758253e-17
gaze_+10,gaze,ar27_sqrt,0,43,-0.24614539513993705,0.08222276612644185,0.25951519958969665,0.461668763408149,0.3585659306334249,0.5845575880251864,7.788908407135864e-16,5.551115123125783e-17
gaze_+10,gaze,ar27_sqrt,1,48,-0.3370118822154531,0.05927221119665513,0.34218445869814557,0.7451441754726905,0.10586170442835027,0.752626429714869,-4.3368086899420177e-16,-3.677613769070831e-16
gaze_+10,gaze,ar27_sqrt,2,48,-0.3560788833210358,0.0586498584200797,0.36087667843717924,0.42840831603996676,0.07030830363518248,0.4341393126776899,1.3877787807814457e-17,-3.382710778154774e-17
gaze_+10,gaze,ar27_sqrt,3,48,-0.11418588525527351,0.08008876241864839,0.1394726720805241,0.3744645127847027,0.11633550237503167,0.3921193956538438,2.1250362580715887e-16,-8.500145032286355e-17
gaze_+10,gaze,ar27_sqrt,5,38,0.41401594986597345,0.11389576145573535,0.4293966129593992,0.5278504507568469,0.4208077127041784,0.675059426595563,-1.9671764217576992e-15,1.5265566588595902e-15
gaze_+10,gaze,ar27_sqrt,6,42,-0.022826157390184676,0.11311543171686028,0.11539555603962033,0.6600061469861691,0.07783155316369289,0.6645794645694384,-8.673617379884035e-18,-2.2551405187698492e-17
gaze_+10,gaze,ar27_sqrt,7,45,-0.329749671127054,0.12299755769470058,0.35194210433999146,0.25785177182883157,0.09032967140715993,0.2732160057020694,-1.9081958235744878e-17,-7.979727989493313e-17
gaze_+10,gaze,ar27_sqrt,8,45,-0.06714069846388959,0.18422517935215252,0.1960785304350062,0.3610770450409193,0.11933043313627646,0.38028461016451065,-5.551115123125783e-17,4.2500725161431774e-16
gaze_+10,gaze,ar27_sqrt,10,47,0.5187137248241473,0.2422794115553551,0.5725061061548171,1.3146857905045737,0.29245249557855474,1.3468211425147594,2.498001805406602e-16,1.1796119636642288e-15
gaze_+10,gaze,ar27_sqrt,11,39,0.5043239135398947,0.2806606907501835,0.5771594520585847,1.7274920299077996,0.30163907867596634,1.7536290506203,3.469446951953614e-16,-9.853229343548264e-16
gaze_+10,gaze,ar27_sqrt,12,47,-0.20695927619825816,0.2717329960657977,0.3415713148895875,0.5209105722500107,0.1142402900894814,0.533290416341381,0.0,9.610368056911511e-16
gaze_+10,gaze,ar27_sqrt,13,41,-0.15840752022691085,0.10960176380653247,0.19262785129347762,0.10197422823749935,0.09430923627093371,0.13889915503933245,3.122502256758253e-17,1.0061396160665481e-16
gaze_+10,gaze,ar27_sqrt,15,44,0.3128420032042545,0.078211773253246,0.3224704644525888,0.6843701016224446,0.1937612628808737,0.7112705975842856,4.0852737859253807e-16,5.273559366969494e-16
gaze_+10,gaze,ar27_sqrt,16,48,0.2414420161670492,0.04999612271296412,0.24656410820948677,0.9228487410138642,0.15254246249841202,0.9353710502554341,8.716985466783456e-17,2.8102520310824275e-16
gaze_+10,gaze,ar27_sqrt,17,48,-0.058155507693032606,0.15625507624452595,0.16672645838983383,0.2572456092056252,0.19183014375276633,0.320895789171158,-3.469446951953614e-18,3.469446951953614e-17
gaze_+10,gaze,ar27_sqrt,18,48,0.0029768038262227847,0.07984438973312347,0.0798998619077325,0.0357284888236169,0.09226473754888324,0.09894092534731859,-4.336808689942018e-18,4.683753385137379e-17
gaze_+5,gaze,ar27_linear,0,43,-0.3095466064027388,0.10120666695228131,0.3256714463551287,0.8622108972772943,0.40550227233800146,0.9528062364694093,-6.036837696399289e-16,4.440892098500626e-16
gaze_+5,gaze,ar27_linear,1,48,-0.10083170071654735,0.0754829160436073,0.1259551606082015,0.8568375253732695,0.13238258785498974,0.8670038606920808,1.942890293094024e-16,5.724587470723463e-16
gaze_+5,gaze,ar27_linear,2,48,-0.3004505997027236,0.07551144360303554,0.30979435271925254,0.10479119567531103,0.09963434087810089,0.1445966686105697,9.540979117872439e-18,-2.42861286636753e-17
gaze_+5,gaze,ar27_linear,4,48,0.02195180589193768,0.14757613333622174,0.1491998556044466,-0.15212684525206546,0.06496827744514647,0.1654190258722841,1.0755285551056204e-16,-6.938893903907228e-18
gaze_+5,gaze,ar27_linear,5,38,0.18149571150618726,0.09276176085189605,0.2038269794985008,1.0233131496334167,0.3210903344019936,1.0725058531584066,7.424616477180734e-16,-5.981326545168031e-15
gaze_+5,gaze,ar27_linear,6,42,0.14246533965982966,0.1086229489437545,0.1791516621235432,0.7893632051999182,0.05921052757534113,0.7915807958125557,4.85722573273506e-17,6.72639027810007e-16
gaze_+5,gaze,ar27_linear,7,45,-0.08008437216718287,0.11565374156843705,0.1406744276838924,0.19744621045895006,0.0730659762046085,0.21053180971846658,-1.734723475976807e-18,2.0036056147532122e-16
gaze_+5,gaze,ar27_linear,9,39,-0.62596332640104,0.1594664404322903,0.6459563697520114,-0.9634851367477757,0.11161809770218857,0.9699289708368007,-2.84147705365001e-15,1.491862189340054e-16
gaze_+5,gaze,ar27_linear,10,47,0.3422532460139376,0.27264067812710124,0.4375731067795237,1.8028330057706077,0.24307879975223717,1.8191465442852246,1.9567680809018384e-15,2.005340338229189e-15
gaze_+5,gaze,ar27_linear,11,39,0.6571707087292973,0.24939373323473782,0.702901539753987,1.7904480897540749,0.23487440256306225,1.8057880127754125,-7.008282842946301e-16,1.457167719820518e-15
gaze_+5,gaze,ar27_linear,12,47,0.06918767577801643,0.25996954991655413,0.2690187751131501,0.5087495034573721,0.10485478106126496,0.5194425688943174,-2.7755575615628914e-17,-8.344019919448442e-16
gaze_+5,gaze,ar27_linear,14,20,-0.37226810576776437,0.23651133266641833,0.44104552265221225,-0.749702703087916,0.1709710653121382,0.7689507449708952,-1.5404344466674047e-15,-5.551115123125783e-16
gaze_+5,gaze,ar27_linear,15,44,0.3447684091112606,0.08833116429581842,0.3559039905746567,1.3158649512469394,0.19048208166424302,1.3295803824347179,9.185360805297194e-16,-2.7755575615628914e-15
gaze_+5,gaze,ar27_linear,16,48,0.5746246866920117,0.044628970950648696,0.5763551644637221,1.1815633579048943,0.1420039360416522,1.1900660009406256,-2.2299870283681855e-15,1.925543058334256e-15
gaze_+5,gaze,ar27_linear,17,48,0.21760736003806602,0.15990816056946944,0.2700436686157403,0.2545667415372477,0.20156378322694116,0.3247032254315458,4.5102810375396984e-17,6.245004513516506e-17
gaze_+5,gaze,ar27_linear,19,39,-0.10220828630136758,0.17451425999215162,0.20224183723767558,-0.7120139817055242,0.13668166995639908,0.7250143371314978,-1.5612511283791264e-16,5.065392549852277e-16
gaze_+5,gaze,ar27_log,0,43,-0.2902200604974947,0.06440674212489303,0.2972808637405221,0.7898337874292777,0.26688871667508357,0.8337067823001985,-1.0937431516033769e-15,1.3877787807814457e-16
gaze_+5,gaze,ar27_log,1,48,-0.02905770417049336,0.04678223007844085,0.055072018510057795,0.6811709107592275,0.0750636043190911,0.6852943559945094,6.548581121812447e-17,8.604228440844963e-16
gaze_+5,gaze,ar27_log,2,48,-0.0007629982308732436,0.04583033143787769,0.04583668231892482,0.1987555364200464,0.04364943491015408,0.20349210408661114,-4.336808689942018e-19,2.1467203015212988e-17
gaze_+5,gaze,ar27_log,4,48,0.3930047198710813,0.12395506258095268,0.41208927112992777,-0.09218982595829794,0.026805139787445028,0.09600770557223902,1.0234868508263162e-16,1.0842021724855044e-19
gaze_+5,gaze,ar27_log,5,38,0.38544154613537174,0.1610977509594139,0.41775312189307257,0.666337771070932,0.4402757879730788,0.7986543649358541,1.1171619185290638e-15,-6.938893903907228e-16
gaze_+5,gaze,ar27_log,6,42,0.2650291039891135,0.1257321038520755,0.2933410777581977,0.46154144826693244,0.09100100950994952,0.4704271380353889,-4.753142324176451e-16,-5.516420653606247e-16
gaze_+5,gaze,ar27_log,7,45,-0.15530820313323465,0.1244644241637673,0.19902771375587938,-0.24991165573333207,0.10857616723636565,0.27247865928016074,1.734723475976807e-18,-8.031769693772617e-16
gaze_+5,gaze,ar27_log,9,39,-0.9681817598713938,0.16160130322931046,0.981575723697913,-1.628138237683023,0.13185850007748,1.6334689421743724,8.951173136040325e-16,8.36136715420821e-16
gaze_+5,gaze,ar27_log,10,47,0.45576628956308696,0.27607488131388114,0.5328604421371307,1.3629079263446986,0.3116872925953566,1.398094054081709,1.2212453270876722e-15,-9.159339953157541e-16
gaze_+5,gaze,ar27_log,11,39,0.8093350935494579,0.3262294546813996,0.8726104232430609,1.5188991385922082,0.35345991213666145,1.5594834089222642,7.91033905045424e-16,-2.373101715136272e-15
gaze_+5,gaze,ar27_log,12,47,-0.11303340204709644,0.2609672708142925,0.2843949127790455,-0.09344126363737004,0.1220413761668787,0.15370545613885728,4.163336342344337e-17,9.8879238130678e-17
gaze_+5,gaze,ar27_log,14,20,-0.6396682252362744,0.2041724403763648,0.6714624515087682,-1.415738946257296,0.1520911402037397,1.4238849949620904,-5.551115123125783e-16,-6.245004513516506e-17
gaze_+5,gaze,ar27_log,15,44,0.17294880372774912,0.08845005387492534,0.19425421679164936,0.6802995182459863,0.1809325313020172,0.7039488727237776,4.198030811863873e-16,7.494005416219807e-16
gaze_+5,gaze,ar27_log,16,48,0.4056125996648001,0.047975594561072255,0.4084400062191824,0.556773370150137,0.14408385034470136,0.575114546537033,-5.2475385148298415e-17,1.3739009929736312e-15
gaze_+5,gaze,ar27_log,17,48,0.07853330524329201,0.13975265278395194,0.16030684324940067,-0.318131224161357,0.1566986910105068,0.3546293213354045,1.3877787807814457e-17,-2.636779683484747e-16
gaze_+5,gaze,ar27_log,19,39,-0.12367202217471096,0.12551340179612785,0.1762055138161624,-1.1456530680344523,0.08225183342419433,1.1486018963933482,-6.349087922075114e-16,8.907805049140904e-16
gaze_+5,gaze,ar27_quadratic,0,43,-0.7596307521523595,0.2971762025710029,0.8156914704654452,0.12653426614078211,0.7494119660794366,0.7600192204219791,-9.159339953157541e-16,-1.1102230246251565e-16
gaze_+5,gaze,ar27_quadratic,1,48,-0.29216402059986546,0.14400552031966074,0.3257259658295838,0.9439392092908002,0.2517447319607026,0.9769322601421798,3.7816971776294395e-16,6.245004513516506e-16
gaze_+5,gaze,ar27_quadratic,2,48,-0.7455820033577978,0.17566913894274006,0.7659975000663585,-0.1347184743085563,0.2736184024512624,0.304985405355742,-5.204170427930421e-17,9.71445146547012e-17
gaze_+5,gaze,ar27_quadratic,4,48,0.1866047134018629,0.18076887442400646,0.2598051289415104,0.4231842827888025,0.12233276342099289,0.44051134174467044,1.2559397966072083e-15,3.2959746043559335e-17
gaze_+5,gaze,ar27_quadratic,5,38,0.2624781701454477,0.10592231745859215,0.2830447440577226,1.175051127074493,0.24944181403814245,1.2012353515567504,3.365363543395006e-16,-5.7870375158586285e-15
gaze_+5,gaze,ar27_quadratic,6,42,-0.06867117512070742,0.09624059595377706,0.1182285185646725,0.9279649537868782,0.04006845333720046,0.9288296056917646,7.632783294297951e-17,5.58797799699029e-16
gaze_+5,gaze,ar27_quadratic,7,45,-0.28476499175980685,0.11287811728954819,0.30632102424547336,0.4474433340116466,0.04906996934531783,0.4501259813019118,5.204170427930421e-18,6.349087922075114e-16
gaze_+5,gaze,ar27_quadratic,9,39,-0.44818956549384303,0.14126070606608707,0.46992390202654083,-0.3962875987564267,0.07876959952102597,0.4040402340570018,6.973588373426765e-16,-6.756747938929664e-16
gaze_+5,gaze,ar27_quadratic,10,47,0.44399500628063215,0.2582650426928357,0.5136461796599571,1.9957407894577086,0.19460155489906436,2.005205990384632,-1.887379141862766e-15,2.1996293675385914e-15
gaze_+5,gaze,ar27_quadratic,11,39,0.4141886947554676,0.2026463041579868,0.46110497660741934,1.9039041443193145,0.16527814264237708,1.9110645868707785,-4.787836793695988e-16,3.941291737419306e-15
gaze_+5,gaze,ar27_quadratic,12,47,0.005192011201641364,0.25864002842881095,0.2586921361115836,0.9298774501994505,0.08009099981543483,0.9333202240607801,0.0,-2.7096380694757727e-15
gaze_+5,gaze,ar27_quadratic,14,20,-0.06373585317090402,0.2210103814083147,0.2300170595187925,0.009790962469882203,0.13871186304710525,0.13905698075280337,-2.7755575615628914e-17,0.0
gaze_+5,gaze,ar27_quadratic,15,44,0.5593620718733163,0.08316797271372174,0.5655111308681011,1.696991990148088,0.18539888928324544,1.7070895005166642,-8.630249292984615e-16,4.503342143635791e-15
gaze_+5,gaze,ar27_quadratic,16,48,0.5966404737835918,0.033614021345590536,0.5975866107835156,1.628161523137912,0.12255728153066116,1.6327676603494288,-1.7470833807431418e-15,-3.975986206938842e-15
gaze_+5,gaze,ar27_quadratic,17,48,0.29828944986745326,0.15619471638612714,0.3367096454353076,0.8683571273488142,0.20326821524911368,0.89183073951734,-3.122502256758253e-17,9.08995101411847e-16
gaze_+5,gaze,ar27_quadratic,19,39,0.2593475844760338,0.18684411790291733,0.3196433856166477,0.1515233384385617,0.14492168363584662,0.20967025654444957,1.6653345369377348e-16,-2.42861286636753e-17
gaze_+5,gaze,ar27_sqrt,0,43,-0.36063005279760674,0.082797388390913,0.37001275992208776,1.0611041276384992,0.3235646325795609,1.1093403630751957,2.6107588313450947e-16,2.220446049250313e-16
gaze_+5,gaze,ar27_sqrt,1,48,-0.08287548374978915,0.060084517169682335,0.1023645202708222,0.9515389712690946,0.09911576174307712,0.9566871735681195,1.5308934675495323e-16,3.469446951953614e-18
gaze_+5,gaze,ar27_sqrt,2,48,-0.12866509126075906,0.05695301653369275,0.14070661605420884,0.3191296104351039,0.06422137901871751,0.3255274086456115,0.0,2.3418766925686896e-17
gaze_+5,gaze,ar27_sqrt,4,48,0.22018344757217,0.13277267584865135,0.2571173546005359,-0.03337652541355429,0.04087528838412763,0.052771030397058175,1.4224732503009818e-16,3.0357660829594124e-18
gaze_+5,gaze,ar27_sqrt,5,38,0.23861233396765869,0.10493429816756356,0.2606665549191372,0.970091341398895,0.35215478414626294,1.0320320744309286,-1.0321604682062002e-15,-2.4424906541753444e-15
gaze_+5,gaze,ar27_sqrt,6,42,0.19776403174382207,0.11605445664320303,0.22930165537631925,0.7609117429818504,0.0710615971877256,0.7642227628136615,-2.7929047963226594e-16,-2.11896472590567e-15
gaze_+5,gaze,ar27_sqrt,7,45,-0.0858626193488419,0.11948426314739011,0.14713557877454006,0.12425229938683646,0.08793805044194548,0.1522226481784041,0.0,6.938893903907228e-18
gaze_+5,gaze,ar27_sqrt,9,39,-0.7505055543614887,0.16298960120105424,0.7680001284030636,-1.1686835469776216,0.12435878585104977,1.175281387836352,-1.970645868709653e-15,-2.931682674400804e-16
gaze_+5,gaze,ar27_sqrt,10,47,0.36009483025173417,0.27335641268213534,0.4520973513840478,1.7198786702178088,0.2635219363970065,1.7399501289498542,2.7755575615628914e-17,8.090750291955828e-15
gaze_+5,gaze,ar27_sqrt,11,39,0.7262417673254351,0.2815903173026291,0.7789224681613474,1.7840081512373018,0.2783204106555193,1.8055878086287,-1.5404344466674047e-15,-1.5126788710517758e-15
gaze_+5,gaze,ar27_sqrt,12,47,0.010105780942374512,0.2618741054507837,0.2620690250947324,0.364891311742356,0.11360047372193796,0.3821658501421937,2.7755575615628914e-17,-3.2959746043559335e-16
gaze_+5,gaze,ar27_sqrt,14,20,-0.48274489666579967,0.22515713469812748,0.5326709777736577,-0.985220097583082,0.16764977110421422,0.9993823524722223,1.942890293094024e-16,8.326672684688674e-17
gaze_+5,gaze,ar27_sqrt,15,44,0.21724202932345982,0.08902809889414386,0.23477670603635448,1.1832619057998213,0.18305156600699213,1.197337301488029,3.7643499428696714e-16,-1.8041124150158794e-15
gaze_+5,gaze,ar27_sqrt,16,48,0.49030922027003054,0.0481986633275557,0.4926725511212983,1.0393887723898132,0.14316157755125888,1.0492017239105962,-8.977193988179977e-17,-1.1032841307212493e-15
gaze_+5,gaze,ar27_sqrt,17,48,0.16166981910436798,0.15220383490941278,0.22204309890282758,0.10761143475389723,0.18112756465535707,0.21068321140464125,2.7755575615628914e-17,-7.632783294297951e-17
gaze_+5,gaze,ar27_sqrt,19,39,-0.11119200949058161,0.14971109984086256,0.18648612921639682,-0.8605047945692426,0.1095856260076053,0.8674546160486628,3.400058012914542e-16,-3.469446951953614e-18
gaze_-10,gaze,ar27_linear,1,48,0.08040520109534732,0.07151752696581151,0.10760926087697575,2.0891825430369066,0.10518092207791688,2.0918285600161686,2.0643209364124004e-16,3.0010716134398763e-16
gaze_-10,gaze,ar27_linear,2,48,0.05871805693342582,0.062107938200527034,0.08547049898975388,0.9885044820607652,0.07061623330630737,0.9910235937961278,-1.3010426069826053e-18,2.688821387764051e-17
gaze_-10,gaze,ar27_linear,3,48,-0.09542334840195288,0.1002974243741073,0.13843839336080194,0.2478018276911278,0.14775795641167383,0.2885102415686792,-1.2663481374630692e-16,1.3530843112619095e-16
gaze_-10,gaze,ar27_linear,4,48,0.08398891554943866,0.14819882417024327,0.17034385642168912,0.009168326826278606,0.05176754009429367,0.052573153074623194,-3.7816971776294395e-16,0.0
gaze_-10,gaze,ar27_linear,6,42,0.007205323562300414,0.1230177670028617,0.12322859930230402,1.6217024472150134,0.046946948417893694,1.6223818426218042,-6.938893903907228e-18,5.106158551537732e-15
gaze_-10,gaze,ar27_linear,7,45,0.0798621866243668,0.10931035733010894,0.13537622786908085,0.6735412068036792,0.0628613897510449,0.6764682635452975,1.3877787807814457e-17,7.41594285980085e-16
gaze_-10,gaze,ar27_linear,8,45,-0.04037411051440465,0.1553376649758187,0.1604987818021341,0.20253475460463388,0.07960074377574945,0.21761572836634036,3.469446951953614e-18,1.052977149917922e-15
gaze_-10,gaze,ar27_linear,9,39,-0.8667805352837874,0.14333039446972048,0.8785511358627306,-0.9563054648621185,0.09525049030635849,0.9610373551682344,-7.077671781985373e-16,7.077671781985373e-16
gaze_-10,gaze,ar27_linear,11,39,0.5926456377530673,0.27071549653318044,0.6515487180640803,2.5545389343392957,0.19439543873298795,2.561924814208166,1.249000902703301e-16,1.1386724896311762e-14
gaze_-10,gaze,ar27_linear,12,47,0.25685085925864537,0.2533844569628065,0.3607991781202401,1.0361194181898918,0.09640091246933893,1.0405943420349186,-2.7755575615628914e-17,4.165071065820314e-15
gaze_-10,gaze,ar27_linear,13,41,0.025819122977937425,0.09694088952457676,0.10032030289610408,0.15759313912122552,0.07737263062537608,0.17556230081647062,1.5612511283791264e-17,9.194034422677078e-17
gaze_-10,gaze,ar27_linear,14,20,-0.5274675860293261,0.21627187964430933,0.5700838361473578,-0.7045375812289589,0.14399526373234883,0.7191021063390792,3.122502256758253e-16,-1.5612511283791264e-16
gaze_-10,gaze,ar27_linear,16,48,0.651931887920683,0.038726711840698785,0.6530811164762144,2.102325862213764,0.11969459686657814,2.1057304736010014,1.8821749714348357e-16,-5.499073418846478e-16
gaze_-10,gaze,ar27_linear,17,48,0.4732992844657719,0.13983594746406597,0.4935243711094565,0.9031335056713936,0.15862680685013436,0.9169583376128776,-1.249000902703301e-16,9.71445146547012e-16
gaze_-10,gaze,ar27_linear,18,48,0.19059011023515726,0.07690248916796316,0.2055202738409967,0.12096761524984112,0.09019639851551796,0.15089252547559745,1.8127860323957634e-16,9.8879238130678e-17
gaze_-10,gaze,ar27_linear,19,39,-0.1478711252351026,0.16073229259749433,0.21840498978260894,-0.6153904723385228,0.11412792353037288,0.625883868121223,-4.128641872824801e-16,-4.111294638065033e-16
gaze_-10,gaze,ar27_log,1,48,-0.11301183152930694,0.05484108443959012,0.1256153597619293,1.1786710508155327,0.08306432754122833,1.1815943163964817,2.233456475320139e-16,3.608224830031759e-16
gaze_-10,gaze,ar27_log,2,48,-0.0163536097444675,0.044583219112876264,0.04748793507977661,0.4358139683373551,0.0404951100187807,0.43769129410280305,4.336808689942018e-19,1.5764299587939234e-16
gaze_-10,gaze,ar27_log,3,48,-0.004505528936371128,0.058425733354438875,0.05859919887678041,0.001809912380295986,0.07054200508886502,0.07056521993717448,-6.5052130349130266e-18,8.673617379884035e-19
gaze_-10,gaze,ar27_log,4,48,0.34301703170465814,0.13850594596739055,0.3699251020244434,-0.1589328178069792,0.02350957186976829,0.16066219389005695,-1.2975731600306517e-15,3.2526065174565133e-18
gaze_-10,gaze,ar27_log,6,42,0.5847394724033572,0.13969096277512996,0.6011936590380837,1.4360759091413433,0.0865767158842458,1.4386832676268388,4.371503159461554e-16,1.4450246554886803e-15
gaze_-10,gaze,ar27_log,7,45,0.16772462504446775,0.11752438619842455,0.20480119920943757,0.30194212355457495,0.1058037221363443,0.31994292240109157,-3.469446951953614e-18,-4.683753385137379e-17
gaze_-10,gaze,ar27_log,8,45,0.023564850801295556,0.19950575296062484,0.2008926271859502,-0.13663846988059802,0.1372788166479768,0.19368930004411733,-2.0816681711721685e-17,1.8388068845354155e-16
gaze_-10,gaze,ar27_log,9,39,-1.0261721447911203,0.1682409850798445,1.039872251676063,-1.6425308031195338,0.12345064505187747,1.64716347123175,7.91033905045424e-16,2.7478019859472624e-15
gaze_-10,gaze,ar27_log,11,39,1.1401880277644758,0.38685681838838315,1.2040294583568232,2.3984499797028507,0.35798288244265164,2.4250183606023605,-2.4424906541753444e-15,5.717648576819556e-15
gaze_-10,gaze,ar27_log,12,47,0.10446310571248088,0.25451325798996627,0.27511731851659954,0.37283278490709737,0.1305974555237062,0.3950442771270693,0.0,3.7816971776294395e-16
gaze_-10,gaze,ar27_log,13,41,-0.22694943181402039,0.10111223981886619,0.24845468327623518,-0.5936313347669495,0.0933206341073912,0.6009217106806813,-2.6194324487249787e-16,8.014422459012849e-16
gaze_-10,gaze,ar27_log,14,20,-0.7232212244768981,0.21825000497140326,0.7554349768205597,-1.453410027259777,0.14210770005318135,1.4603408183549724,-1.7208456881689926e-15,2.255140518769849e-16
gaze_-10,gaze,ar27_log,16,48,0.4836975858500825,0.06387924874933212,0.48789744104470895,1.2311632718102694,0.15437651356219048,1.2408042189621145,-1.7355908377147955e-15,-1.4155343563970746e-15
gaze_-10,gaze,ar27_log,17,48,0.1701071339886335,0.14056649403361873,0.2206702886179521,0.033049480964582045,0.15666471851631214,0.1601127796892663,-1.0408340855860843e-17,-5.898059818321144e-17
gaze_-10,gaze,ar27_log,18,48,-0.05760868045312595,0.0705458773602459,0.09107953049987338,-0.6382302503321782,0.07640629375169396,0.6427875031174339,1.3617579286417936e-16,9.627715291671279e-17
gaze_-10,gaze,ar27_log,19,39,-0.19794980681271568,0.13350541836256524,0.23876311010990717,-1.2009902187178034,0.0756624201040282,1.2033712258782974,6.349087922075114e-16,5.412337245047638e-16
gaze_-10,gaze,ar27_quadratic,1,48,0.30461044161149253,0.0704203599542008,0.3126444437933079,2.2029816647255474,0.10105753610372974,2.2052983563954114,-8.222589276130066e-16,1.9203388879063255e-15
gaze_-10,gaze,ar27_quadratic,2,48,0.2218483059388722,0.07407995376225425,0.23388995360503442,1.2497208239669941,0.09165503043196707,1.2530773250123977,-6.071532165918825e-18,-1.8110513089197866e-15
gaze_-10,gaze,ar27_quadratic,3,48,0.05745339133661087,0.16757434342880906,0.1771498031375541,0.4981341615950874,0.26508521978486865,0.5642763655306083,-2.0816681711721685e-17,-1.3877787807814457e-17
gaze_-10,gaze,ar27_quadratic,4,48,0.3523625708151794,0.16460986669060168,0.38891617287454144,0.4414592305357359,0.08711113096190516,0.4499717784068976,2.185751579730777e-16,-4.597017211338539e-17
gaze_-10,gaze,ar27_quadratic,6,42,-0.3567195042478222,0.11065623521048672,0.3734884296759019,0.8804190730186559,0.02956481748303878,0.880915332235644,5.360295540768334e-16,4.515702048402126e-16
gaze_-10,gaze,ar27_quadratic,7,45,-0.23036871337934764,0.11031400995365832,0.25541911615247564,0.32380779672481363,0.03933690276826571,0.3261884135575301,5.204170427930421e-18,6.071532165918825e-17
gaze_-10,gaze,ar27_quadratic,8,45,-0.3396580466125325,0.1296463672766939,0.36355985638775523,0.05889089751344567,0.051041880371535044,0.07793209455545975,4.753142324176451e-16,-1.3574211199518516e-16
gaze_-10,gaze,ar27_quadratic,9,39,-0.8749647349417504,0.11321533846983707,0.8822590324029137,-0.666375649621251,0.06707970018531077,0.6697433781569588,-1.8665624601510444e-15,-2.8102520310824275e-16
gaze_-10,gaze,ar27_quadratic,11,39,0.20914171904514234,0.21645023297817967,0.300983325121949,1.8471863515118923,0.12096870859476785,1.851143118635321,-6.522560269672795e-16,4.666406150377611e-16
gaze_-10,gaze,ar27_quadratic,12,47,0.12664529028425,0.2538284406692643,0.2836686567877603,0.9090862873590266,0.06425636017608458,0.9113543535240808,-2.7755575615628914e-17,-2.1822821327788233e-15
gaze_-10,gaze,ar27_quadratic,13,41,0.03972304404967808,0.09707782360845431,0.10489053372505523,0.3601761027039152,0.05456095628776083,0.36428522192097845,1.1622647289044608e-16,3.0878077872387166e-16
gaze_-10,gaze,ar27_quadratic,14,20,-0.34348745362781585,0.1795089105328095,0.3875655812380628,-0.21818687726276398,0.1151045521124651,0.24668719327660163,2.983724378680108e-16,-2.185751579730777e-16
gaze_-10,gaze,ar27_quadratic,16,48,0.6738993669755082,0.023334770152217934,0.6743032465501311,1.8974080292982265,0.08431721184291734,1.8992805537514312,-7.193681414441322e-16,7.398595625041082e-16
gaze_-10,gaze,ar27_quadratic,17,48,0.5786854019400399,0.12254540887336508,0.5915185302714074,1.0934577620707242,0.12824572358377478,1.1009526979167836,2.0643209364124004e-16,2.3765711620882257e-15
gaze_-10,gaze,ar27_quadratic,18,48,0.40608653927239846,0.0699833926499668,0.41207275161679047,0.5555124313309059,0.07906887804661104,0.5611113515504063,4.49293380277993e-16,-6.279698983036042e-16
gaze_-10,gaze,ar27_quadratic,19,39,0.1851925391619762,0.15386138968890045,0.24076877662658108,0.00040053593210753746,0.11533649893630346,0.11533719441670515,7.320533068622126e-16,0.0
gaze_-10,gaze,ar27_sqrt,1,48,-0.06259425501471494,0.06703434398946363,0.09171501531889276,1.7073042442426134,0.09898638002250679,1.7101713615421124,-1.734723475976807e-16,1.0009354456386177e-15
gaze_-10,gaze,ar27_sqrt,2,48,-0.013364068676445665,0.05352981557273338,0.05517281474457875,0.7244400585935976,0.05592866955824435,0.7265957710953528,4.336808689942018e-19,-1.1405806854547507e-16
gaze_-10,gaze,ar27_sqrt,3,48,-0.08584934610058692,0.07561643177451692,0.11440260040841907,0.11681247530360078,0.1032773641936175,0.15592103238926883,-1.240327285323417e-16,-2.7755575615628914e-17
gaze_-10,gaze,ar27_sqrt,4,48,0.15381289670740195,0.14169940655671673,0.2091342368242164,-0.10070074069734858,0.0346852986183924,0.10650685009538913,-1.6653345369377348e-16,1.0842021724855044e-18
gaze_-10,gaze,ar27_sqrt,6,42,0.30666454528286025,0.1287930907862573,0.33261209173423173,1.653681872950254,0.061938296724831664,1.6548414091765509,4.128641872824801e-16,-4.163336342344337e-16
gaze_-10,gaze,ar27_sqrt,7,45,0.162551953592031,0.1109301788890688,0.19679594051947966,0.5897639981953304,0.08073132458666506,0.5952639081423131,-3.122502256758253e-17,9.636388909051163e-16
gaze_-10,gaze,ar27_sqrt,8,45,0.02810207625347605,0.17471245669856084,0.1769581001689459,0.09290394602319996,0.1034979560460564,0.13907900665590417,3.469446951953614e-18,-3.469446951953614e-17
gaze_-10,gaze,ar27_sqrt,9,39,-0.9227974596281374,0.15824609947938786,0.9362675790053765,-1.2669608789678493,0.11035648240295427,1.2717580045131767,4.6455894686658894e-15,-1.960237527853792e-15
gaze_-10,gaze,ar27_sqrt,11,39,0.8726964147787069,0.31691926233602724,0.9284593966389817,2.5867030934981647,0.2541819442182007,2.5991616638215325,1.457167719820518e-15,-2.4424906541753444e-15
gaze_-10,gaze,ar27_sqrt,12,47,0.22030256131035017,0.25350992618488133,0.3358578586160588,0.8120690603427567,0.11415660496392488,0.8200535892384462,-1.3877787807814457e-17,7.233796894823286e-16
gaze_-10,gaze,ar27_sqrt,13,41,-0.07370074607904886,0.09903503456120487,0.12344933391131568,-0.1589105322098745,0.0877887138086471,0.1815472817736525,3.8163916471489756e-17,-1.2923689896027213e-16
gaze_-10,gaze,ar27_sqrt,14,20,-0.6322411469626363,0.22410125776617681,0.670783304536579,-1.0743425505700472,0.14835581035774467,1.0845373955895932,5.759281940243e-16,-1.5265566588595902e-16
gaze_-10,gaze,ar27_sqrt,16,48,0.5864764207625397,0.05361438406853395,0.5889219764022132,1.810516930545809,0.13917226292027127,1.8158580546285463,1.231653667943533e-15,1.0512424264419451e-15
gaze_-10,gaze,ar27_sqrt,17,48,0.3308359114712058,0.14456574182007398,0.36104245460467915,0.5395585720790641,0.1650309725836331,0.5642328195132734,2.7755575615628914e-17,-3.3306690738754696e-16
gaze_-10,gaze,ar27_sqrt,18,48,0.05446712521920727,0.07573062620881564,0.09328341479397206,-0.24427800271553313,0.08700818887976228,0.25931094759540324,8.760353553682876e-17,-4.2934406030425976e-16
gaze_-10,gaze,ar27_sqrt,19,39,-0.21919461767424409,0.14974533697601855,0.2654617606425059,-0.9385580327239258,0.09668995077245751,0.9435253718745382,-2.983724378680108e-16,-4.891920202254596e-16
gaze_-5,gaze,ar27_linear,0,43,-0.16418935120926825,0.0961002136083165,0.19024561520855998,1.6631432268716626,0.37050853598587175,1.70391372091649,-1.033895191682177e-15,-2.4702462297909733e-15
gaze_-5,gaze,ar27_linear,2,48,0.1045008196187952,0.07145527157766479,0.1265949333000251,0.5370687278176933,0.09294557198629395,0.5450520138037971,3.469446951953614e-18,-3.209238430557093e-16
gaze_-5,gaze,ar27_linear,3,48,0.004310250808590155,0.10314803020173277,0.10323804723322953,0.030686378224281274,0.15449854907916655,0.15751652445407519,3.469446951953614e-18,-6.938893903907228e-18
gaze_-5,gaze,ar27_linear,4,48,0.19434755379458046,0.14139928634243246,0.24034294215575847,-0.03065812049635569,0.05362988805086847,0.06177447081697866,-2.914335439641036e-16,-1.734723475976807e-18
gaze_-5,gaze,ar27_linear,5,38,0.17113871110982792,0.11136070878746236,0.20418047385090332,1.1625934719819053,0.30004391751342036,1.2006872754933904,2.8102520310824275e-16,-9.43689570931383e-16
gaze_-5,gaze,ar27_linear,7,45,0.06510460321657338,0.11090727687991084,0.1286041734350198,0.13347464990997082,0.06877970969666113,0.1501536900463867,-1.214306433183765e-17,1.1535911115245767e-16
gaze_-5,gaze,ar27_linear,8,45,-0.05704856279462689,0.1595727096091207,0.1694638255467201,-0.11509556175073499,0.08500919549036653,0.1430858191877756,-6.591949208711867e-17,2.0816681711721685e-16
gaze_-5,gaze,ar27_linear,9,39,-0.8541672259219659,0.14860391380218577,0.8669975623013927,-1.1149598726514394,0.10093583193270839,1.1195193431963835,2.9524993561125257e-15,-6.765421556309548e-17
gaze_-5,gaze,ar27_linear,10,47,0.36706173452250823,0.30519210061900365,0.4773641536928739,2.032639629585515,0.2247438974162025,2.0450265727338035,1.3461454173580023e-15,3.00454106039183e-15
gaze_-5,gaze,ar27_linear,12,47,0.27582025018931633,0.25127103177003085,0.37311384565742517,0.5462459166345113,0.0926102900663724,0.5540408534269409,-2.7755575615628914e-17,-2.0799334476961917e-15
gaze_-5,gaze,ar27_linear,13,41,0.027533679298880287,0.09769988933059007,0.10150552630740418,-0.14287480455958823,0.0845693805585149,0.16602767813226668,-1.3877787807814457e-17,9.194034422677078e-17
gaze_-5,gaze,ar27_linear,14,20,-0.47204943961840584,0.2174990454958349,0.5197465807830312,-0.8219170190235636,0.1523115648309635,0.8359105208943339,1.6514567491299204e-15,-1.1171619185290638e-15
gaze_-5,gaze,ar27_linear,15,44,0.4658232980651391,0.10035716827683246,0.4765111816577119,1.779269665229076,0.1637014934106026,1.786784463932135,9.783840404509192e-16,-2.321060010856968e-15
gaze_-5,gaze,ar27_linear,17,48,0.49333173647191114,0.14723904725785764,0.514835448709384,0.43564897748788667,0.18472694322092317,0.47319559923776533,-8.673617379884035e-17,4.440892098500626e-16
gaze_-5,gaze,ar27_linear,18,48,0.22993994415343,0.0800636162521876,0.24348010301595552,-0.1461374915760576,0.08782782117557177,0.1704989519515898,2.47198095326695e-16,6.938893903907228e-18
gaze_-5,gaze,ar27_linear,19,39,-0.09209748333579348,0.16982340523600947,0.19318885941673988,-0.7127015224464264,0.1261967861112898,0.7237880138011905,2.393918396847994e-16,-2.185751579730777e-16
gaze_-5,gaze,ar27_log,0,43,-0.238915388824136,0.08051933155100609,0.25211887230116087,0.9266636484643328,0.32938877681582673,0.9834645309707185,1.3357370765021415e-16,1.942890293094024e-16
gaze_-5,gaze,ar27_log,2,48,0.1744316616305891,0.04719360953892023,0.18070318580622866,0.19119888450804423,0.04815271307695718,0.19716920959874076,1.1709383462843448e-17,-2.7321894746634712e-17
gaze_-5,gaze,ar27_log,3,48,0.20737909370399432,0.05642147640643597,0.2149173597115236,-0.08600255327493134,0.06894649442261253,0.11022730271114661,3.5171518475429764e-16,6.938893903907228e-18
gaze_-5,gaze,ar27_log,4,48,0.4857559258327413,0.12690069294044845,0.5020583684696328,-0.14323883210915522,0.023808010419774615,0.14520394066327147,-1.1102230246251565e-16,4.336808689942018e-18
gaze_-5,gaze,ar27_log,5,38,0.6642579923326508,0.19819297689494458,0.6931948762565139,0.8812835043108889,0.46497923393093166,0.9964267674834303,-4.510281037539698e-16,1.4988010832439613e-15
gaze_-5,gaze,ar27_log,7,45,0.10343292916723106,0.122188198963521,0.16008849678244355,-0.3745260606407683,0.10967552091703393,0.39025439137505474,6.938893903907228e-18,-8.066464163292153e-16
gaze_-5,gaze,ar27_log,8,45,-0.08816755178652436,0.19056370911309117,0.2099715324013425,-0.5979146343782582,0.1316622064946689,0.6122392070283735,-2.498001805406602e-16,5.585809592645319e-16
gaze_-5,gaze,ar27_log,9,39,-1.1228290512589698,0.15643344038913642,1.1336738947435865,-1.844053815181888,0.12009929570311549,1.8479605824030074,-7.393391454613152e-15,1.949829186997931e-15
gaze_-5,gaze,ar27_log,10,47,0.7645679413840725,0.3085742669740555,0.8244890631359838,1.6669499412973279,0.343844336491221,1.7020431940841716,-1.817990202823694e-15,-4.163336342344337e-15
gaze_-5,gaze,ar27_log,12,47,0.14673691420260407,0.25325632019637984,0.2926952095766408,-0.16021041900284683,0.11845848548745123,0.1992480643345083,2.7755575615628914e-17,-8.153200337090993e-17
gaze_-5,gaze,ar27_log,13,41,-0.2156650539326348,0.09950714618030661,0.23751439457160248,-0.9126758475007546,0.09278075454969875,0.917379676593084,-3.209238430557093e-16,-8.951173136040325e-16
gaze_-5,gaze,ar27_log,14,20,-0.7182034793074408,0.19838463657437638,0.745099122075756,-1.5601412637614336,0.13930996773522206,1.5663486297761144,1.4155343563970746e-15,-4.0245584642661925e-16
gaze_-5,gaze,ar27_log,15,44,0.34028204897558645,0.09966370718469084,0.3545768286067465,0.9343296420439446,0.19467801173115357,0.954395834155599,-1.1397133237167623e-15,7.632783294297951e-16
gaze_-5,gaze,ar27_log,17,48,0.2866500091214631,0.1400268989907947,0.3190231342243271,-0.3560341314184454,0.16030953784156793,0.39046056223114795,-8.673617379884035e-17,1.8041124150158794e-16
gaze_-5,gaze,ar27_log,18,48,0.05147083041070566,0.07040824892364017,0.08721564022387789,-0.8377770360968759,0.06751289155704211,0.8404929224792193,7.806255641895632e-18,-2.0990154059319366e-16
gaze_-5,gaze,ar27_log,19,39,-0.13747760894960592,0.12842279429245476,0.1881289638954705,-1.2446884261232847,0.07821820789383188,1.2471436830499452,3.3306690738754696e-16,-4.657732532997727e-16
gaze_-5,gaze,ar27_quadratic,0,43,-0.04922283758508428,0.08889384552390228,0.10161202444570604,2.1365835363857943,0.33600724303440144,2.162843053789712,-2.255140518769849e-16,-5.134781488891349e-16
gaze_-5,gaze,ar27_quadratic,2,48,0.15699914842182808,0.09174482766363205,0.18184016610256587,1.0593170837739718,0.12988488576347426,1.0672500960530216,-5.204170427930421e-18,9.367506770274758e-16
gaze_-5,gaze,ar27_quadratic,3,48,0.06271262010128087,0.17731961042624245,0.1880827396697581,0.4509909200337938,0.28506430259894394,0.5335301927437192,4.163336342344337e-17,4.163336342344337e-17
gaze_-5,gaze,ar27_quadratic,4,48,0.3772553165756758,0.15867422930640784,0.40926652065688923,0.5360616512283833,0.08736044077435925,0.5431334463370777,9.367506770274758e-17,-4.336808689942018e-18
gaze_-5,gaze,ar27_quadratic,5,38,-0.060747246558026546,0.15240323998370953,0.16406393729858382,0.9723439186493925,0.20267115821691892,0.9932413072901487,-1.8041124150158794e-16,-3.5388358909926865e-16
gaze_-5,gaze,ar27_quadratic,7,45,-0.26812620529027287,0.11017741496951537,0.2898805352774249,0.24159025443842364,0.044167101872364736,0.24559434832142638,3.642919299551295e-17,-1.0625181290357943e-17
gaze_-5,gaze,ar27_quadratic,8,45,-0.3147368939423565,0.1381337092697062,0.3437153386817193,0.05054598171506175,0.05442948804359223,0.07427964348478557,-9.020562075079397e-16,-6.028164079019405e-17
gaze_-5,gaze,ar27_quadratic,9,39,-0.7869448647104953,0.12908136345441595,0.7974611078199795,-0.6379926710924839,0.07146274542868582,0.6419825327467465,-1.8735013540549517e-15,4.7704895589362195e-17
gaze_-5,gaze,ar27_quadratic,10,47,0.150473590018958,0.30105152746148567,0.3365625105089492,1.8963151949579498,0.1501385914962954,1.9022494356116648,-5.967448757360216e-16,-1.5543122344752192e-15
gaze_-5,gaze,ar27_quadratic,12,47,0.10237696498932825,0.25308594766450376,0.2730083146456644,0.8387922503565055,0.06485151821795188,0.8412955239826869,1.3877787807814457e-17,-2.2985086056692694e-16
gaze_-5,gaze,ar27_quadratic,13,41,0.04739899659044866,0.09780298841824821,0.10868343673863767,0.34022605625369673,0.061765489742283866,0.3457871383915941,1.0061396160665481e-16,-3.3480163086352377e-16
gaze_-5,gaze,ar27_quadratic,14,20,-0.26219412648044127,0.1966320332476297,0.32773452131250913,-0.17252969978916344,0.12216389427974335,0.21140131119491964,9.08995101411847e-16,7.979727989493313e-17
gaze_-5,gaze,ar27_quadratic,15,44,0.4916967679331954,0.101884097811437,0.5021414949820447,2.026685619563067,0.12170996910762023,2.0303368974443416,1.7850304567801345e-15,3.0531133177191805e-15
gaze_-5,gaze,ar27_quadratic,17,48,0.5389872435153642,0.13006823299900755,0.554459190480034,0.9963089923139727,0.15784333455072,1.008734913853871,0.0,2.4945323584546486e-15
gaze_-5,gaze,ar27_quadratic,18,48,0.41210412792131823,0.07604454835109246,0.41906155345451523,0.5295846573541567,0.07948491438537651,0.5355163498155505,-3.131175874138137e-16,8.543513119185775e-16
gaze_-5,gaze,ar27_quadratic,19,39,0.19757398965031747,0.17521389551552422,0.26407459281057327,0.037842241411285116,0.13013580013881912,0.13552623994194116,1.294103713078698e-15,-4.85722573273506e-17
gaze_-5,gaze,ar27_sqrt,0,43,-0.25310854057377696,0.09581579641626672,0.27063739607502485,1.3277463429511016,0.3631747629355937,1.376519618332172,-8.98586760555986e-16,-9.159339953157541e-16
gaze_-5,gaze,ar27_sqrt,2,48,0.11448549915063903,0.058219916968709255,0.1284386555816214,0.35706106947379135,0.06866066508884934,0.36360265986954876,-3.903127820947816e-18,-1.1275702593849246e-17
gaze_-5,gaze,ar27_sqrt,3,48,0.0795991390645705,0.07476950753969977,0.10920852621270036,-0.033992981913667675,0.10323955116987256,0.1086918936496171,5.204170427930421e-18,1.734723475976807e-18
gaze_-5,gaze,ar27_sqrt,4,48,0.2980471165697818,0.13276730473542475,0.32628092328892283,-0.10597509294200513,0.03557421301290691,0.11178660454434736,1.7104373473131318e-15,-2.168404344971009e-19
gaze_-5,gaze,ar27_sqrt,5,38,0.4030951163225893,0.11588750457494934,0.419422920832576,1.1093864651509824,0.3657602430839649,1.168126227974113,-1.420738526825005e-15,-3.747002708109903e-15
gaze_-5,gaze,ar27_sqrt,7,45,0.1330582359195939,0.11491098165649628,0.1758096352629569,-0.03848737410002423,0.08741563640373841,0.0955132004122243,1.734723475976807e-18,-8.673617379884035e-17
gaze_-5,gaze,ar27_sqrt,8,45,-0.020602729040288814,0.17504576209069267,0.17625405320110785,-0.287788221746192,0.1071276492136132,0.30708043539416646,1.734723475976807e-17,4.85722573273506e-16
gaze_-5,gaze,ar27_sqrt,9,39,-0.9560351453229536,0.15655369813865452,0.9687684240795502,-1.4387119581083674,0.11418055590872182,1.443235704156337,5.10702591327572e-15,5.117434254131581e-16
gaze_-5,gaze,ar27_sqrt,10,47,0.5593971269937672,0.30166024914816303,0.6355501959759067,1.940867513921967,0.2766949207953791,1.9604914653707628,6.800116025829084e-16,2.4424906541753444e-15
gaze_-5,gaze,ar27_sqrt,12,47,0.2520161754850577,0.2522142326850537,0.35654476840226645,0.26796554883719415,0.10750749492791138,0.28872720140176183,1.3877787807814457e-17,-4.336808689942018e-17
gaze_-5,gaze,ar27_sqrt,13,41,-0.0683448796172863,0.09916616102340564,0.12043649804781305,-0.4830966003161228,0.09263957784114683,0.4918987869669756,-4.978656376053436e-16,4.631711680858075e-16
gaze_-5,gaze,ar27_sqrt,14,20,-0.5947271959240492,0.21553319169533047,0.6325780539143445,-1.1840609415493841,0.15320090355397079,1.1939308313937484,9.020562075079397e-16,3.8163916471489756e-17
gaze_-5,gaze,ar27_sqrt,15,44,0.4038834791636301,0.099481624607937,0.41595487540832055,1.4529451900442378,0.18314332928629173,1.4644422843986558,-1.4727802311043092e-15,-1.3877787807814457e-16
gaze_-5,gaze,ar27_sqrt,17,48,0.39470412507219654,0.14828732067067904,0.42164022082896335,0.07020270044567889,0.1805062715621106,0.19367739471378725,-3.469446951953614e-18,1.3877787807814457e-17
gaze_-5,gaze,ar27_sqrt,18,48,0.12698454797821235,0.07685716202413503,0.1484321352660361,-0.4943303430083412,0.08103593382949484,0.5009284485736083,-2.177077962350893e-16,-4.0158848468863084e-16
gaze_-5,gaze,ar27_sqrt,19,39,-0.14910671242852125,0.151337892350354,0.21245227546978668,-1.0061693039850677,0.10389223195997956,1.0115187908009529,1.0512424264419451e-15,1.1796119636642288e-16
