split_family,fold,model,capture,fixation,row,source_frame_index,input_valid,point_validity,scheduled_points,scored_points,scored_membership,partial_vector_rms_px,partial_divisor,complete_triple,E_px,worst_point_px,E_normalized,G_theta_deg,G_theta_arcmin,G_A_D,theta_range_deg,A_range_D,pairwise_state_differences,subset_minus_all_state,shared_accommodation_clipping,all_three_available,all_three_state,complete_interior,nominal_theta,demand,reason
capture,capture_1,conditional27,capture_1_detections.pkl,0,1380,1380,True,"[true, true, true]",3,3,"[0, 1, 2]",5.3187204914540605,3,True,5.3187204914540605,6.862289470776259,0.018545587568303313,0.12954855674169122,7.772913404501473,0.1471283877863498,0.16894599072920613,0.18019555371492665,"{""0-1"": {""theta_deg"": -0.16894599072920613, ""A_D"": 0.18019555371492665}, ""0-2"": {""theta_deg"": -0.0230956217389906, ""A_D"": 1.6306860314840854e-06}, ""1-2"": {""theta_deg"": 0.14585036899021553, ""A_D"": -0.18019392302889517}}","[[-0.05962478939678384, 0.059609473663934015], [0.10932120133242229, -0.12058608005099264], [-0.03652916765779324, 0.05960784297790253]]",False,True,"[-9.253290238264002, 0.20074563864707676]",True,-10.0,0.36036036036036034,ok
capture,capture_1,conditional27,capture_1_detections.pkl,0,1928,1928,True,"[true, true, true]",3,3,"[0, 1, 2]",8.676877508419985,3,True,8.676877508419985,10.628563561881512,0.030263839297950408,0.20401713695298646,12.241028217179187,0.19763315801829381,0.27135586955651014,0.2463588829670795,"{""0-1"": {""theta_deg"": -0.27135586955651014, ""A_D"": 0.2463588829670795}, ""0-2"": {""theta_deg"": -0.05077220883080713, ""A_D"": 0.0088607058806848}, ""1-2"": {""theta_deg"": 0.220583660725703, ""A_D"": -0.2374981770863947}}","[[-0.12207023344667078, 0.10560567219823425], [0.14928563610983936, -0.14075321076884525], [-0.07129802461586365, 0.09674496631754945]]",False,True,"[-9.360801393276875, 0.14075321076884748]",False,-10.0,0.36036036036036034,ok
capture,capture_1,conditional27,capture_1_detections.pkl,0,2477,2477,True,"[true, true, true]",3,3,"[0, 1, 2]",7.824463784732696,3,True,7.824463784732696,9.82338145783672,0.02727671699056822,0.20742938880879028,12.445763328527416,0.1942106558136416,0.27917783766687343,0.24965805298197422,"{""0-1"": {""theta_deg"": -0.27917783766687343, ""A_D"": 0.24965805298197422}, ""0-2"": {""theta_deg"": -0.06158104596717351, ""A_D"": 0.025683624765619834}, ""1-2"": {""theta_deg"": 0.21759679169969992, ""A_D"": -0.22397442821635438}}","[[-0.12096723585027824, 0.10180913166374383], [0.1582106018165952, -0.14784892131823038], [-0.059386189883104734, 0.076125506898124]]",False,True,"[-9.378858515349812, 0.14784892131823038]",False,-10.0,0.36036036036036034,ok
capture,capture_1,conditional27,capture_1_detections.pkl,0,3025,3025,True,"[true, true, true]",3,3,"[0, 1, 2]",7.8175113728690215,3,True,7.8175113728690215,9.707414441609032,0.027256073462762855,0.19966932735460002,11.980159641276002,0.18678568209595936,0.268001637688867,0.240852932758296,"{""0-1"": {""theta_deg"": -0.268001637688867, ""A_D"": 0.240852932758296}, ""0-2"": {""theta_deg"": -0.056974186590247555, ""A_D"": 0.026481082562938046}, ""1-2"": {""theta_deg"": 0.21102745109861942, ""A_D"": -0.21437185019535795}}","[[-0.1177143966721168, 0.1004950533532799], [0.15028724101675017, -0.1403578794050161], [-0.06074021008186925, 0.07401397079034186]]",False,True,"[-9.336564867605276, 0.14035787940501693]",False,-10.0,0.36036036036036034,ok
capture,capture_1,conditional27,capture_1_detections.pkl,0,3574,3574,True,"[true, true, true]",3,3,"[0, 1, 2]",9.219040548921836,3,True,9.219040548921836,11.09826316942519,0.03214375144239556,0.21458822822479046,12.875293693487427,0.19918320415228513,0.29277631358012357,0.2565326247665475,"{""0-1"": {""theta_deg"": -0.29277631358012357, ""A_D"": 0.2565326247665475}, ""0-2"": {""theta_deg"": -0.07722397390753954, ""A_D"": 0.027498348489258057}, ""1-2"": {""theta_deg"": 0.21555233967258403, ""A_D"": -0.22903427627728942}}","[[-0.15062451252687303, 0.1252606556497744], [0.14215180105325054, -0.13127196911677308], [-0.07340053861933349, 0.09776230716051634]]",False,True,"[-9.30071180614393, 0.13127196911677308]",False,-10.0,0.36036036036036034,ok
capture,capture_1,conditional27,capture_1_detections.pkl,0,4122,4122,False,"[false, false, false]",3,0,[],,0,False,,,,,,,,,null,null,False,False,null,False,-10.0,0.36036036036036034,invalid_input
capture,capture_1,conditional27,capture_1_detections.pkl,0,4671,4671,True,"[true, true, true]",3,3,"[0, 1, 2]",9.06367083184474,3,True,9.06367083184474,10.903189320766119,0.031607907108092144,0.20545039500611006,12.327023700366604,0.19424567053972572,0.2773119679491707,0.24657861556302813,"{""0-1"": {""theta_deg"": -0.2773119679491707, ""A_D"": 0.24657861556302813}, ""0-2"": {""theta_deg"": -0.06356702648835721, ""A_D"": 0.018426013224234455}, ""1-2"": {""theta_deg"": 0.21374494146081346, ""A_D"": -0.22815260233879367}}","[[-0.13790987731936966, 0.11686897308912372], [0.13940209062980102, -0.1297096424739044], [-0.07434285083101244, 0.09844295986488927]]",False,True,"[-9.303215493472184, 0.1297096424739044]",False,-10.0,0.36036036036036034,ok
capture,capture_1,conditional27,capture_1_detections.pkl,0,5219,5219,True,"[true, true, true]",3,3,"[0, 1, 2]",7.898051086918017,3,True,7.898051086918017,10.366018216520311,0.027570967036263015,0.2365818572707628,14.194911436245768,0.27744671260032266,0.33089097225701103,0.3441930410161297,"{""0-1"": {""theta_deg"": 0.33089097225701103, ""A_D"": -0.33523259985944776}, ""0-2"": {""theta_deg"": 0.1225521749526024, ""A_D"": 0.008960441156681945}, ""1-2"": {""theta_deg"": -0.20833879730440863, ""A_D"": 0.3441930410161297}}","[[0.16304614518607075, -0.11108347770113078], [-0.16784482707094028, 0.22414912215831698], [0.040493970233468346, -0.12004391885781272]]",False,True,"[-9.188749558971725, 0.24294084049530837]",True,-10.0,0.36036036036036034,ok
capture,capture_1,conditional27,capture_1_detections.pkl,1,6180,6180,True,"[true, true, true]",3,3,"[0, 1, 2]",5.525071810668832,3,True,5.525071810668832,7.35056305834498,0.019293152958237532,0.039022098653284924,2.3413259191970957,0.20167489867284052,0.04975626799510113,0.260711704200616,"{""0-1"": {""theta_deg"": -0.045549893026714194, ""A_D"": 0.23051174359780613}, ""0-2"": {""theta_deg"": -0.04975626799510113, ""A_D"": -0.030199960602809883}, ""1-2"": {""theta_deg"": -0.004206374968386939, ""A_D"": -0.260711704200616}}","[[-0.026999115577856614, 0.07453233484088878], [0.01855077744885758, -0.15597940875691735], [0.02275715241724452, 0.10473229544369866]]",False,True,"[-4.806437381970247, 0.3537015520482921]",True,-5.0,0.36036036036036034,ok
capture,capture_1,conditional27,capture_1_detections.pkl,1,6728,6728,True,"[true, true, true]",3,3,"[0, 1, 2]",3.632631357803361,3,True,3.632631357803361,4.821906888743268,0.012689058305716493,0.030478816636627493,1.8287289981976496,0.13909056755784893,0.0416069773785539,0.1848201163390475,"{""0-1"": {""theta_deg"": -0.030554487121187357, ""A_D"": 0.15072319924992278}, ""0-2"": {""theta_deg"": -0.0416069773785539, ""A_D"": -0.03409691708912471}, ""1-2"": {""theta_deg"": -0.011052490257366543, ""A_D"": -0.1848201163390475}}","[[-0.020121701733596176, 0.04495683091546965], [0.010432785387591181, -0.10576636833445313], [0.021485275644957724, 0.07905374800459436]]",False,True,"[-4.743640765763721, 0.37403332054116606]",True,-5.0,0.36036036036036034,ok
capture,capture_1,conditional27,capture_1_detections.pkl,1,7277,7277,True,"[true, true, true]",3,3,"[0, 1, 2]",3.729400016555409,3,True,3.729400016555409,4.896102410158759,0.013030727905055526,0.031478987534359806,1.8887392520615884,0.1414805385570041,0.043433701123882784,0.19180228819569814,"{""0-1"": {""theta_deg"": -0.030174107167572295, ""A_D"": 0.14523699179240737}, ""0-2"": {""theta_deg"": -0.043433701123882784, ""A_D"": -0.04656529640329077}, ""1-2"": {""theta_deg"": -0.01325959395631049, ""A_D"": -0.19180228819569814}}","[[-0.01895005923601012, 0.03950427541053997], [0.011224047931562176, -0.1057327163818674], [0.024483641887872665, 0.08606957181383074]]",False,True,"[-4.764960697453476, 0.34128104252478064]",True,-5.0,0.36036036036036034,ok
capture,capture_1,conditional27,capture_1_detections.pkl,1,7825,7825,True,"[true, true, true]",3,3,"[0, 1, 2]",4.874305058979547,3,True,4.874305058979547,6.375275964511048,0.01703085846075386,0.029504627536978207,1.7702776522186925,0.17498783124576983,0.03993034727356903,0.23728316475282735,"{""0-1"": {""theta_deg"": -0.03045135950691158, ""A_D"": 0.17949909152531807}, ""0-2"": {""theta_deg"": -0.03993034727356903, ""A_D"": -0.05778407322750928}, ""1-2"": {""theta_deg"": -0.009478987766657454, ""A_D"": -0.23728316475282735}}","[[-0.015697792299318003, 0.04633682875894851], [0.014753567207593576, -0.13316226276636955], [0.02423255497425103, 0.10412090198645779]]",False,True,"[-4.768232514605152, 0.3130585371248152]",True,-5.0,0.36036036036036034,ok
capture,capture_1,conditional27,capture_1_detections.pkl,1,8374,8374,True,"[true, true, true]",3,3,"[0, 1, 2]",3.893969377113088,3,True,3.893969377113088,5.049573862084398,0.013604215897742645,0.02974097607216436,1.7844585643298616,0.1452112011759883,0.04143249890197165,0.20000214067165506,"{""0-1"": {""theta_deg"": -0.02698518178760967, ""A_D"": 0.14035943025699676}, ""0-2"": {""theta_deg"": -0.04143249890197165, ""A_D"": -0.059642710414658295}, ""1-2"": {""theta_deg"": -0.01444731711436198, ""A_D"": -0.20000214067165506}}","[[-0.015379524694658642, 0.0332791313841414], [0.011605657092951027, -0.10708029887285536], [0.026052974207313007, 0.0929218417987997]]",False,True,"[-4.781510494212302, 0.31222327551895906]",True,-5.0,0.36036036036036034,ok
capture,capture_1,conditional27,capture_1_detections.pkl,1,8922,8922,True,"[true, true, true]",3,3,"[0, 1, 2]",4.392703631417775,3,True,4.392703631417775,5.684555436393987,0.015344016491453763,0.030820445983961737,1.8492267590377043,0.16056213265450955,0.04262084379087572,0.22164277414162808,"{""0-1"": {""theta_deg"": -0.029212800770864078, ""A_D"": 0.15355495896632632}, ""0-2"": {""theta_deg"": -0.04262084379087572, ""A_D"": -0.06808781517530177}, ""1-2"": {""theta_deg"": -0.01340804302001164, ""A_D"": -0.22164277414162808}}","[[-0.015163257357850846, 0.03521573231016173], [0.014049543413013232, -0.11833922665616459], [0.027457586433024872, 0.1033035474854635]]",False,True,"[-4.80707875138197, 0.2959417441557369]",True,-5.0,0.36036036036036034,ok
capture,capture_1,conditional27,capture_1_detections.pkl,1,9471,9471,True,"[true, true, true]",3,3,"[0, 1, 2]",5.222071664570864,3,True,5.222071664570864,6.792623266517512,0.018240803542469423,0.044444985563600665,2.66669913381604,0.19227142800510905,0.06154434827702193,0.2640192874975188,"{""0-1"": {""theta_deg"": -0.04182907284431803, ""A_D"": 0.18833738924476368}, ""0-2"": {""theta_deg"": -0.06154434827702193, ""A_D"": -0.07568189825275512}, ""1-2"": {""theta_deg"": -0.019715275432703905, ""A_D"": -0.2640192874975188}}","[[-0.0240693931109206, 0.048531134851224844], [0.017759679733397427, -0.13980625439353883], [0.03747495516610133, 0.12421303310397996]]",False,True,"[-4.813406765165164, 0.2869914961635254]",True,-5.0,0.36036036036036034,ok
capture,capture_1,conditional27,capture_1_detections.pkl,1,10019,10019,True,"[true, true, true]",3,3,"[0, 1, 2]",5.9479245285389055,3,True,5.9479245285389055,7.791233043991251,0.02077558394768821,0.042330391172193296,2.539823470331598,0.21104732740649537,0.05679959493766873,0.286507753990763,"{""0-1"": {""theta_deg"": -0.04477500850179261, ""A_D"": 0.2156862025518137}, ""0-2"": {""theta_deg"": -0.05679959493766873, ""A_D"": -0.0708215514389493}, ""1-2"": {""theta_deg"": -0.012024586435876117, ""A_D"": -0.286507753990763}}","[[-0.023530956094816702, 0.05822234328329101], [0.02124405240697591, -0.1574638592685227], [0.03326863884285203, 0.12904389472224032]]",False,True,"[-4.7992096494515, 0.2807568624900087]",True,-5.0,0.36036036036036034,ok
capture,capture_1,conditional27,capture_1_detections.pkl,2,11090,11090,True,"[true, true, true]",3,3,"[0, 1, 2]",2.1805220676432184,3,True,2.1805220676432184,2.8055241998423233,0.0076342919949265635,0.05054607790597708,3.0327646743586247,0.09804832488745142,0.0709838012722061,0.13829968345990212,"{""0-1"": {""theta_deg"": -0.0709838012722061, ""A_D"": -0.13829968345990212}, ""0-2"": {""theta_deg"": -0.028188890624702284, ""A_D"": -0.06048328612688725}, ""1-2"": {""theta_deg"": 0.04279491064750381, ""A_D"": 0.07781639733301488}}","[[-0.025777681336410008, -0.06576108934418967], [0.04520611993579609, 0.07253859411571245], [0.0024112092882922764, -0.005277803217302424]]",False,True,"[-0.10021372405010859, 0.4322564772958823]",True,0.0,0.36036036036036034,ok
capture,capture_1,conditional27,capture_1_detections.pkl,2,11650,11650,True,"[true, true, true]",3,3,"[0, 1, 2]",1.3021601567633247,3,True,1.3021601567633247,1.7007018111370398,0.0045639447279923525,0.026523714685739507,1.5914228811443705,0.062370266977716936,0.036025031197788576,0.08443943852577546,"{""0-1"": {""theta_deg"": -0.008962156131196886, ""A_D"": -0.06430050775416157}, ""0-2"": {""theta_deg"": -0.036025031197788576, ""A_D"": -0.08443943852577546}, ""1-2"": {""theta_deg"": -0.02706287506659169, ""A_D"": -0.020138930771613883}}","[[-0.008111213198643635, -0.05343505113599045], [0.0008509429325532503, 0.010865456618171121], [0.02791381799914494, 0.031004387389785004]]",False,True,"[-0.21717136972747192, 0.3664077452896757]",True,0.0,0.36036036036036034,ok
capture,capture_1,conditional27,capture_1_detections.pkl,2,12210,12210,True,"[true, true, true]",3,3,"[0, 1, 2]",2.1815660373512578,3,True,2.1815660373512578,2.5827310396581504,0.007639786635437569,0.06066260852169802,3.639756511301881,0.08491986873597679,0.08566526566679192,0.11948469215666963,"{""0-1"": {""theta_deg"": 0.0468357319657752, ""A_D"": 0.04927179621824096}, ""0-2"": {""theta_deg"": -0.038829533701016716, ""A_D"": -0.07021289593842867}, ""1-2"": {""theta_deg"": -0.08566526566679192, ""A_D"": -0.11948469215666963}}","[[0.0075865905228587605, -0.010070809600779052], [-0.03924914144291644, -0.05934260581902001], [0.04641612422387548, 0.060142086337649614]]",False,True,"[-0.20049943245305435, 0.35437511442239744]",True,0.0,0.36036036036036034,ok
capture,capture_1,conditional27,capture_1_detections.pkl,2,12770,12770,True,"[true, true, true]",3,3,"[0, 1, 2]",3.104597394749447,3,True,3.104597394749447,4.001194497676889,0.010868609881022645,0.1076899635599715,6.46139781359829,0.1344145087666697,0.1522027147258343,0.18952587156602324,"{""0-1"": {""theta_deg"": 0.07147074186530639, ""A_D"": 0.10744553235595883}, ""0-2"": {""theta_deg"": -0.08073197286052791, ""A_D"": -0.08208033921006441}, ""1-2"": {""theta_deg"": -0.1522027147258343, ""A_D"": -0.18952587156602324}}","[[0.009092700268549886, 0.014073783628296865], [-0.0623780415967565, -0.09337174872766196], [0.0898246731290778, 0.09615412283836128]]",False,True,"[-0.18136463577827586, 0.36692061687315086]",True,0.0,0.36036036036036034,ok
capture,capture_1,conditional27,capture_1_detections.pkl,2,13329,13329,True,"[true, true, true]",3,3,"[0, 1, 2]",3.1659060085236153,3,True,3.1659060085236153,4.166089051271024,0.01108513705787135,0.0788874108859433,4.733244653156598,0.12146162449192799,0.11081733961721657,0.1675025774075005,"{""0-1"": {""theta_deg"": 0.06656543119143482, ""A_D"": 0.11671421117294903}, ""0-2"": {""theta_deg"": -0.04425190842578175, ""A_D"": -0.05078836623455146}, ""1-2"": {""theta_deg"": -0.11081733961721657, ""A_D"": -0.1675025774075005}}","[[0.012233748419404833, 0.02298218500877547], [-0.05433168277202999, -0.09373202616417356], [0.05648565684518658, 0.07377055124332693]]",False,True,"[-0.2055223504070965, 0.3384650031396767]",True,0.0,0.36036036036036034,ok
capture,capture_1,conditional27,capture_1_detections.pkl,2,13889,13889,True,"[true, true, true]",3,3,"[0, 1, 2]",5.427230407080956,3,True,5.427230407080956,7.228614495873975,0.01900556512139821,0.13209682872224074,7.925809723334444,0.20401771150756046,0.18464527484005577,0.2757222882155391,"{""0-1"": {""theta_deg"": 0.11689803359465156, ""A_D"": 0.21146654302023818}, ""0-2"": {""theta_deg"": -0.06774724124540421, ""A_D"": -0.06425574519530092}, ""1-2"": {""theta_deg"": -0.18464527484005577, ""A_D"": -0.2757222882155391}}","[[0.025889310325724613, 0.05473070901147603], [-0.09100872326892695, -0.15673583400876215], [0.09363655157112882, 0.11898645420677695]]",False,True,"[-0.26131894905830266, 0.31312800655488865]",True,0.0,0.36036036036036034,ok
capture,capture_1,conditional27,capture_1_detections.pkl,2,14449,14449,True,"[true, true, true]",3,3,"[0, 1, 2]",4.443259615616147,3,True,4.443259615616147,5.906583969419813,0.015555087466586391,0.11332482481755338,6.799489489053203,0.17270898207605792,0.1593110629985141,0.2356646265857005,"{""0-1"": {""theta_deg"": 0.09478043760165472, ""A_D"": 0.17341312443112802}, ""0-2"": {""theta_deg"": -0.06453062539685939, ""A_D"": -0.06225150215457248}, ""1-2"": {""theta_deg"": -0.1593110629985141, ""A_D"": -0.2356646265857005}}","[[0.018433090486740578, 0.041695898388622366], [-0.07634734711491414, -0.13171722604250566], [0.08296371588359996, 0.10394740054319485]]",False,True,"[-0.22531378094151638, 0.3383630579101058]",True,0.0,0.36036036036036034,ok
capture,capture_1,conditional27,capture_1_detections.pkl,2,15009,15009,True,"[true, true, true]",3,3,"[0, 1, 2]",4.315271968531606,3,True,4.315271968531606,5.740262189422945,0.01509936484637732,0.13143052542404532,7.885831525442719,0.18374607537730334,0.18582072715370057,0.2522706110836411,"{""0-1"": {""theta_deg"": 0.08917304636882387, ""A_D"": 0.18011293435651718}, ""0-2"": {""theta_deg"": -0.0966476807848767, ""A_D"": -0.07215767672712398}, ""1-2"": {""theta_deg"": -0.18582072715370057, ""A_D"": -0.2522706110836411}}","[[0.011406192289307338, 0.047517690638827714], [-0.07776685407951653, -0.13259524371768946], [0.10805387307418404, 0.11967536736595169]]",False,True,"[-0.1587302473354059, 0.3724602518774766]",True,0.0,0.36036036036036034,ok
capture,capture_1,conditional27,capture_1_detections.pkl,3,16000,16000,True,"[true, true, true]",3,3,"[0, 1, 2]",8.228495109625797,3,True,8.228495109625797,11.258107530265622,0.029018348151688415,0.6706179895224091,40.23707937134455,0.5474100004745011,0.849791219157078,0.6955458508194525,"{""0-1"": {""theta_deg"": -0.7895651787631124, ""A_D"": -0.6955458508194525}, ""0-2"": {""theta_deg"": 0.06022604039396562, ""A_D"": -0.05341168477991298}, ""1-2"": {""theta_deg"": 0.849791219157078, ""A_D"": 0.6421341660395394}}","[[-0.2617682329127886, -0.2671634329813401], [0.5277969458503238, 0.4283824178381124], [-0.32199427330675423, -0.21375174820142712]]",False,True,"[4.86587152626277, 0.7133206940999794]",True,5.0,0.36036036036036034,ok
capture,capture_1,conditional27,capture_1_detections.pkl,3,16571,16571,True,"[true, true, true]",3,3,"[0, 1, 2]",3.443700906047312,3,True,3.443700906047312,3.8421138391610503,0.01215793267581296,0.24194396064074544,14.516637638444726,0.17951100466967648,0.3384523805325026,0.2257557904119527,"{""0-1"": {""theta_deg"": -0.21273262335042187, ""A_D"": -0.2257557904119527}, ""0-2"": {""theta_deg"": 0.12571975718208073, ""A_D"": -0.012319238105352848}, ""1-2"": {""theta_deg"": 0.3384523805325026, ""A_D"": 0.21343655230659986}}","[[-0.0853870561605019, -0.12361814305370056], [0.12734556718991996, 0.10213764735825215], [-0.21110681334258263, -0.11129890494834771]]",False,True,"[4.824779703478626, 0.5677406076989462]",True,5.0,0.36036036036036034,ok
capture,capture_1,conditional27,capture_1_detections.pkl,3,17143,17143,True,"[true, true, true]",3,3,"[0, 1, 2]",4.419319521587232,3,True,4.419319521587232,4.784146287794338,0.015608314194803378,0.3154219507668831,18.92531704601299,0.2485864980344556,0.428805110433375,0.3226552101322936,"{""0-1"": {""theta_deg"": -0.32085039919694314, ""A_D"": -0.3226552101322936}, ""0-2"": {""theta_deg"": 0.10795471123643186, ""A_D"": -0.04044302359102364}, ""1-2"": {""theta_deg"": 0.428805110433375, ""A_D"": 0.28221218654126995}}","[[-0.129079102797637, -0.16845923627127124], [0.19177129639930612, 0.15419597386102235], [-0.23703381403406887, -0.1280162126802476]]",False,True,"[4.792137821469159, 0.5679693322039907]",True,5.0,0.36036036036036034,ok
capture,capture_1,conditional27,capture_1_detections.pkl,3,17714,17714,True,"[true, true, true]",3,3,"[0, 1, 2]",4.347010143244009,3,True,4.347010143244009,5.007558754954507,0.015352785544153395,0.28873727717009845,17.324236630205906,0.23287832969380873,0.3909800522476532,0.3084957721773571,"{""0-1"": {""theta_deg"": -0.297493809875804, ""A_D"": -0.3084957721773571}, ""0-2"": {""theta_deg"": 0.09348624237184922, ""A_D"": -0.05439177173913273}, ""1-2"": {""theta_deg"": 0.3909800522476532, ""A_D"": 0.25410400043822434}}","[[-0.12633833311787956, -0.16947431987560985], [0.17115547675792442, 0.13902145230174723], [-0.21982457548972878, -0.11508254813647711]]",False,True,"[4.777247256848306, 0.538736643639337]",True,5.0,0.36036036036036034,ok
capture,capture_1,conditional27,capture_1_detections.pkl,3,18285,18285,True,"[true, true, true]",3,3,"[0, 1, 2]",4.259305773104831,3,True,4.259305773104831,5.2954030713230695,0.015047681433659943,0.24621337791233922,14.772802674740353,0.20603818834328183,0.33234270047597736,0.2804627372175138,"{""0-1"": {""theta_deg"": -0.2561312761759176, ""A_D"": -0.2804627372175138}, ""0-2"": {""theta_deg"": 0.07621142430005978, ""A_D"": -0.07179824535680124}, ""1-2"": {""theta_deg"": 0.33234270047597736, ""A_D"": 0.20866449186071256}}","[[-0.1175394581649698, -0.1665342592771235], [0.13859181801094778, 0.1139284779403903], [-0.19375088246502958, -0.09473601392032227]]",False,True,"[4.673654998860751, 0.4706365349723378]",True,5.0,0.36036036036036034,ok
capture,capture_1,conditional27,capture_1_detections.pkl,3,18856,18856,True,"[true, true, true]",3,3,"[0, 1, 2]",4.7452178807600625,3,True,4.7452178807600625,5.352540235885115,0.016758430541010547,0.336985080743876,20.21910484463256,0.2702801067064603,0.4492180934277785,0.35497157143341346,"{""0-1"": {""theta_deg"": -0.3624159600701091, ""A_D"": -0.35497157143341346}, ""0-2"": {""theta_deg"": 0.0868021333576694, ""A_D"": -0.05471204370542354}, ""1-2"": {""theta_deg"": 0.4492180934277785, ""A_D"": 0.3002595277279899}}","[[-0.1460276573629269, -0.18151420003786517], [0.21638830270718223, 0.1734573713955483], [-0.23282979072059629, -0.12680215633244163]]",False,True,"[4.848690637314076, 0.549338017457403]",True,5.0,0.36036036036036034,ok
capture,capture_1,conditional27,capture_1_detections.pkl,3,19428,19428,True,"[true, true, true]",3,3,"[0, 1, 2]",4.335072510488822,3,True,4.335072510488822,5.16710587193517,0.015318708414246754,0.2669533608893482,16.017201653360893,0.2159525119104665,0.3594098282927938,0.29095730699639205,"{""0-1"": {""theta_deg"": -0.279777771755672, ""A_D"": -0.29095730699639205}, ""0-2"": {""theta_deg"": 0.0796320565371218, ""A_D"": -0.06509759086702821}, ""1-2"": {""theta_deg"": 0.3594098282927938, ""A_D"": 0.22585971612936384}}","[[-0.12249206566506032, -0.16523919972443035], [0.15728570609061165, 0.1257181072719617], [-0.20212412220218212, -0.10014160885740214]]",False,True,"[4.748143898043661, 0.4491283579989283]",True,5.0,0.36036036036036034,ok
capture,capture_1,conditional27,capture_1_detections.pkl,3,19999,19999,True,"[true, true, true]",3,3,"[0, 1, 2]",4.283235429423288,3,True,4.283235429423288,5.793544160020153,0.015152199320196548,0.13755740939769662,8.253444563861796,0.11010015707163966,0.19445293997387925,0.15527077113329835,"{""0-1"": {""theta_deg"": -0.09231709915714337, ""A_D"": -0.15527077113329835}, ""0-2"": {""theta_deg"": 0.10213584081673588, ""A_D"": -0.06757021768167337}, ""1-2"": {""theta_deg"": 0.19445293997387925, ""A_D"": 0.08770055345162497}}","[[-0.0636108959936239, -0.12892624157499394], [0.02870620316351946, 0.026344529558304408], [-0.16574673681035978, -0.061356023893320566]]",False,True,"[4.616594072415194, 0.3281669172536118]",True,5.0,0.36036036036036034,ok
capture,capture_1,conditional27,capture_1_detections.pkl,4,21020,21020,True,"[true, true, true]",3,3,"[0, 1, 2]",4.773697661837063,3,True,4.773697661837063,6.82673154717181,0.016742818947162005,0.6037693516639066,36.22616109983439,0.3468136479195934,0.8078074430508853,0.46889118398589824,"{""0-1"": {""theta_deg"": -0.6434689448502695, ""A_D"": -0.35904636550648084}, ""0-2"": {""theta_deg"": 0.16433849820061575, ""A_D"": 0.1098448184794174}, ""1-2"": {""theta_deg"": 0.8078074430508853, ""A_D"": 0.46889118398589824}}","[[-0.13209694652535298, -0.062496255401711664], [0.5113719983249165, 0.29655011010476917], [-0.2964354447259687, -0.17234107388112907]]",False,True,"[10.460596747911381, 1.118580002078823]",True,10.0,0.36036036036036034,ok
capture,capture_1,conditional27,capture_1_detections.pkl,4,21614,21614,True,"[true, true, true]",3,3,"[0, 1, 2]",5.6200485064752845,3,True,5.6200485064752845,7.948254575850362,0.019705538547087554,0.7051217230552927,42.30730338331757,0.41743546451619523,0.8884503471876499,0.540026555514366,"{""0-1"": {""theta_deg"": -0.8363819686685829, ""A_D"": -0.47654908593156375}, ""0-2"": {""theta_deg"": 0.05206837851906698, ""A_D"": 0.0634774695828022}, ""1-2"": {""theta_deg"": 0.8884503471876499, ""A_D"": 0.540026555514366}}","[[-0.19826318713754354, -0.09760675339018166], [0.6381187815310394, 0.3789423325413821], [-0.2503315656566105, -0.16108422297298386]]",False,True,"[10.635023424504189, 1.253917268284088]",True,10.0,0.36036036036036034,ok
capture,capture_1,conditional27,capture_1_detections.pkl,4,22208,22208,True,"[true, true, true]",3,3,"[0, 1, 2]",4.151315187822893,3,True,4.151315187822893,5.959914700226111,0.014556391131216031,0.5092899692787551,30.55739815672531,0.2957935474906845,0.6486946787403429,0.3825694537054597,"{""0-1"": {""theta_deg"": -0.5953839043248017, ""A_D"": -0.3378152490121602}, ""0-2"": {""theta_deg"": 0.05331077441554122, ""A_D"": 0.04475420469329949}, ""1-2"": {""theta_deg"": 0.6486946787403429, ""A_D"": 0.3825694537054597}}","[[-0.1562678544963596, -0.08145589703588896], [0.4391160498284421, 0.25635935197627124], [-0.20957862891190082, -0.12621010172918845]]",False,True,"[10.399648567103664, 1.115940858703067]",True,10.0,0.36036036036036034,ok
capture,capture_1,conditional27,capture_1_detections.pkl,4,22802,22802,True,"[true, true, true]",3,3,"[0, 1, 2]",4.718685488727676,3,True,4.718685488727676,6.330326067991077,0.0165213449733492,0.4861452915084237,29.168717490505422,0.2868134280752374,0.632855180299897,0.3522471672061369,"{""0-1"": {""theta_deg"": -0.632855180299897, ""A_D"": -0.35029121458782675}, ""0-2"": {""theta_deg"": -0.08377633341703472, ""A_D"": 0.001955952618310164}, ""1-2"": {""theta_deg"": 0.5490788468828622, ""A_D"": 0.3522471672061369}}","[[-0.14400939569046045, -0.06105889615811044], [0.4888457846094365, 0.2892323184297163], [-0.06023306227342573, -0.0630148487764206]]",False,True,"[10.82036877990874, 1.2491472888270598]",True,10.0,0.36036036036036034,ok
capture,capture_1,conditional27,capture_1_detections.pkl,4,23397,23397,True,"[true, true, true]",3,3,"[0, 1, 2]",4.146264364892067,3,True,4.146264364892067,5.351405083264697,0.014504616997736693,0.3899475858005275,23.39685514803165,0.23125797307015267,0.49668114141342734,0.3142972975392244,"{""0-1"": {""theta_deg"": -0.4558726461328533, ""A_D"": -0.23546392015666906}, ""0-2"": {""theta_deg"": 0.040808495280574064, ""A_D"": 0.07883337738255536}, ""1-2"": {""theta_deg"": 0.49668114141342734, ""A_D"": 0.3142972975392244}}","[[-0.036877561922480595, 0.009328928344135345], [0.4189950842103727, 0.2447928485008044], [-0.07768605720305466, -0.06950444903842001]]",False,True,"[10.953880678915294, 1.3273446395817632]",True,10.0,0.36036036036036034,ok
capture,capture_1,conditional27,capture_1_detections.pkl,4,23991,23991,True,"[true, true, true]",3,3,"[0, 1, 2]",3.767523202922737,3,True,3.767523202922737,4.76794029941355,0.013174631716987972,0.326004625453025,19.5602775271815,0.18947588343673302,0.40758753209147613,0.2506513877221581,"{""0-1"": {""theta_deg"": -0.40758753209147613, ""A_D"": -0.20737492896362553}, ""0-2"": {""theta_deg"": -0.01718501360407032, ""A_D"": 0.04327645875853259}, ""1-2"": {""theta_deg"": 0.3904025184874058, ""A_D"": 0.2506513877221581}}","[[-0.04663879344422206, 0.0020957620731218984], [0.3609487386472541, 0.20947069103674743], [-0.02945377984015174, -0.04118069668541069]]",False,True,"[10.8286843114199, 1.2823788901547277]",True,10.0,0.36036036036036034,ok
capture,capture_1,conditional27,capture_1_detections.pkl,4,24585,24585,True,"[true, true, true]",3,3,"[0, 1, 2]",3.044334235705003,3,True,3.044334235705003,4.050035891400652,0.010656522472627543,0.2963637881932949,17.781827291597693,0.17417339953584793,0.37518400307319766,0.23333224050130785,"{""0-1"": {""theta_deg"": -0.3493787911916826, ""A_D"": -0.1850152886127565}, ""0-2"": {""theta_deg"": 0.025805211881515078, ""A_D"": 0.04831695188855134}, ""1-2"": {""theta_deg"": 0.37518400307319766, ""A_D"": 0.23333224050130785}}","[[-0.05037570422284077, -0.010958477664100519], [0.2990030869688418, 0.174056810948656], [-0.07618091610435584, -0.05927542955265186]]",False,True,"[10.747625187260283, 1.2200799902985338]",True,10.0,0.36036036036036034,ok
capture,capture_1,conditional27,capture_1_detections.pkl,4,25179,25179,True,"[true, true, true]",3,3,"[0, 1, 2]",2.181497417327868,3,True,2.181497417327868,2.7409786494813195,0.00763448946821324,0.17592769510963996,10.555661706578398,0.10313464923062281,0.23253175978466345,0.14393432609062362,"{""0-1"": {""theta_deg"": -0.19289855163533787, ""A_D"": -0.09239548009576715}, ""0-2"": {""theta_deg"": 0.03963320814932558, ""A_D"": 0.051538845994856475}, ""1-2"": {""theta_deg"": 0.23253175978466345, ""A_D"": 0.14393432609062362}}","[[-0.00566832041024945, 0.014079384911581228], [0.18723023122508842, 0.10647486500734837], [-0.04530152855957503, -0.03745946108327525]]",False,True,"[10.487168068622747, 1.1038847400006362]",True,10.0,0.36036036036036034,ok
capture,capture_1,conditional37,capture_1_detections.pkl,0,1380,1380,True,"[true, true, true]",3,3,"[0, 1, 2]",7.0438725672879015,3,True,7.0438725672879015,9.64711590607402,0.02456093636176286,0.25132610472420297,15.079566283452179,0.3290677534846892,0.3399307485904597,0.41574766920162376,"{""0-1"": {""theta_deg"": -0.3399307485904597, ""A_D"": 0.3889643816767241}, ""0-2"": {""theta_deg"": -0.08006247670116551, ""A_D"": -0.026783287524899668}, ""1-2"": {""theta_deg"": 0.2598682718892942, ""A_D"": -0.41574766920162376}}","[[-0.12924963031504078, 0.13025469105527665], [0.2106811182754189, -0.25870969062144744], [-0.04918715361387527, 0.15703797858017632]]",False,True,"[-9.253608921009066, 0.3521124846732482]",True,-10.0,0.36036036036036034,ok
capture,capture_1,conditional37,capture_1_detections.pkl,0,1928,1928,True,"[true, true, true]",3,3,"[0, 1, 2]",10.277868528917933,3,True,10.277868528917933,13.14317471292421,0.03584789126996383,0.3626321401651327,21.75792840990796,0.41041617121903573,0.4938905910107394,0.5067756023010469,"{""0-1"": {""theta_deg"": -0.4938905910107394, ""A_D"": 0.49843068939959645}, ""0-2"": {""theta_deg"": -0.12733272633133375, ""A_D"": -0.008344912901450452}, ""1-2"": {""theta_deg"": 0.36655786467940565, ""A_D"": -0.5067756023010469}}","[[-0.22673253199957877, 0.21547630770119275], [0.26715805901116063, -0.2829543816984037], [-0.09939980566824502, 0.2238212206026432]]",False,True,"[-9.366898847311807, 0.2829543816984037]",False,-10.0,0.36036036036036034,ok
capture,capture_1,conditional37,capture_1_detections.pkl,0,2477,2477,True,"[true, true, true]",3,3,"[0, 1, 2]",9.391030198318466,3,True,9.391030198318466,12.269760593840717,0.03273789489181762,0.3616579293443295,21.69947576065977,0.39867782167553567,0.4949319406236139,0.49471776562215697,"{""0-1"": {""theta_deg"": -0.4949319406236139, ""A_D"": 0.49471776562215697}, ""0-2"": {""theta_deg"": -0.13576786200486346, ""A_D"": 0.013143687899879908}, ""1-2"": {""theta_deg"": 0.35916407861875044, ""A_D"": -0.48157407772227706}}","[[-0.21898921707023788, 0.20500920839360498], [0.275942723553376, -0.289708557228552], [-0.08322135506537442, 0.19186552049372507]]",False,True,"[-9.383771625749212, 0.289708557228552]",False,-10.0,0.36036036036036034,ok
capture,capture_1,conditional37,capture_1_detections.pkl,0,3025,3025,True,"[true, true, true]",3,3,"[0, 1, 2]",9.351738310209242,3,True,9.351738310209242,12.114599781648861,0.03260521849347201,0.3486643561640956,20.919861369845734,0.38437631102166697,0.4769493104584388,0.47700559163012207,"{""0-1"": {""theta_deg"": -0.4769493104584388, ""A_D"": 0.47700559163012207}, ""0-2"": {""theta_deg"": -0.13012445297329478, ""A_D"": 0.012744137338501493}, ""1-2"": {""theta_deg"": 0.346824857485144, ""A_D"": -0.4642614542916206}}","[[-0.21471396771397444, 0.20117733681777522], [0.26223534274446436, -0.27582825481234685], [-0.08458951474067966, 0.18843319947927373]]",False,True,"[-9.335656908792165, 0.27582825481234685]",False,-10.0,0.36036036036036034,ok
capture,capture_1,conditional37,capture_1_detections.pkl,0,3574,3574,True,"[true, true, true]",3,3,"[0, 1, 2]",10.74639482918056,3,True,10.74639482918056,13.41885307707071,0.03746913168002312,0.3726504806647817,22.3590288398869,0.4107227794905927,0.514601518491542,0.5131122636857789,"{""0-1"": {""theta_deg"": -0.514601518491542, ""A_D"": 0.5131122636857789}, ""0-2"": {""theta_deg"": -0.15885519568809414, ""A_D"": 0.020809114830671716}, ""1-2"": {""theta_deg"": 0.35574632280344787, ""A_D"": -0.4923031488551072}}","[[-0.26081169699583917, 0.24608454785775552], [0.25378982149570284, -0.26702771582802337], [-0.10195650130774503, 0.2252754330270838]]",False,True,"[-9.30098670364112, 0.26702771582802337]",False,-10.0,0.36036036036036034,ok
capture,capture_1,conditional37,capture_1_detections.pkl,0,4122,4122,False,"[false, false, false]",3,0,[],,0,False,,,,,,,,,null,null,False,False,null,False,-10.0,0.36036036036036034,invalid_input
capture,capture_1,conditional37,capture_1_detections.pkl,0,4671,4671,True,"[true, true, true]",3,3,"[0, 1, 2]",10.612859157291707,3,True,10.612859157291707,13.289061313748766,0.03701042023904422,0.36150214068196157,21.690128440917693,0.4031589206333252,0.4965370096157038,0.49684737027672277,"{""0-1"": {""theta_deg"": -0.4965370096157038, ""A_D"": 0.49684737027672277}, ""0-2"": {""theta_deg"": -0.14284580735667696, ""A_D"": 0.00621986411942993}, ""1-2"": {""theta_deg"": 0.35369120225902684, ""A_D"": -0.49062750615729284}}","[[-0.2461392477452229, 0.23238982308087136], [0.2503977618704809, -0.2644575471958514], [-0.10329344038854593, 0.22616995896144143]]",False,True,"[-9.302773659440614, 0.26445754719585157]",False,-10.0,0.36036036036036034,ok
capture,capture_1,conditional37,capture_1_detections.pkl,0,5219,5219,True,"[true, true, true]",3,3,"[0, 1, 2]",7.191197846297761,3,True,7.191197846297761,9.688488398888566,0.025103443443145607,0.3027458453500181,18.164750721001084,0.39166118695830254,0.41460037947611106,0.4990609809889438,"{""0-1"": {""theta_deg"": 0.41460037947611106, ""A_D"": -0.4990609809889438}, ""0-2"": {""theta_deg"": 0.11476660492289703, ""A_D"": -0.04144077187496775}, ""1-2"": {""theta_deg"": -0.299833774553214, ""A_D"": 0.45762020911397605}}","[[0.17984122000375535, -0.14880228392203831], [-0.2347591594723557, 0.3502586970669055], [0.06507461508085832, -0.10736151204707056]]",False,True,"[-9.1482980415376, 0.35705462288078726]",True,-10.0,0.36036036036036034,ok
capture,capture_1,conditional37,capture_1_detections.pkl,1,6180,6180,True,"[true, true, true]",3,3,"[0, 1, 2]",6.154588346107698,3,True,6.154588346107698,8.022335409468814,0.021491379374862434,0.035060072514330916,2.1036043508598548,0.23695688250631516,0.043100925650495725,0.3002006609943413,"{""0-1"": {""theta_deg"": -0.04277652423847389, ""A_D"": 0.2790674526818108}, ""0-2"": {""theta_deg"": -0.043100925650495725, ""A_D"": -0.02113320831253046}, ""1-2"": {""theta_deg"": -0.00032440141202183526, ""A_D"": -0.3002006609943413}}","[[-0.02405606912689695, 0.09369070427098364], [0.01872045511157694, -0.18537674841082719], [0.019044856523598774, 0.1148239125835141]]",False,True,"[-4.63472447930267, 0.3526677636595253]",True,-5.0,0.36036036036036034,ok
capture,capture_1,conditional37,capture_1_detections.pkl,1,6728,6728,True,"[true, true, true]",3,3,"[0, 1, 2]",4.216313699868886,3,True,4.216313699868886,5.504569457209718,0.014727905229882567,0.02357877895389518,1.414726737233711,0.1665290459486771,0.031071157692319495,0.214082360555677,"{""0-1"": {""theta_deg"": -0.026017734882931798, ""A_D"": 0.19203789722059314}, ""0-2"": {""theta_deg"": -0.031071157692319495, ""A_D"": -0.022044463335083864}, ""1-2"": {""theta_deg"": -0.005053422809387698, ""A_D"": -0.214082360555677}}","[[-0.016157684089321833, 0.06085222919248545], [0.009860050793609965, -0.1311856680281077], [0.014913473602997662, 0.08289669252756932]]",False,True,"[-4.571086147392504, 0.370011090059916]",True,-5.0,0.36036036036036034,ok
capture,capture_1,conditional37,capture_1_detections.pkl,1,7277,7277,True,"[true, true, true]",3,3,"[0, 1, 2]",4.318275845242994,3,True,4.318275845242994,5.609272370224791,0.015088292301319852,0.02469433744836367,1.48166024690182,0.16819078960835146,0.03296842323795435,0.22151167725042445,"{""0-1"": {""theta_deg"": -0.02646057142217284, ""A_D"": 0.1858001268482273}, ""0-2"": {""theta_deg"": -0.03296842323795435, ""A_D"": -0.035711550402197145}, ""1-2"": {""theta_deg"": -0.006507851815781507, ""A_D"": -0.22151167725042445}}","[[-0.015236646810426357, 0.05479188657175027], [0.011223924611746483, -0.13100824027647703], [0.01773177642752799, 0.09050343697394742]]",False,True,"[-4.592701963046176, 0.33473515978716073]",True,-5.0,0.36036036036036034,ok
capture,capture_1,conditional37,capture_1_detections.pkl,1,7825,7825,True,"[true, true, true]",3,3,"[0, 1, 2]",5.507123749298121,3,True,5.507123749298121,7.085964039361662,0.019241931714423295,0.024156413268086572,1.4493847960851942,0.20420893239724267,0.03110805152807039,0.27133115075665243,"{""0-1"": {""theta_deg"": -0.027781670695217642, ""A_D"": 0.2213188711586726}, ""0-2"": {""theta_deg"": -0.03110805152807039, ""A_D"": -0.050012279597979825}, ""1-2"": {""theta_deg"": -0.003326380832852749, ""A_D"": -0.27133115075665243}}","[[-0.012431550727606044, 0.061741234788147026], [0.015350119967611597, -0.15957763637052558], [0.018676500800464346, 0.11175351438612685]]",False,True,"[-4.596009790766588, 0.30616703062084244]",True,-5.0,0.36036036036036034,ok
capture,capture_1,conditional37,capture_1_detections.pkl,1,8374,8374,True,"[true, true, true]",3,3,"[0, 1, 2]",4.496637615855607,3,True,4.496637615855607,5.790783838042751,0.01570973549498303,0.023008161200652924,1.3804896720391755,0.17121407538330163,0.031056895756207403,0.23027745170071046,"{""0-1"": {""theta_deg"": -0.023934704015284858, ""A_D"": 0.1799508454169036}, ""0-2"": {""theta_deg"": -0.031056895756207403, ""A_D"": -0.05032660628380686}, ""1-2"": {""theta_deg"": -0.0071221917409225455, ""A_D"": -0.23027745170071046}}","[[-0.011833649100086774, 0.047747188895167214], [0.012101054915198084, -0.13220365652173638], [0.01922324665612063, 0.09807379517897408]]",False,True,"[-4.609396870052643, 0.30362731255895]",True,-5.0,0.36036036036036034,ok
capture,capture_1,conditional37,capture_1_detections.pkl,1,8922,8922,True,"[true, true, true]",3,3,"[0, 1, 2]",5.010979148845996,3,True,5.010979148845996,6.4352768243361345,0.017503695479999318,0.024952759511353045,1.4971655706811826,0.18809659395597442,0.033161833330892065,0.25450840311060063,"{""0-1"": {""theta_deg"": -0.027029836152538067, ""A_D"": 0.19425866070786027}, ""0-2"": {""theta_deg"": -0.033161833330892065, ""A_D"": -0.060249742402740336}, ""1-2"": {""theta_deg"": -0.006131997178353998, ""A_D"": -0.25450840311060063}}","[[-0.012018079295267547, 0.04996891053270153], [0.01501175685727052, -0.14428975017515874], [0.021143754035624518, 0.11021865293544186]]",False,True,"[-4.635220282191796, 0.287139717386243]",True,-5.0,0.36036036036036034,ok
capture,capture_1,conditional37,capture_1_detections.pkl,1,9471,9471,True,"[true, true, true]",3,3,"[0, 1, 2]",5.834057212126018,3,True,5.834057212126018,7.549236810133073,0.020378481625196673,0.039426142478219135,2.365568548693148,0.22318834743951976,0.053338054871542084,0.30113464467718476,"{""0-1"": {""theta_deg"": -0.04073743150160336, ""A_D"": 0.23246971534719096}, ""0-2"": {""theta_deg"": -0.053338054871542084, ""A_D"": -0.0686649293299938}, ""1-2"": {""theta_deg"": -0.012600623369938724, ""A_D"": -0.30113464467718476}}","[[-0.02148155576971167, 0.06514402448740142], [0.019255875731891692, -0.16732569085978954], [0.031856499101830416, 0.13380895381739522]]",False,True,"[-4.641518340883256, 0.27826511275749255]",True,-5.0,0.36036036036036034,ok
capture,capture_1,conditional37,capture_1_detections.pkl,1,10019,10019,True,"[true, true, true]",3,3,"[0, 1, 2]",6.587037876461221,3,True,6.587037876461221,8.518993625129943,0.02300795138075478,0.03845266424017213,2.307159854410328,0.24376867662716525,0.04963604953958001,0.3256677604778149,"{""0-1"": {""theta_deg"": -0.04405621648131497, ""A_D"": 0.26076310925590024}, ""0-2"": {""theta_deg"": -0.04963604953958001, ""A_D"": -0.06490465122191469}, ""1-2"": {""theta_deg"": -0.005579833058265038, ""A_D"": -0.3256677604778149}}","[[-0.0211168763226528, 0.07528831613374709], [0.02293934015866217, -0.18547479312215315], [0.028519173216927207, 0.14019296735566178]]",False,True,"[-4.627215147874856, 0.2727319235044817]",True,-5.0,0.36036036036036034,ok
capture,capture_1,conditional37,capture_1_detections.pkl,2,11090,11090,True,"[true, true, true]",3,3,"[0, 1, 2]",2.386447127263855,3,True,2.386447127263855,3.006459663229644,0.00835526247146743,0.07841084204307656,4.704650522584594,0.10485661767497043,0.11066848366523643,0.13442017784284616,"{""0-1"": {""theta_deg"": -0.06139685408184101, ""A_D"": -0.13442017784284616}, ""0-2"": {""theta_deg"": 0.04927162958339543, ""A_D"": -0.012981155252434262}, ""1-2"": {""theta_deg"": 0.11066848366523643, ""A_D"": 0.1214390225904119}}","[[-0.011287271078551736, -0.06191154827360501], [0.05010958300328927, 0.07250862956924115], [-0.06055890066194716, -0.04893039302117075]]",False,True,"[0.08429513435584371, 0.3860277777323025]",True,0.0,0.36036036036036034,ok
capture,capture_1,conditional37,capture_1_detections.pkl,2,11650,11650,True,"[true, true, true]",3,3,"[0, 1, 2]",1.5706016198528623,3,True,1.5706016198528623,2.1672727463647727,0.005504805952995052,0.03480448963787393,2.0882693782724355,0.05234737544729952,0.04557315327289511,0.07393457500134432,"{""0-1"": {""theta_deg"": -0.006682399414272615, ""A_D"": -0.07393457500134432}, ""0-2"": {""theta_deg"": 0.03889075385862249, ""A_D"": -0.04022773821472214}, ""1-2"": {""theta_deg"": 0.04557315327289511, ""A_D"": 0.033706836786622174}}","[[0.004889529025665935, -0.05369995765506852], [0.01157192843993855, 0.020234617346275796], [-0.03400122483295656, -0.013472219440346378]]",False,True,"[-0.028296224416076172, 0.3263702470680427]",True,0.0,0.36036036036036034,ok
capture,capture_1,conditional37,capture_1_detections.pkl,2,12210,12210,True,"[true, true, true]",3,3,"[0, 1, 2]",2.2834826533263204,3,True,2.2834826533263204,2.627126043768479,0.00799669593239411,0.030091880650299236,1.8055128390179542,0.04084386912376364,0.0411996504147922,0.05766394909435052,"{""0-1"": {""theta_deg"": 0.0411996504147922, ""A_D"": 0.02591920977263318}, ""0-2"": {""theta_deg"": 0.02983148409851448, ""A_D"": -0.03174473932171734}, ""1-2"": {""theta_deg"": -0.011368166316277718, ""A_D"": -0.05766394909435052}}","[[0.017333478197642645, -0.015343804670818473], [-0.023866172217149553, -0.04126301444345165], [-0.012498005900871835, 0.01640093465089887]]",False,True,"[-0.008838268927239129, 0.317398710854615]",True,0.0,0.36036036036036034,ok
capture,capture_1,conditional37,capture_1_detections.pkl,2,12770,12770,True,"[true, true, true]",3,3,"[0, 1, 2]",2.8714211371869705,3,True,2.8714211371869705,3.484945171683346,0.01005230378566565,0.05871970665911655,3.523182399546993,0.08896237040086441,0.0784908588307017,0.12449954866256269,"{""0-1"": {""theta_deg"": 0.06272722524133457, ""A_D"": 0.07794537269912111}, ""0-2"": {""theta_deg"": -0.01576363358936713, ""A_D"": -0.04655417596344158}, ""1-2"": {""theta_deg"": -0.0784908588307017, ""A_D"": -0.12449954866256269}}","[[0.01754552263525449, 0.006336286255330448], [-0.045181702606080086, -0.07160908644379066], [0.03330915622462162, 0.05289046221877203]]",False,True,"[0.009617453164302904, 0.3282965937948075]",True,0.0,0.36036036036036034,ok
capture,capture_1,conditional37,capture_1_detections.pkl,2,13329,13329,True,"[true, true, true]",3,3,"[0, 1, 2]",3.202081324617828,3,True,3.202081324617828,3.9373639405841985,0.011211801695398973,0.041244414918674574,2.4746648951204744,0.07835636880000389,0.057729381584640284,0.10259619515415094,"{""0-1"": {""theta_deg"": 0.057729381584640284, ""A_D"": 0.08756235480374244}, ""0-2"": {""theta_deg"": 0.021643782306061288, ""A_D"": -0.0150338403504085}, ""1-2"": {""theta_deg"": -0.036085599278578996, ""A_D"": -0.10259619515415094}}","[[0.020388232101849892, 0.01534682747787397], [-0.037341149482790395, -0.07221552732586847], [-0.0012555502042113954, 0.03038066782828247]]",False,True,"[-0.012409126863357062, 0.303416250895925]",True,0.0,0.36036036036036034,ok
capture,capture_1,conditional37,capture_1_detections.pkl,2,13889,13889,True,"[true, true, true]",3,3,"[0, 1, 2]",5.3147449995147955,3,True,5.3147449995147955,6.79467990784094,0.018611653571979483,0.08771835747246955,5.263101448348173,0.15550448905852035,0.11100270370160306,0.20501243410118716,"{""0-1"": {""theta_deg"": 0.1034655591798351, ""A_D"": 0.17142570322074}, ""0-2"": {""theta_deg"": -0.007537144521767958, ""A_D"": -0.03358673088044717}, ""1-2"": {""theta_deg"": -0.11100270370160306, ""A_D"": -0.20501243410118716}}","[[0.031927296484107665, 0.042678167965376546], [-0.07153826269572744, -0.12874753525536345], [0.03946444100587562, 0.07626489884582371]]",False,True,"[-0.0657767983973605, 0.28081586955952936]",True,0.0,0.36036036036036034,ok
capture,capture_1,conditional37,capture_1_detections.pkl,2,14449,14449,True,"[true, true, true]",3,3,"[0, 1, 2]",4.368083062374742,3,True,4.368083062374742,5.580891380825665,0.015291907287558214,0.06873325906331314,4.123995543798788,0.1263343227803432,0.08526743200598506,0.1671355520681667,"{""0-1"": {""theta_deg"": 0.08305017467424812, ""A_D"": 0.1382470417085945}, ""0-2"": {""theta_deg"": -0.002217257331736944, ""A_D"": -0.028888510359572184}, ""1-2"": {""theta_deg"": -0.08526743200598506, ""A_D"": -0.1671355520681667}}","[[0.02531372184197147, 0.03191764460202834], [-0.057736452832276644, -0.10632939710656616], [0.027530979173708416, 0.06080615496160052]]",False,True,"[-0.03135893420559489, 0.3037609162599933]",True,0.0,0.36036036036036034,ok
capture,capture_1,conditional37,capture_1_detections.pkl,2,15009,15009,True,"[true, true, true]",3,3,"[0, 1, 2]",4.134095915883122,3,True,4.134095915883122,5.468080948698583,0.014465420256021221,0.08104311027466617,4.86258661647997,0.13707210695918767,0.11198482335329991,0.18360057014954823,"{""0-1"": {""theta_deg"": 0.0771236229146555, ""A_D"": 0.14566369324690048}, ""0-2"": {""theta_deg"": -0.034861200438644414, ""A_D"": -0.03793687690264774}, ""1-2"": {""theta_deg"": -0.11198482335329991, ""A_D"": -0.18360057014954823}}","[[0.018216917025721216, 0.038360051147081964], [-0.05890670588893429, -0.10730364209981852], [0.05307811746436563, 0.0762969280497297]]",False,True,"[0.03315047192916259, 0.33444105548450487]",True,0.0,0.36036036036036034,ok
capture,capture_1,conditional37,capture_1_detections.pkl,3,16000,16000,True,"[true, true, true]",3,3,"[0, 1, 2]",8.847189443248858,3,True,8.847189443248858,12.152986749924283,0.031200215836284673,0.623411637148087,37.40469822888522,0.5214472419311353,0.808524813887014,0.6470764448541079,"{""0-1"": {""theta_deg"": -0.7086943747034882, ""A_D"": -0.6470764448541079}, ""0-2"": {""theta_deg"": 0.09983043918352585, ""A_D"": -0.0172215642730964}, ""1-2"": {""theta_deg"": 0.808524813887014, ""A_D"": 0.6298548805810115}}","[[-0.2347254700963477, -0.24637863212489475], [0.4739689046071405, 0.4006978127292131], [-0.33455590927987355, -0.22915706785179835]]",False,True,"[5.122775933514801, 0.7877532246053132]",True,5.0,0.36036036036036034,ok
capture,capture_1,conditional37,capture_1_detections.pkl,3,16571,16571,True,"[true, true, true]",3,3,"[0, 1, 2]",3.939563914457075,3,True,3.939563914457075,4.275979371953927,0.013908569341757243,0.2765478006293396,16.592868037760375,0.2069704350788192,0.3876225517924876,0.25740293984240536,"{""0-1"": {""theta_deg"": -0.2388623253379345, ""A_D"": -0.2493784619927606}, ""0-2"": {""theta_deg"": 0.1487602264545531, ""A_D"": 0.008024477849644773}, ""1-2"": {""theta_deg"": 0.3876225517924876, ""A_D"": 0.25740293984240536}}","[[-0.08914565051045287, -0.1263277428866233], [0.14971667482748163, 0.1230507191061373], [-0.23790587696500598, -0.13435222073626807]]",False,True,"[5.102286332621676, 0.6534739111272956]",True,5.0,0.36036036036036034,ok
capture,capture_1,conditional37,capture_1_detections.pkl,3,17143,17143,True,"[true, true, true]",3,3,"[0, 1, 2]",4.989698797161337,3,True,4.989698797161337,5.817614393451944,0.017622800565358344,0.3404169892898117,20.4250193573887,0.26772235561522245,0.4690273936233078,0.3346630162302062,"{""0-1"": {""theta_deg"": -0.3285113984798578, ""A_D"": -0.3346630162302062}, ""0-2"": {""theta_deg"": 0.14051599514345003, ""A_D"": -0.013990747976055262}, ""1-2"": {""theta_deg"": 0.4690273936233078, ""A_D"": 0.32067226825415096}}","[[-0.12536907618476523, -0.1663863700644994], [0.20314232229509255, 0.1682766461657068], [-0.26588507132821526, -0.15239562208844415]]",False,True,"[5.06943744834497, 0.6534063177248518]",True,5.0,0.36036036036036034,ok
capture,capture_1,conditional37,capture_1_detections.pkl,3,17714,17714,True,"[true, true, true]",3,3,"[0, 1, 2]",4.890174436319472,3,True,4.890174436319472,5.488374118519826,0.01727113508373053,0.31850960643297815,19.11057638597869,0.2542541973845537,0.4378657387527136,0.32457291877445993,"{""0-1"": {""theta_deg"": -0.3104629202068967, ""A_D"": -0.32457291877445993}, ""0-2"": {""theta_deg"": 0.12740281854581692, ""A_D"": -0.028282315308898298}, ""1-2"": {""theta_deg"": 0.4378657387527136, ""A_D"": 0.29629060346556163}}","[[-0.12369667530881667, -0.16883778422202156], [0.18676624489808002, 0.15573513455243837], [-0.2510994938546336, -0.14055546891312326]]",False,True,"[5.058511391931698, 0.6264843993604416]",True,5.0,0.36036036036036034,ok
capture,capture_1,conditional37,capture_1_detections.pkl,3,18285,18285,True,"[true, true, true]",3,3,"[0, 1, 2]",4.7820714058655795,3,True,4.7820714058655795,5.348745230022782,0.01689455769127015,0.28589945552701573,17.153967331620944,0.23104106751836304,0.39344559282675995,0.30258548295935506,"{""0-1"": {""theta_deg"": -0.2773960393125323, ""A_D"": -0.30258548295935506}, ""0-2"": {""theta_deg"": 0.11604955351422763, ""A_D"": -0.044515021674806365}, ""1-2"": {""theta_deg"": 0.39344559282675995, ""A_D"": 0.2580704612845487}}","[[-0.11655216647994493, -0.16814926724528645], [0.1608438728325874, 0.1344362157140686], [-0.23260171999417256, -0.12363424557048008]]",False,True,"[4.961165019145685, 0.5605205270535237]",True,5.0,0.36036036036036034,ok
capture,capture_1,conditional37,capture_1_detections.pkl,3,18856,18856,True,"[true, true, true]",3,3,"[0, 1, 2]",5.347402161881741,3,True,5.347402161881741,6.4881115594497345,0.018885132349368734,0.3577097726909631,21.462586361457785,0.2871515854185174,0.48566925445985554,0.3647910380252359,"{""0-1"": {""theta_deg"": -0.36542522096467067, ""A_D"": -0.3647910380252359}, ""0-2"": {""theta_deg"": 0.12024403349518487, ""A_D"": -0.02786502543641367}, ""1-2"": {""theta_deg"": 0.48566925445985554, ""A_D"": 0.3369260125888222}}","[[-0.14069681935667866, -0.17873557909062648], [0.224728401607992, 0.1860554589346094], [-0.2609408528518635, -0.1508705536542128]]",False,True,"[5.132299474063943, 0.6404751680307684]",True,5.0,0.36036036036036034,ok
capture,capture_1,conditional37,capture_1_detections.pkl,3,19428,19428,True,"[true, true, true]",3,3,"[0, 1, 2]",4.920475055636175,3,True,4.920475055636175,5.3807297609001745,0.017387326845051048,0.30493395921730315,18.29603755303819,0.24104777455613172,0.4185102317106617,0.3122358185695668,"{""0-1"": {""theta_deg"": -0.29933268626565024, ""A_D"": -0.3122358185695668}, ""0-2"": {""theta_deg"": 0.11917754544501147, ""A_D"": -0.037637363922517264}, ""1-2"": {""theta_deg"": 0.4185102317106617, ""A_D"": 0.2745984546470495}}","[[-0.12149439270505091, -0.16673200054049736], [0.17783829356059933, 0.14550381802906942], [-0.24067193815006238, -0.1290946366179801]]",False,True,"[5.043651129823848, 0.545926572342299]",True,5.0,0.36036036036036034,ok
capture,capture_1,conditional37,capture_1_detections.pkl,3,19999,19999,True,"[true, true, true]",3,3,"[0, 1, 2]",4.474822600132397,3,True,4.474822600132397,5.739844446189457,0.015829950297374988,0.20395448531397073,12.237269118838244,0.14645007470049007,0.28843174757674017,0.19679649099941382,"{""0-1"": {""theta_deg"": -0.14299384191448716, ""A_D"": -0.19679649099941382}, ""0-2"": {""theta_deg"": 0.145437905662253, ""A_D"": -0.0424984027682026}, ""1-2"": {""theta_deg"": 0.28843174757674017, ""A_D"": 0.15429808823121122}}","[[-0.07196648809822115, -0.1386364503441619], [0.07102735381626601, 0.05816004065525193], [-0.21740439376047416, -0.09613804757595928]]",False,True,"[4.925070199549663, 0.4295842082504793]",True,5.0,0.36036036036036034,ok
capture,capture_1,conditional37,capture_1_detections.pkl,4,21020,21020,True,"[true, true, true]",3,3,"[0, 1, 2]",4.99230843729876,3,True,4.99230843729876,6.9801159514251365,0.017509553854300083,0.3478424350131345,20.87054610078807,0.2818193774092141,0.48846796386451174,0.39585422481446253,"{""0-1"": {""theta_deg"": -0.29464058469760346, ""A_D"": -0.15782952211328372}, ""0-2"": {""theta_deg"": 0.1938273791669083, ""A_D"": 0.23802470270117881}, ""1-2"": {""theta_deg"": 0.48846796386451174, ""A_D"": 0.39585422481446253}}","[[0.1382273216734582, 0.15764997186817942], [0.43286790637106165, 0.31547949398146313], [-0.055600057493450095, -0.0803747308329994]]",False,True,"[11.906873110362762, 2.2208805356067955]",True,10.0,0.36036036036036034,ok
capture,capture_1,conditional37,capture_1_detections.pkl,4,21614,21614,True,"[true, true, true]",3,3,"[0, 1, 2]",5.737663128825078,3,True,5.737663128825078,7.690681908102646,0.020117929911992082,1.106430143907236,66.38580863443416,0.9394238596397133,1.523606025095372,1.295970099970627,"{""0-1"": {""theta_deg"": 1.0704290082766441, ""A_D"": 0.9012080881891}, ""0-2"": {""theta_deg"": 1.523606025095372, ""A_D"": 1.295970099970627}, ""1-2"": {""theta_deg"": 0.4531770168187279, ""A_D"": 0.3947620117815269}}","[[1.459782375402467, 1.1963030667900658], [0.3893533671258229, 0.2950949786009658], [-0.063823649692905, -0.09966703318056114]]",False,True,"[12.465964796481652, 2.6714108568663857]",True,10.0,0.36036036036036034,ok
capture,capture_1,conditional37,capture_1_detections.pkl,4,22208,22208,True,"[true, true, true]",3,3,"[0, 1, 2]",4.436370381642922,3,True,4.436370381642922,6.139349776000516,0.015555923738954506,0.31136734555060014,18.682040733036008,0.22188284936755814,0.4147173379075699,0.2849954170910425,"{""0-1"": {""theta_deg"": -0.4147173379075699, ""A_D"": -0.2562131755806911}, ""0-2"": {""theta_deg"": -0.07917293245403201, ""A_D"": 0.02878224151035136}, ""1-2"": {""theta_deg"": 0.3355444054535379, ""A_D"": 0.2849954170910425}}","[[-0.03615345618625376, 0.019865861553542086], [0.37856388172131616, 0.2760790371342332], [0.043019476267778245, -0.008916379956809273]]",False,True,"[11.741349942760177, 2.1411269295768935]",True,10.0,0.36036036036036034,ok
capture,capture_1,conditional37,capture_1_detections.pkl,4,22802,22802,True,"[true, true, true]",3,3,"[0, 1, 2]",4.715705799526827,3,True,4.715705799526827,5.9496374733542305,0.016510912306599485,0.4065677381156823,24.39406428694094,0.3926024208615956,0.573077497987537,0.5535741807109935,"{""0-1"": {""theta_deg"": 0.326944497223586, ""A_D"": 0.313823709223751}, ""0-2"": {""theta_deg"": 0.573077497987537, ""A_D"": 0.5535741807109935}, ""1-2"": {""theta_deg"": 0.24613300076395106, ""A_D"": 0.2397504714872425}}","[[0.596706702013142, 0.5189565715702571], [0.26976220478955604, 0.20513286234650607], [0.023629204025604977, -0.034617609140736416]]",False,True,"[12.635935601152061, 2.6612366946804737]",True,10.0,0.36036036036036034,ok
capture,capture_1,conditional37,capture_1_detections.pkl,4,23397,23397,True,"[true, true, true]",3,3,"[0, 1, 2]",4.150523313860077,3,True,4.150523313860077,5.24696754273369,0.014519515812225452,0.2843670394453838,17.062022366723028,0.2833259262907289,0.3849008893854844,0.39474327218002303,"{""0-1"": {""theta_deg"": 0.09152770841842184, ""A_D"": 0.13784279800118693}, ""0-2"": {""theta_deg"": 0.3849008893854844, ""A_D"": 0.39474327218002303}, ""1-2"": {""theta_deg"": 0.29337318096706255, ""A_D"": 0.2569004741788361}}","[[0.34228440306596397, 0.3218381918511173], [0.25075669464754213, 0.18399539384993036], [-0.04261648631952042, -0.07290508032890575]]",False,True,"[12.659848280300483, 2.6824230432088836]",True,10.0,0.36036036036036034,ok
capture,capture_1,conditional37,capture_1_detections.pkl,4,23991,23991,True,"[true, true, true]",3,3,"[0, 1, 2]",3.9867697714289054,3,True,3.9867697714289054,4.8819239961039465,0.013941313868551455,0.1527358182764313,9.164149096585877,0.1437198824705904,0.21035998758585706,0.19358807231937947,"{""0-1"": {""theta_deg"": -0.14765177258797202, ""A_D"": -0.043167078220696986}, ""0-2"": {""theta_deg"": 0.06270821499788504, ""A_D"": 0.15042099409868248}, ""1-2"": {""theta_deg"": 0.21035998758585706, ""A_D"": 0.19358807231937947}}","[[0.11774237350650196, 0.14912444355525567], [0.265394146094474, 0.19229152177595266], [0.055034158508616926, -0.001296550543426811]]",False,True,"[12.379272581585422, 2.5087429765408173]",True,10.0,0.36036036036036034,ok
capture,capture_1,conditional37,capture_1_detections.pkl,4,24585,24585,True,"[true, true, true]",3,3,"[0, 1, 2]",3.301527113687997,3,True,3.301527113687997,4.0947167651112375,0.011556811820584378,0.1371195959026265,8.22717575415759,0.12004641716016821,0.18293667933050095,0.1674752310392793,"{""0-1"": {""theta_deg"": -0.1471756451771533, ""A_D"": -0.05963888835937858}, ""0-2"": {""theta_deg"": 0.03576103415334764, ""A_D"": 0.10783634267990072}, ""1-2"": {""theta_deg"": 0.18293667933050095, ""A_D"": 0.1674752310392793}}","[[0.07880303036005287, 0.10437125081386434], [0.2259786755372062, 0.16401013917324292], [0.043041996206705235, -0.003465091866036385]]",False,True,"[12.13715844372235, 2.3138685089202697]",True,10.0,0.36036036036036034,ok
capture,capture_1,conditional37,capture_1_detections.pkl,4,25179,25179,True,"[true, true, true]",3,3,"[0, 1, 2]",2.8665215408625047,3,True,2.8665215408625047,3.1538550190681205,0.010031837920270186,0.12177378245930996,7.306426947558598,0.06901848422726377,0.17217047768009586,0.08960133010603455,"{""0-1"": {""theta_deg"": -0.17217047768009586, ""A_D"": -0.07832719156510404}, ""0-2"": {""theta_deg"": -0.0894432297910086, ""A_D"": 0.011274138540930512}, ""1-2"": {""theta_deg"": 0.08272724788908725, ""A_D"": 0.08960133010603455}}","[[0.00922486585793969, 0.04890854364274677], [0.18139534353803555, 0.1272357352078508], [0.0986680956489483, 0.03763440510181626]]",False,True,"[11.672396510343486, 2.0198895096065463]",True,10.0,0.36036036036036034,ok
capture,capture_2,conditional27,capture_2_detections.pkl,5,2660,2660,True,"[true, true, true]",3,3,"[0, 1, 2]",3.5942361481765297,3,True,3.5942361481765297,5.039046530187125,0.012535334916054068,0.12886450673643776,7.731870404186266,0.41307936293243364,0.17896136084469916,0.5601656669671442,"{""0-1"": {""theta_deg"": -0.05966935475410473, ""A_D"": -0.4236539283614711}, ""0-2"": {""theta_deg"": -0.17896136084469916, ""A_D"": -0.5601656669671442}, ""1-2"": {""theta_deg"": -0.11929200609059443, ""A_D"": -0.13651173860567312}}","[[-0.10428132945797053, -0.4094000545666372], [-0.0446119747038658, 0.014253873794833893], [0.07468003138672863, 0.150765612400507]]",False,True,"[-9.232873816196689, 5.672971551405888]",True,-10.0,4.0,ok
capture,capture_2,conditional27,capture_2_detections.pkl,5,3186,3186,True,"[true, true, true]",3,3,"[0, 1, 2]",4.270876334601587,3,True,4.270876334601587,5.478592923850823,0.014892715042420804,0.15986757966471465,9.59205477988288,0.2194304868980257,0.19901141436775305,0.3056798427804912,"{""0-1"": {""theta_deg"": 0.1924159178998721, ""A_D"": 0.3056798427804912}, ""0-2"": {""theta_deg"": 0.19901141436775305, ""A_D"": 0.10653135675337122}, ""1-2"": {""theta_deg"": 0.006595496467880935, ""A_D"": -0.19914848602712}}","[[0.03167719961736104, -0.07674905700119883], [-0.16073871828251107, -0.38242889978169003], [-0.167334214750392, -0.18328041375457005]]",False,True,"[-9.504082730576858, 5.1160292869096065]",True,-10.0,4.0,ok
capture,capture_2,conditional27,capture_2_detections.pkl,5,3711,3711,True,"[true, true, true]",3,3,"[0, 1, 2]",5.162849597568136,3,True,5.162849597568136,6.636932869977697,0.01801196458756276,0.2505507004490689,15.033042026944134,0.3594621132482885,0.3479874099469349,0.4754123317887986,"{""0-1"": {""theta_deg"": 0.2318041895943086, ""A_D"": 0.4754123317887986}, ""0-2"": {""theta_deg"": 0.3479874099469349, ""A_D"": 0.3936127160414058}, ""1-2"": {""theta_deg"": 0.11618322035262629, ""A_D"": -0.0817996157473928}}","[[0.06827424792191472, 0.029549463854666058], [-0.16352994167239387, -0.44586286793413255], [-0.27971316202502017, -0.36406325218673974]]",False,True,"[-9.419637578091718, 5.075123473165642]",True,-10.0,4.0,ok
capture,capture_2,conditional27,capture_2_detections.pkl,5,4237,4237,True,"[true, true, true]",3,3,"[0, 1, 2]",5.562378869496822,3,True,5.562378869496822,7.365936117172901,0.019397814065855466,0.15891292060856832,9.534775236514099,0.29820430216530913,0.22462348568191004,0.41738124854715686,"{""0-1"": {""theta_deg"": 0.22462348568191004, ""A_D"": 0.2609723492428335}, ""0-2"": {""theta_deg"": 0.11849169143291505, ""A_D"": -0.15640889930432333}, ""1-2"": {""theta_deg"": -0.10613179424899499, ""A_D"": -0.41738124854715686}}","[[0.009478549589445606, -0.21062236889750974], [-0.21514493609246443, -0.47159471814034326], [-0.10901314184346944, -0.0542134695931864]]",False,True,"[-9.43670344826658, 5.00543736994206]",True,-10.0,4.0,ok
capture,capture_2,conditional27,capture_2_detections.pkl,5,4762,4762,False,"[false, false, false]",3,0,[],,0,False,,,,,,,,,null,null,False,False,null,False,-10.0,4.0,insufficient_P4_support
capture,capture_2,conditional27,capture_2_detections.pkl,5,5288,5288,True,"[true, true, true]",3,3,"[0, 1, 2]",5.8334754720173,3,True,5.8334754720173,7.617134510006454,0.020337831524771668,0.1810048516146903,10.860291096881417,0.4094764564126077,0.24842087755345155,0.5788766343344864,"{""0-1"": {""theta_deg"": 0.24842087755345155, ""A_D"": 0.3029599369120186}, ""0-2"": {""theta_deg"": 0.07073675217514719, ""A_D"": -0.2759166974224678}, ""1-2"": {""theta_deg"": -0.17768412537830436, ""A_D"": -0.5788766343344864}}","[[-0.011719338203819873, -0.25232479057789003], [-0.2601402157572714, -0.5552847274899086], [-0.08245609037896706, 0.023591906844577792]]",False,True,"[-9.200328553433886, 5.383024621764173]",True,-10.0,4.0,ok
capture,capture_2,conditional27,capture_2_detections.pkl,5,5813,5813,True,"[true, true, true]",3,3,"[0, 1, 2]",3.502781784780788,3,True,3.502781784780788,4.778354553842454,0.0121960793507899,0.09243399255692555,5.546039553415533,0.0,0.12465345509385095,0.0,"{""0-1"": {""theta_deg"": 0.09641780511708475, ""A_D"": 0.0}, ""0-2"": {""theta_deg"": 0.12465345509385095, ""A_D"": 0.0}, ""1-2"": {""theta_deg"": 0.028235649976766197, ""A_D"": 0.0}}","[[0.07074261344018673, 0.0], [-0.025675191676898024, 0.0], [-0.05391084165366422, 0.0]]",True,True,"[-9.108981426087, 5.999999999999999]",False,-10.0,4.0,ok
capture,capture_2,conditional27,capture_2_detections.pkl,5,6339,6339,True,"[true, true, true]",3,3,"[0, 1, 2]",8.840238154733127,3,True,8.840238154733127,11.290653778880165,0.030821656433026267,0.2639832971821368,15.838997830928209,0.23964479303577213,0.34955597940420446,0.32694684855558975,"{""0-1"": {""theta_deg"": 0.2883065532172111, ""A_D"": 0.32694684855558975}, ""0-2"": {""theta_deg"": 0.34955597940420446, ""A_D"": 0.08618332848012322}, ""1-2"": {""theta_deg"": 0.06124942618699336, ""A_D"": -0.24076352007546653}}","[[0.054208977792816526, -0.2830870778598715], [-0.23409757542439458, -0.6100339264154613], [-0.29534700161138794, -0.36927040633999475]]",False,True,"[-9.840811415895702, 4.371214951349283]",True,-10.0,4.0,ok
capture,capture_2,conditional27,capture_2_detections.pkl,6,7300,7300,False,"[false, false, false]",3,0,[],,0,False,,,,,,,,,null,null,False,False,null,False,-5.0,4.0,insufficient_P4_support
capture,capture_2,conditional27,capture_2_detections.pkl,6,7871,7871,True,"[true, true, true]",3,3,"[0, 1, 2]",5.041665311844662,3,True,5.041665311844662,5.933676813823209,0.017597470440328677,0.2685295421074321,16.111772526445925,0.5269305297712699,0.36130638232480017,0.7435789359976077,"{""0-1"": {""theta_deg"": 0.28192236734728215, ""A_D"": 0.3293459848353564}, ""0-2"": {""theta_deg"": -0.07938401497751801, ""A_D"": -0.41423295116225134}, ""1-2"": {""theta_deg"": -0.36130638232480017, ""A_D"": -0.7435789359976077}}","[[-0.02371439394316699, -0.19673958510127498], [-0.30563676129044914, -0.5260855699366314], [0.055669621034351024, 0.21749336606097636]]",False,True,"[-4.620870462167633, 4.885393406724385]",True,-5.0,4.0,ok
capture,capture_2,conditional27,capture_2_detections.pkl,6,8443,8443,True,"[true, true, true]",3,3,"[0, 1, 2]",4.9893643995639785,3,True,4.9893643995639785,5.919827533508826,0.017406081165134906,0.31056925062208135,18.63415503732488,0.6013561349133991,0.43494405003905,0.8396983986148641,"{""0-1"": {""theta_deg"": 0.2703647858631699, ""A_D"": 0.3031283741745616}, ""0-2"": {""theta_deg"": -0.1645792641758801, ""A_D"": -0.5365700244403024}, ""1-2"": {""theta_deg"": -0.43494405003905, ""A_D"": -0.8396983986148641}}","[[-0.043908858212587276, -0.2297031630176205], [-0.3142736440757572, -0.5328315371921821], [0.12067040596329281, 0.30686686142268194]]",False,True,"[-4.572985312815071, 4.990022197776522]",True,-5.0,4.0,ok
capture,capture_2,conditional27,capture_2_detections.pkl,6,9014,9014,True,"[true, true, true]",3,3,"[0, 1, 2]",4.308495943525169,3,True,4.308495943525169,5.341141775283456,0.015012423950763347,0.29274589544899415,17.56475372693965,0.5467578738700966,0.4103520562818881,0.767385391436588,"{""0-1"": {""theta_deg"": 0.2527010887118655, ""A_D"": 0.3014977766800193}, ""0-2"": {""theta_deg"": -0.15765096757002262, ""A_D"": -0.4658876147565687}, ""1-2"": {""theta_deg"": -0.4103520562818881, ""A_D"": -0.767385391436588}}","[[-0.02430628674245483, -0.16670691981285568], [-0.2770073754543203, -0.468204696492875], [0.13334468082756779, 0.299180694943713]]",False,True,"[-4.57438400988606, 4.878547562366025]",True,-5.0,4.0,ok
capture,capture_2,conditional27,capture_2_detections.pkl,6,9585,9585,True,"[true, true, true]",3,3,"[0, 1, 2]",4.188334730664059,3,True,4.188334730664059,5.3053341015102875,0.01457810167757318,0.37540393855859727,22.524236313515836,0.6517845694605517,0.5308868342081929,0.9095432880621477,"{""0-1"": {""theta_deg"": 0.2688423252026819, ""A_D"": 0.32522264621118335}, ""0-2"": {""theta_deg"": -0.262044509005511, ""A_D"": -0.5843206418509643}, ""1-2"": {""theta_deg"": -0.5308868342081929, ""A_D"": -0.9095432880621477}}","[[-0.03525496413193441, -0.1698129014741694], [-0.3040972893346163, -0.49503554768535274], [0.2267895448735766, 0.41450774037679494]]",False,True,"[-4.389653210746526, 5.231874509664087]",True,-5.0,4.0,ok
capture,capture_2,conditional27,capture_2_detections.pkl,6,10156,10156,True,"[true, true, true]",3,3,"[0, 1, 2]",3.8083740778801713,3,True,3.8083740778801713,4.847432439805014,0.013239805734087723,0.365064270598589,21.903856235915338,0.6173480048263181,0.5157719819552522,0.8542811113947426,"{""0-1"": {""theta_deg"": 0.23807868237744145, ""A_D"": 0.271157621918781}, ""0-2"": {""theta_deg"": -0.27769329957781075, ""A_D"": -0.5831234894759616}, ""1-2"": {""theta_deg"": -0.5157719819552522, ""A_D"": -0.8542811113947426}}","[[-0.042222756663417016, -0.17319781260426925], [-0.28030143904085847, -0.44435543452305026], [0.23547054291439373, 0.40992567687169235]]",False,True,"[-4.345952025157747, 5.31831051858484]",True,-5.0,4.0,ok
capture,capture_2,conditional27,capture_2_detections.pkl,6,10728,10728,True,"[true, true, true]",3,3,"[0, 1, 2]",4.391082078806147,3,True,4.391082078806147,5.804146245273756,0.015257370725791898,0.4278684725359885,25.67210835215931,0.7299454463705363,0.6049693811250112,1.021224504845451,"{""0-1"": {""theta_deg"": 0.2917059795386603, ""A_D"": 0.380013955944575}, ""0-2"": {""theta_deg"": -0.3132634015863509, ""A_D"": -0.6412105489008759}, ""1-2"": {""theta_deg"": -0.6049693811250112, ""A_D"": -1.021224504845451}}","[[-0.02210358098947829, -0.139067740530332], [-0.3138095605281386, -0.519081696474907], [0.2911598205968726, 0.5021428083705439]]",False,True,"[-4.4364815713938555, 5.0061558687755]",True,-5.0,4.0,ok
capture,capture_2,conditional27,capture_2_detections.pkl,6,11299,11299,True,"[true, true, true]",3,3,"[0, 1, 2]",3.338165695897014,3,True,3.338165695897014,4.446366827258619,0.01159057270650235,0.37863733400312394,22.718240040187435,0.6153427588121575,0.5339314121114258,0.8574381201481227,"{""0-1"": {""theta_deg"": 0.2317906947264481, ""A_D"": 0.299994669139493}, ""0-2"": {""theta_deg"": -0.3021407173849777, ""A_D"": -0.5574434510086297}, ""1-2"": {""theta_deg"": -0.5339314121114258, ""A_D"": -0.8574381201481227}}","[[-0.02424120532519236, -0.10946788184288359], [-0.25603190005164045, -0.4094625509823766], [0.27789951205978536, 0.4479755691657461]]",False,True,"[-4.1279694999919165, 5.125083310388563]",True,-5.0,4.0,ok
capture,capture_2,conditional27,capture_2_detections.pkl,7,12300,12300,True,"[true, true, true]",3,3,"[0, 1, 2]",2.2613648973072635,3,True,2.2613648973072635,2.741096506126577,0.00791460033643357,0.12991143911314587,7.794686346788752,0.19235636212660867,0.18314549263229224,0.24023628925228024,"{""0-1"": {""theta_deg"": 0.07897237270941718, ""A_D"": 0.00959055046705437}, ""0-2"": {""theta_deg"": -0.10417311992287505, ""A_D"": -0.23064573878522587}, ""1-2"": {""theta_deg"": -0.18314549263229224, ""A_D"": -0.24023628925228024}}","[[-0.041322721872444124, -0.12765388088667518], [-0.1202950945818613, -0.13724443135372955], [0.06285039805043093, 0.1029918578985507]]",False,True,"[0.08725052971272489, 4.239721976916757]",True,0.0,4.0,ok
capture,capture_2,conditional27,capture_2_detections.pkl,7,12871,12871,True,"[true, true, true]",3,3,"[0, 1, 2]",2.582633008334499,3,True,2.582633008334499,3.5409169830048546,0.009034132605827578,0.2822162538533164,16.932975231198984,0.3575819969256808,0.39336813328466125,0.4815444241012319,"{""0-1"": {""theta_deg"": 0.1382447417351672, ""A_D"": 0.10704281176482944}, ""0-2"": {""theta_deg"": -0.255123391549494, ""A_D"": -0.37450161233640245}, ""1-2"": {""theta_deg"": -0.39336813328466125, ""A_D"": -0.4815444241012319}}","[[-0.03224059583428963, -0.09668327915253805], [-0.17048533756945686, -0.20372609091736749], [0.22288279571520436, 0.2778183331838644]]",False,True,"[0.0070933681289429475, 4.108498574118291]",True,0.0,4.0,ok
capture,capture_2,conditional27,capture_2_detections.pkl,7,13443,13443,True,"[true, true, true]",3,3,"[0, 1, 2]",2.4838115667300635,3,True,2.4838115667300635,3.185752483458477,0.008686545312275943,0.22996527419743604,13.797916451846163,0.31988787256935436,0.30493096971131173,0.4069951627711017,"{""0-1"": {""theta_deg"": 0.05454271534701588, ""A_D"": -0.03244618666421406}, ""0-2"": {""theta_deg"": -0.2503882543642959, ""A_D"": -0.4069951627711017}, ""1-2"": {""theta_deg"": -0.30493096971131173, ""A_D"": -0.37454897610688764}}","[[-0.07669097397319398, -0.17869474601685909], [-0.13123368932020985, -0.14624855935264502], [0.17369728039110188, 0.22830041675424262]]",False,True,"[-0.03736896775664632, 4.355829886425005]",True,0.0,4.0,ok
capture,capture_2,conditional27,capture_2_detections.pkl,7,14014,14014,True,"[true, true, true]",3,3,"[0, 1, 2]",2.023767367210972,3,True,2.023767367210972,2.736185572724945,0.00707148532089615,0.22100791383191612,13.260474829914967,0.29564498776759596,0.2853967062780043,0.40963665475976985,"{""0-1"": {""theta_deg"": -0.03234307687749577, ""A_D"": -0.13231111052478983}, ""0-2"": {""theta_deg"": -0.2853967062780043, ""A_D"": -0.40963665475976985}, ""1-2"": {""theta_deg"": -0.2530536294005086, ""A_D"": -0.27732554423498}}","[[-0.09143339409301154, -0.1787177696255684], [-0.059090317215515775, -0.04640665910077857], [0.19396331218499277, 0.23091888513420145]]",False,True,"[-0.1029591844832275, 4.271678779375832]",True,0.0,4.0,ok
capture,capture_2,conditional27,capture_2_detections.pkl,7,14585,14585,True,"[true, true, true]",3,3,"[0, 1, 2]",4.183772189680053,3,True,4.183772189680053,5.581203664681172,0.01461992972074795,0.4760997401633292,28.56598440979975,0.6424917654253668,0.6727931656049019,0.9080940496396241,"{""0-1"": {""theta_deg"": 0.35916632394910525, ""A_D"": 0.4272626876815231}, ""0-2"": {""theta_deg"": -0.31362684165579663, ""A_D"": -0.48083136195810106}, ""1-2"": {""theta_deg"": -0.6727931656049019, ""A_D"": -0.9080940496396241}}","[[0.01910393052333753, -0.03415625770022945], [-0.3400623934257677, -0.46141894538175254], [0.33273077217913416, 0.4466751042578716]]",False,True,"[-0.21091350839240142, 4.067330992461892]",True,0.0,4.0,ok
capture,capture_2,conditional27,capture_2_detections.pkl,7,15156,15156,False,"[false, false, false]",3,0,[],,0,False,,,,,,,,,null,null,False,False,null,False,0.0,4.0,insufficient_P4_support
capture,capture_2,conditional27,capture_2_detections.pkl,7,15728,15728,True,"[true, true, true]",3,3,"[0, 1, 2]",4.490197095851705,3,True,4.490197095851705,5.929520524162206,0.01569695063957583,0.49962037354420663,29.9772224126524,0.6751001465414014,0.7065687022601279,0.9508373528329668,"{""0-1"": {""theta_deg"": 0.3544149396971177, ""A_D"": 0.4007758058022741}, ""0-2"": {""theta_deg"": -0.35215376256301023, ""A_D"": -0.5500615470306927}, ""1-2"": {""theta_deg"": -0.7065687022601279, ""A_D"": -0.9508373528329668}}","[[0.0020057304338856885, -0.07299952753225769], [-0.35240920926323205, -0.4737753333345318], [0.3541594929968959, 0.47706201949843496]]",False,True,"[-0.24300014392500904, 4.072477761995224]",True,0.0,4.0,ok
capture,capture_2,conditional27,capture_2_detections.pkl,7,16299,16299,True,"[true, true, true]",3,3,"[0, 1, 2]",4.4747626906844475,3,True,4.4747626906844475,5.970999228985696,0.01564446357919744,0.5346377449744992,32.07826469846995,0.7129322605415933,0.7559057363448938,1.0038622532845998,"{""0-1"": {""theta_deg"": 0.3634213215311047, ""A_D"": 0.42066585420570535}, ""0-2"": {""theta_deg"": -0.3924844148137891, ""A_D"": -0.5831963990788944}, ""1-2"": {""theta_deg"": -0.7559057363448938, ""A_D"": -1.0038622532845998}}","[[0.004105904258824289, -0.06194376826135173], [-0.3593154172722804, -0.4826096224670571], [0.3965903190726134, 0.5212526308175427]]",False,True,"[-0.2494681264748408, 4.123819983870362]",True,0.0,4.0,ok
capture,capture_2,conditional27,capture_2_detections.pkl,8,17300,17300,True,"[true, true, true]",3,3,"[0, 1, 2]",3.201679912704298,3,True,3.201679912704298,4.086927836007523,0.011131502536608462,0.2021415086899696,12.128490521398177,0.09130559203131333,0.2686024369940405,0.11511398137470819,"{""0-1"": {""theta_deg"": 0.04955847583528872, ""A_D"": 0.00689492229955091}, ""0-2"": {""theta_deg"": 0.2686024369940405, ""A_D"": 0.11511398137470819}, ""1-2"": {""theta_deg"": 0.2190439611587518, ""A_D"": 0.10821905907515728}}","[[-0.018701542228210855, -0.08598726243056065], [-0.06826001806349957, -0.09288218473011156], [-0.28730397922225137, -0.20110124380526884]]",False,True,"[4.755767821138159, 3.896883681024635]",True,5.0,4.0,ok
capture,capture_2,conditional27,capture_2_detections.pkl,8,17871,17871,True,"[true, true, true]",3,3,"[0, 1, 2]",3.1509194127104063,3,True,3.1509194127104063,4.124472835244674,0.010970561736652814,0.18333101301882204,10.999860781129323,0.11701553533485744,0.2523723825263575,0.1462098042419675,"{""0-1"": {""theta_deg"": -0.07474179501598144, ""A_D"": -0.14023144770616236}, ""0-2"": {""theta_deg"": 0.17763058751037608, ""A_D"": 0.0059783565358051405}, ""1-2"": {""theta_deg"": 0.2523723825263575, ""A_D"": 0.1462098042419675}}","[[-0.08469319782613738, -0.1703112429237046], [-0.00995140281015594, -0.030079795217542227], [-0.26232378533651346, -0.17628959945950973]]",False,True,"[4.488534191177038, 3.8346855375230717]",True,5.0,4.0,ok
capture,capture_2,conditional27,capture_2_detections.pkl,8,18443,18443,True,"[true, true, true]",3,3,"[0, 1, 2]",3.406160218412758,3,True,3.406160218412758,4.459538663726831,0.01184173206353037,0.3141302962229723,18.84781777337834,0.24489823539143066,0.4377633559492162,0.3343631048774234,"{""0-1"": {""theta_deg"": -0.15338971168286886, ""A_D"": -0.24537173161296444}, ""0-2"": {""theta_deg"": 0.28437364426634737, ""A_D"": 0.08899137326445894}, ""1-2"": {""theta_deg"": 0.4377633559492162, ""A_D"": 0.3343631048774234}}","[[-0.10041018213480601, -0.19920112193030182], [0.05297952954806284, 0.04617060968266262], [-0.3847838264011534, -0.28819249519476076]]",False,True,"[5.067154256340402, 4.179610556038385]",True,5.0,4.0,ok
capture,capture_2,conditional27,capture_2_detections.pkl,8,19014,19014,True,"[true, true, true]",3,3,"[0, 1, 2]",3.5973483231025596,3,True,3.5973483231025596,4.772564411434144,0.012510156724635731,0.47543293919153967,28.525976351492382,0.4134864310582552,0.6716171971047338,0.5717432056164595,"{""0-1"": {""theta_deg"": -0.30837732229067427, ""A_D"": -0.3921204763434396}, ""0-2"": {""theta_deg"": 0.3632398748140595, ""A_D"": 0.17962272927301992}, ""1-2"": {""theta_deg"": 0.6716171971047338, ""A_D"": 0.5717432056164595}}","[[-0.11782307825112959, -0.20780821554444096], [0.19055424403954468, 0.18431226079899865], [-0.4810629530651891, -0.3874309448174609]]",False,True,"[4.876720037665443, 4.166315678216996]",True,5.0,4.0,ok
capture,capture_2,conditional27,capture_2_detections.pkl,8,19585,19585,True,"[true, true, true]",3,3,"[0, 1, 2]",3.783595585617683,3,True,3.783595585617683,4.818126265674002,0.013161767821799645,0.5366963390818238,32.20178034490943,0.49241406340535354,0.7577467893659824,0.6652620871398374,"{""0-1"": {""theta_deg"": -0.4166793860058897, ""A_D"": -0.5108925966872913}, ""0-2"": {""theta_deg"": 0.34106740336009267, ""A_D"": 0.1543694904525461}, ""1-2"": {""theta_deg"": 0.7577467893659824, ""A_D"": 0.6652620871398374}}","[[-0.15194418429270762, -0.24717306068595635], [0.2647352017131821, 0.2637195360013349], [-0.4930115876528003, -0.40154255113850246]]",False,True,"[4.831512125937696, 4.0522666588953875]",True,5.0,4.0,ok
capture,capture_2,conditional27,capture_2_detections.pkl,8,20156,20156,True,"[true, true, true]",3,3,"[0, 1, 2]",3.9929062916694855,3,True,3.9929062916694855,4.941044164085014,0.013886477248335428,0.6014587800271032,36.08752680162619,0.5702303095288466,0.845027878157742,0.7576948073792522,"{""0-1"": {""theta_deg"": -0.5066264230494752, ""A_D"": -0.6179453815374836}, ""0-2"": {""theta_deg"": 0.3384014551082668, ""A_D"": 0.13974942584176864}, ""1-2"": {""theta_deg"": 0.845027878157742, ""A_D"": 0.7576948073792522}}","[[-0.18359269893966879, -0.28942174604444526], [0.32303372410980646, 0.3285236354930383], [-0.5219941540479356, -0.4291711718862139]]",False,True,"[4.897378257481998, 4.121188259844083]",True,5.0,4.0,ok
capture,capture_2,conditional27,capture_2_detections.pkl,8,20728,20728,True,"[true, true, true]",3,3,"[0, 1, 2]",4.763627052010403,3,True,4.763627052010403,5.665250234523411,0.016559412382030136,0.7707592812572173,46.24555687543304,0.7408745854792713,1.0839900725335063,1.0049994544904308,"{""0-1"": {""theta_deg"": -0.6411360794971737, ""A_D"": -0.7590631686570335}, ""0-2"": {""theta_deg"": 0.44285399303633266, ""A_D"": 0.24593628583339733}, ""1-2"": {""theta_deg"": 1.0839900725335063, ""A_D"": 1.0049994544904308}}","[[-0.1862765921855205, -0.29100271524061494], [0.45485948731165315, 0.46806045341641855], [-0.6291305852218532, -0.5369390010740123]]",False,True,"[4.845979415899839, 3.8782066395453594]",True,5.0,4.0,ok
capture,capture_2,conditional27,capture_2_detections.pkl,8,21299,21299,True,"[true, true, true]",3,3,"[0, 1, 2]",3.722886210703089,3,True,3.722886210703089,4.927540631460088,0.012937366091902654,0.47437947383007245,28.462768429804346,0.40350879872495876,0.6693759615600943,0.5612690466026549,"{""0-1"": {""theta_deg"": -0.2958847031985208, ""A_D"": -0.3698635486630284}, ""0-2"": {""theta_deg"": 0.3734912583615735, ""A_D"": 0.19140549793962647}, ""1-2"": {""theta_deg"": 0.6693759615600943, ""A_D"": 0.5612690466026549}}","[[-0.10949804070697855, -0.19470435143306375], [0.18638666249154223, 0.17515919722996465], [-0.48298929906855204, -0.3861098493726902]]",False,True,"[4.8654784042328805, 4.016881914088941]",True,5.0,4.0,ok
capture,capture_2,conditional27,capture_2_detections.pkl,9,22329,22329,True,"[true, true, true]",3,3,"[0, 1, 2]",2.957810058852869,3,True,2.957810058852869,3.80036003290968,0.010396378218958955,0.3440256117534853,20.641536705209116,0.3258150127394472,0.4540639643476325,0.448224115053252,"{""0-1"": {""theta_deg"": -0.4540639643476325, ""A_D"": -0.448224115053252}, ""0-2"": {""theta_deg"": -0.3783590105733179, ""A_D"": -0.3166025478656658}, ""1-2"": {""theta_deg"": 0.07570495377431463, ""A_D"": 0.13162156718758622}}","[[-0.22428239135046013, -0.22388746907198032], [0.2297815729971724, 0.22433664598127168], [0.15407661922285776, 0.09271507879368546]]",False,True,"[9.207311886611073, 3.080373816647151]",True,10.0,4.0,ok
capture,capture_2,conditional27,capture_2_detections.pkl,9,22933,22933,True,"[true, true, true]",3,3,"[0, 1, 2]",3.121192632789602,3,True,3.121192632789602,4.085341965950025,0.010971140662000852,0.32782813406084177,19.669688043650506,0.31177178362814295,0.4565710751292009,0.4402960725657774,"{""0-1"": {""theta_deg"": -0.4565710751292009, ""A_D"": -0.4402960725657774}, ""0-2"": {""theta_deg"": -0.2980284098831678, ""A_D"": -0.24032212764716432}, ""1-2"": {""theta_deg"": 0.1585426652460331, ""A_D"": 0.1999739449186131}}","[[-0.1971862451525972, -0.19264588862965804], [0.2593848299766037, 0.24765018393611937], [0.10084216473057062, 0.04767623901750628]]",False,True,"[8.996277442077972, 2.74905065140989]",True,10.0,4.0,ok
capture,capture_2,conditional27,capture_2_detections.pkl,9,23538,23538,True,"[true, true, true]",3,3,"[0, 1, 2]",2.3737307250946706,3,True,2.3737307250946706,3.060805851694319,0.008342944140855308,0.241856841323547,14.51141047941282,0.20936021163568053,0.33107947361571455,0.2610236127112828,"{""0-1"": {""theta_deg"": -0.23991637396806453, ""A_D"": -0.2515388798952758}, ""0-2"": {""theta_deg"": -0.33107947361571455, ""A_D"": -0.2610236127112828}, ""1-2"": {""theta_deg"": -0.09116309964765001, ""A_D"": -0.009484732816007035}}","[[-0.1439138040261767, -0.14415162251469216], [0.09600256994188783, 0.10738725738058363], [0.18716566958953784, 0.11687199019659067]]",False,True,"[8.844996685290107, 2.641411926868436]",True,10.0,4.0,ok
capture,capture_2,conditional27,capture_2_detections.pkl,9,24142,24142,True,"[true, true, true]",3,3,"[0, 1, 2]",2.0453068433442434,3,True,2.0453068433442434,2.7441438782786607,0.007186311572182419,0.20943301822345814,12.565981093407489,0.16856740939501957,0.2947264507482128,0.23552830626314503,"{""0-1"": {""theta_deg"": -0.12195607863737123, ""A_D"": -0.14965882316957124}, ""0-2"": {""theta_deg"": -0.2947264507482128, ""A_D"": -0.23552830626314503}, ""1-2"": {""theta_deg"": -0.17277037211084156, ""A_D"": -0.08586948309357378}}","[[-0.1045336641317185, -0.11088232072566884], [0.01742241450565274, 0.038776502443902405], [0.1901927866164943, 0.12464598553747619]]",False,True,"[8.666513890967448, 2.4851207003223523]",True,10.0,4.0,ok
capture,capture_2,conditional27,capture_2_detections.pkl,9,24747,24747,False,"[false, false, false]",3,0,[],,0,False,,,,,,,,,null,null,False,False,null,False,10.0,4.0,insufficient_P4_support
capture,capture_2,conditional27,capture_2_detections.pkl,9,25351,25351,False,"[false, false, false]",3,0,[],,0,False,,,,,,,,,null,null,False,False,null,False,10.0,4.0,insufficient_P4_support
capture,capture_2,conditional27,capture_2_detections.pkl,9,25956,25956,True,"[true, true, true]",3,3,"[0, 1, 2]",2.872069395743775,3,True,2.872069395743775,3.6780401455816314,0.010093658902669706,0.46085845663121144,27.651507397872688,0.34092817092153627,0.6376212303717654,0.47043976863544,"{""0-1"": {""theta_deg"": 0.20191258052682493, ""A_D"": 0.1437712940796434}, ""0-2"": {""theta_deg"": -0.4357086498449405, ""A_D"": -0.3266684745557966}, ""1-2"": {""theta_deg"": -0.6376212303717654, ""A_D"": -0.47043976863544}}","[[-0.03260089817791645, -0.03767451832049318], [-0.23451347870474137, -0.18144581240013657], [0.40310775166702406, 0.28899395623530344]]",False,True,"[8.691881925098944, 2.586481199942561]",True,10.0,4.0,ok
capture,capture_2,conditional27,capture_2_detections.pkl,9,26560,26560,False,"[false, false, false]",3,0,[],,0,False,,,,,,,,,null,null,False,False,null,False,10.0,4.0,insufficient_P4_support
capture,capture_2,conditional37,capture_2_detections.pkl,5,2660,2660,True,"[true, true, true]",3,3,"[0, 1, 2]",3.4993592514929666,3,True,3.4993592514929666,4.677689992487618,0.012204440220576778,0.08125371772800467,4.875223063680281,0.0643406534243277,0.10609767500932143,0.08907147014963956,"{""0-1"": {""theta_deg"": 0.10609767500932143, ""A_D"": -0.08907147014963956}, ""0-2"": {""theta_deg"": 0.09126810601081736, ""A_D"": -0.06063804635738346}, ""1-2"": {""theta_deg"": -0.014829568998504072, ""A_D"": 0.028433423792256107}}","[[0.06590721801027044, -0.09462496965009182], [-0.040190456999050994, -0.0055534995004522525], [-0.02536088800054692, -0.03398692329270836]]",False,True,"[-10.13097513506275, 1.7659667997722701]",True,-10.0,4.0,ok
capture,capture_2,conditional37,capture_2_detections.pkl,5,3186,3186,True,"[true, true, true]",3,3,"[0, 1, 2]",4.505497886306107,3,True,4.505497886306107,5.2237362220580685,0.01571084969175196,0.11980445031026232,7.18826701861574,0.09811667507404374,0.16744333221665286,0.13764162021228543,"{""0-1"": {""theta_deg"": 0.061322841510730086, ""A_D"": 0.08403301508704364}, ""0-2"": {""theta_deg"": 0.16744333221665286, ""A_D"": 0.13764162021228543}, ""1-2"": {""theta_deg"": 0.10612049070592278, ""A_D"": 0.05360860512524179}}","[[0.06291170177257044, -0.006616027605862662], [0.0015888602618403525, -0.0906490426929063], [-0.10453163044408242, -0.1442576478181481]]",False,True,"[-10.168070825538432, 1.5375627484253465]",True,-10.0,4.0,ok
capture,capture_2,conditional37,capture_2_detections.pkl,5,3711,3711,True,"[true, true, true]",3,3,"[0, 1, 2]",5.483367202121287,3,True,5.483367202121287,6.5330691167810855,0.01913017491575461,0.14591084957449893,8.754650974469936,0.15559006368110412,0.19480457564206333,0.218860694619887,"{""0-1"": {""theta_deg"": 0.03846717929466337, ""A_D"": 0.12911280491336474}, ""0-2"": {""theta_deg"": 0.19480457564206333, ""A_D"": 0.218860694619887}, ""1-2"": {""theta_deg"": 0.15633739634739996, ""A_D"": 0.08974788970652225}}","[[0.0582965156076618, 0.023880037812481048], [0.019829336312998436, -0.1052327671008837], [-0.13650806003440152, -0.19498065680740595]]",False,True,"[-10.082759013189172, 1.5370593523986842]",True,-10.0,4.0,ok
capture,capture_2,conditional37,capture_2_detections.pkl,5,4237,4237,True,"[true, true, true]",3,3,"[0, 1, 2]",5.701471967254823,3,True,5.701471967254823,7.034063668236843,0.019882876682310726,0.13925779998380183,8.35546799902811,0.0644585734129672,0.1967355764359695,0.08191391241577972,"{""0-1"": {""theta_deg"": 0.10614191246435034, ""A_D"": 0.07559717480141637}, ""0-2"": {""theta_deg"": 0.1967355764359695, ""A_D"": 0.08191391241577972}, ""1-2"": {""theta_deg"": 0.09059366397161916, ""A_D"": 0.006316737614363355}}","[[0.089699652894911, -0.04390591543824973], [-0.016442259569439344, -0.1195030902396661], [-0.10703592354105851, -0.12581982785402945]]",False,True,"[-10.07404510302927, 1.5140051304568265]",True,-10.0,4.0,ok
capture,capture_2,conditional37,capture_2_detections.pkl,5,4762,4762,False,"[false, false, false]",3,0,[],,0,False,,,,,,,,,null,null,False,False,null,False,-10.0,4.0,insufficient_P4_support
capture,capture_2,conditional37,capture_2_detections.pkl,5,5288,5288,True,"[true, true, true]",3,3,"[0, 1, 2]",6.100676277557815,3,True,6.100676277557815,7.402716843414636,0.021269400534092802,0.1552455600625105,9.31473360375063,0.07077208709746512,0.21954999488706584,0.08976280565914863,"{""0-1"": {""theta_deg"": 0.1094204731131132, ""A_D"": 0.08322213193512495}, ""0-2"": {""theta_deg"": 0.21954999488706584, ""A_D"": 0.08976280565914863}, ""1-2"": {""theta_deg"": 0.11012952177395263, ""A_D"": 0.006540673724023671}}","[[0.09273488841794375, -0.053972982788839774], [-0.016685584695169453, -0.13719511472396473], [-0.12681510646912209, -0.1437357884479884]]",False,True,"[-10.007779092804792, 1.639312166638272]",True,-10.0,4.0,ok
capture,capture_2,conditional37,capture_2_detections.pkl,5,5813,5813,True,"[true, true, true]",3,3,"[0, 1, 2]",3.3468474511742867,3,True,3.3468474511742867,4.535282781969066,0.011653143015320616,0.0447889304191414,2.687335825148484,0.20610399849055713,0.06222576129152557,0.27805765964284923,"{""0-1"": {""theta_deg"": 0.06222576129152557, ""A_D"": -0.06332387142272111}, ""0-2"": {""theta_deg"": 0.02086405603493091, ""A_D"": -0.27805765964284923}, ""1-2"": {""theta_deg"": -0.04136170525659466, ""A_D"": -0.21473378822012812}}","[[0.029165787409050736, -0.15861140911884597], [-0.033059973882474836, -0.09528753769612486], [0.008301731374119825, 0.11944625052400326]]",False,True,"[-10.105189095703867, 2.1633757559872957]",True,-10.0,4.0,ok
capture,capture_2,conditional37,capture_2_detections.pkl,5,6339,6339,True,"[true, true, true]",3,3,"[0, 1, 2]",8.852920172037619,3,True,8.852920172037619,10.789442623220063,0.030865872524651294,0.20799618698560288,12.479771219136172,0.09161364958916313,0.2941506947454471,0.12093189949636374,"{""0-1"": {""theta_deg"": 0.14745912647965298, ""A_D"": 0.10073005224308407}, ""0-2"": {""theta_deg"": 0.2941506947454471, ""A_D"": 0.12093189949636374}, ""1-2"": {""theta_deg"": 0.1466915682657941, ""A_D"": 0.02020184725327967}}","[[0.14089589695004, -0.05833180611096034], [-0.006563229529612968, -0.1590618583540444], [-0.15325479779540707, -0.17926370560732408]]",False,True,"[-10.209175926313945, 1.2737157430382249]",True,-10.0,4.0,ok
capture,capture_2,conditional37,capture_2_detections.pkl,6,7300,7300,False,"[false, false, false]",3,0,[],,0,False,,,,,,,,,null,null,False,False,null,False,-5.0,4.0,insufficient_P4_support
capture,capture_2,conditional37,capture_2_detections.pkl,6,7871,7871,True,"[true, true, true]",3,3,"[0, 1, 2]",5.340392734077742,3,True,5.340392734077742,6.398273967765503,0.018640151113738714,0.17470165918282896,10.482099550969737,0.34145892072844636,0.24195349809476063,0.4720427317379565,"{""0-1"": {""theta_deg"": 0.24195349809476063, ""A_D"": 0.32418619092738155}, ""0-2"": {""theta_deg"": 0.07767682812792032, ""A_D"": -0.14785654081057498}, ""1-2"": {""theta_deg"": -0.16427666996684032, ""A_D"": -0.4720427317379565}}","[[0.051068460986662956, -0.06095398406136665], [-0.19088503710809768, -0.3851401749887482], [-0.02660836714125736, 0.08690255674920833]]",False,True,"[-5.424143160103821, 2.7845260591502914]",True,-5.0,4.0,ok
capture,capture_2,conditional37,capture_2_detections.pkl,6,8443,8443,True,"[true, true, true]",3,3,"[0, 1, 2]",5.2807573280163025,3,True,5.2807573280163025,6.386107453883346,0.01842264531186885,0.1865698209180367,11.194189255082202,0.39044693588491153,0.2380749279473955,0.5507834314699798,"{""0-1"": {""theta_deg"": 0.2380749279473955, ""A_D"": 0.3093243449654208}, ""0-2"": {""theta_deg"": 0.020535212079569654, ""A_D"": -0.24145908650455894}, ""1-2"": {""theta_deg"": -0.21753971586782583, ""A_D"": -0.5507834314699798}}","[[0.03945459580096422, -0.0841663490439215], [-0.19862033214643127, -0.39349069400934233], [0.018919383721394567, 0.15729273746063743]]",False,True,"[-5.402958373162097, 2.8520940855176815]",True,-5.0,4.0,ok
capture,capture_2,conditional37,capture_2_detections.pkl,6,9014,9014,True,"[true, true, true]",3,3,"[0, 1, 2]",4.602178637525558,3,True,4.602178637525558,5.8048636811423,0.0160357251600779,0.1790574870375721,10.743449222254325,0.36704356644953723,0.21932902344877547,0.5167841421331127,"{""0-1"": {""theta_deg"": 0.21932902344877547, ""A_D"": 0.30060678814248654}, ""0-2"": {""theta_deg"": 5.8580766841842546e-05, ""A_D"": -0.2161773539906262}, ""1-2"": {""theta_deg"": -0.21927044268193363, ""A_D"": -0.5167841421331127}}","[[0.04070198741420494, -0.04982616651435601], [-0.17862703603457053, -0.35043295465684254], [0.0406434066473631, 0.1663511874762702]]",False,True,"[-5.372633302377551, 2.7977427520240865]",True,-5.0,4.0,ok
capture,capture_2,conditional37,capture_2_detections.pkl,6,9585,9585,True,"[true, true, true]",3,3,"[0, 1, 2]",4.486162760548762,3,True,4.486162760548762,5.769035334030301,0.015614734989209695,0.2374760172632569,14.248561035795413,0.4696397528042795,0.32503061516850273,0.6641482656300779,"{""0-1"": {""theta_deg"": 0.2357178523843917, ""A_D"": 0.32732470479508047}, ""0-2"": {""theta_deg"": -0.08931276278411104, ""A_D"": -0.3368235608349974}, ""1-2"": {""theta_deg"": -0.32503061516850273, ""A_D"": -0.6641482656300779}}","[[0.03169034297206874, -0.05590866795453486], [-0.20402750941232295, -0.38323337274961533], [0.12100310575617979, 0.28091489288046256]]",False,True,"[-5.273948953933041, 3.038905656819187]",True,-5.0,4.0,ok
capture,capture_2,conditional37,capture_2_detections.pkl,6,10156,10156,True,"[true, true, true]",3,3,"[0, 1, 2]",4.108183674561264,3,True,4.108183674561264,5.316427890282175,0.014282093265748043,0.2357197333664161,14.143184001984967,0.4515423863005278,0.3271814705888989,0.6377678556164694,"{""0-1"": {""theta_deg"": 0.21890712549631974, ""A_D"": 0.2910466920305885}, ""0-2"": {""theta_deg"": -0.10827434509257916, ""A_D"": -0.3467211635858809}, ""1-2"": {""theta_deg"": -0.3271814705888989, ""A_D"": -0.6377678556164694}}","[[0.025003767413499745, -0.061521000801205705], [-0.19390335808282, -0.35256769283179423], [0.1332781125060789, 0.2852001627846752]]",False,True,"[-5.252060309516194, 3.0971293443099115]",True,-5.0,4.0,ok
capture,capture_2,conditional37,capture_2_detections.pkl,6,10728,10728,True,"[true, true, true]",3,3,"[0, 1, 2]",4.690202335593314,3,True,4.690202335593314,6.263292736784715,0.016296701935614485,0.27450016214218775,16.470009728531267,0.5350792497390259,0.3836205632179466,0.7563714424233399,"{""0-1"": {""theta_deg"": 0.24330742843663877, ""A_D"": 0.3584022415696717}, ""0-2"": {""theta_deg"": -0.1403131347813078, ""A_D"": -0.39796920085366816}, ""1-2"": {""theta_deg"": -0.3836205632179466, ""A_D"": -0.7563714424233399}}","[[0.035417811809344, -0.03710342953156598], [-0.20788961662729477, -0.3955056711012377], [0.1757309465906518, 0.3608657713221022]]",False,True,"[-5.259056212446844, 2.912039514468521]",True,-5.0,4.0,ok
capture,capture_2,conditional37,capture_2_detections.pkl,6,11299,11299,True,"[true, true, true]",3,3,"[0, 1, 2]",3.6262290196060576,3,True,3.6262290196060576,4.868626002029943,0.012590768383316771,0.2784567745515619,16.707406473093716,0.5038040876248229,0.39351092023372836,0.710398799443547,"{""0-1"": {""theta_deg"": 0.20976044697161633, ""A_D"": 0.3079977326633365}, ""0-2"": {""theta_deg"": -0.18375047326211202, ""A_D"": -0.4024010667802105}, ""1-2"": {""theta_deg"": -0.39351092023372836, ""A_D"": -0.710398799443547}}","[[0.02167169786733769, -0.030840590990594663], [-0.18808874910427864, -0.3388383236539312], [0.20542217112944972, 0.3715604757896158]]",False,True,"[-4.952863884434756, 3.0916476925646332]",True,-5.0,4.0,ok
capture,capture_2,conditional37,capture_2_detections.pkl,7,12300,12300,True,"[true, true, true]",3,3,"[0, 1, 2]",2.2104130580093893,3,True,2.2104130580093893,2.7980626999476073,0.007736272882545409,0.33136696122389564,19.882017673433737,0.47006498382579065,0.4434746632820459,0.6545095027405727,"{""0-1"": {""theta_deg"": -0.09057422037762261, ""A_D"": -0.2264846335504318}, ""0-2"": {""theta_deg"": -0.4434746632820459, ""A_D"": -0.6545095027405727}, ""1-2"": {""theta_deg"": -0.3529004429044233, ""A_D"": -0.42802486919014093}}","[[-0.16634625834226272, -0.2954343017102783], [-0.0757720379646401, -0.06894966815984649], [0.2771284049397832, 0.35907520103029444]]",False,True,"[0.32955454438547205, 4.407764838310638]",True,0.0,4.0,ok
capture,capture_2,conditional37,capture_2_detections.pkl,7,12871,12871,True,"[true, true, true]",3,3,"[0, 1, 2]",2.6773578254388597,3,True,2.6773578254388597,3.4840059922582443,0.009365483036191443,0.5866317011705088,35.197902070230526,0.7505294532034945,0.7432717800120211,0.926906782349401,"{""0-1"": {""theta_deg"": 0.05247225641717414, ""A_D"": -0.01559788678191687}, ""0-2"": {""theta_deg"": -0.6907995235948469, ""A_D"": -0.926906782349401}, ""1-2"": {""theta_deg"": -0.7432717800120211, ""A_D"": -0.9113088955674842}}","[[-0.12822842159618664, -0.22575415905252338], [-0.18070067801336076, -0.21015627227060651], [0.5625711019986603, 0.7011526232968777]]",False,True,"[0.20210153902940714, 4.21391453936517]",True,0.0,4.0,ok
capture,capture_2,conditional37,capture_2_detections.pkl,7,13443,13443,True,"[true, true, true]",3,3,"[0, 1, 2]",2.592164718711678,3,True,2.592164718711678,3.3140841564957024,0.00906548491342102,0.4995205787068276,29.971234722409655,0.6748636286785317,0.656151085874416,0.9227849594908246,"{""0-1"": {""theta_deg"": -0.10140281143477409, ""A_D"": -0.25041306161921106}, ""0-2"": {""theta_deg"": -0.656151085874416, ""A_D"": -0.9227849594908246}, ""1-2"": {""theta_deg"": -0.5547482744396419, ""A_D"": -0.6723718978716136}}","[[-0.19958625335781185, -0.34433859770267805], [-0.09818344192303777, -0.09392553608346699], [0.4565648325166042, 0.5784463617881466]]",False,True,"[0.16400310748127592, 4.450073131543117]",True,0.0,4.0,ok
capture,capture_2,conditional37,capture_2_detections.pkl,7,14014,14014,True,"[true, true, true]",3,3,"[0, 1, 2]",2.4159866373633467,3,True,2.4159866373633467,3.2327022158980045,0.0084419851403875,0.4046376183762784,24.278257102576703,0.5491172454001038,0.566031474517619,0.7765557525134148,"{""0-1"": {""theta_deg"": -0.21018936360614499, ""A_D"": -0.38434135209958464}, ""0-2"": {""theta_deg"": -0.566031474517619, ""A_D"": -0.7765557525134148}, ""1-2"": {""theta_deg"": -0.355842110911474, ""A_D"": -0.39221440041383016}}","[[-0.19184893009746676, -0.31834106825124175], [0.018340433508678224, 0.06600028384834289], [0.37418254442015225, 0.45821468426217304]]",False,True,"[0.026425849579599595, 4.267914420441507]",True,0.0,4.0,ok
capture,capture_2,conditional37,capture_2_detections.pkl,7,14585,14585,True,"[true, true, true]",3,3,"[0, 1, 2]",4.230953008888666,3,True,4.230953008888666,5.099768358437394,0.014784800136660817,1.156660132466165,69.3996079479699,1.5069104114164102,1.5790134130341538,2.0474675886245,"{""0-1"": {""theta_deg"": 0.4195993206099501, ""A_D"": 0.5118003638724189}, ""0-2"": {""theta_deg"": -1.1594140924242038, ""A_D"": -1.535667224752081}, ""1-2"": {""theta_deg"": -1.5790134130341538, ""A_D"": -2.0474675886245}}","[[-0.05504889098062911, -0.12709214783806022], [-0.4746482115905792, -0.6388925117104791], [1.1043652014435745, 1.4085750769140208]]",False,True,"[-0.019862925485342724, 4.150185060868921]",True,0.0,4.0,ok
capture,capture_2,conditional37,capture_2_detections.pkl,7,15156,15156,False,"[false, false, false]",3,0,[],,0,False,,,,,,,,,null,null,False,False,null,False,0.0,4.0,insufficient_P4_support
capture,capture_2,conditional37,capture_2_detections.pkl,7,15728,15728,True,"[true, true, true]",3,3,"[0, 1, 2]",4.583437106745643,3,True,4.583437106745643,5.500205734844783,0.016022901553843675,1.2465282814127394,74.79169688476436,1.6259171630181521,1.690650004643244,2.1889732152221075,"{""0-1"": {""theta_deg"": 0.41285991021296875, ""A_D"": 0.48480871825009286}, ""0-2"": {""theta_deg"": -1.2777900944302751, ""A_D"": -1.7041644969720147}, ""1-2"": {""theta_deg"": -1.690650004643244, ""A_D"": -2.1889732152221075}}","[[-0.07881151334932741, -0.17357401375511872], [-0.4916714235622962, -0.6583827320052116], [1.198978581080948, 1.530590483216896]]",False,True,"[-0.056371487482445595, 4.146033925806838]",True,0.0,4.0,ok
capture,capture_2,conditional37,capture_2_detections.pkl,7,16299,16299,True,"[true, true, true]",3,3,"[0, 1, 2]",4.634091849352538,3,True,4.634091849352538,5.549485427414041,0.016201503000545136,1.3471868162490548,80.83120897494328,1.7444285480471646,1.8221225358948798,2.346634690636043,"{""0-1"": {""theta_deg"": 0.4291166913093105, ""A_D"": 0.514131741416874}, ""0-2"": {""theta_deg"": -1.3930058445855693, ""A_D"": -1.832502949219169}, ""1-2"": {""theta_deg"": -1.8221225358948798, ""A_D"": -2.346634690636043}}","[[-0.07458896489554245, -0.16028575477344553], [-0.503705656204853, -0.6744174961903195], [1.3184168796900269, 1.6722171944457234]]",False,True,"[-0.061800863763351116, 4.194843722140212]",True,0.0,4.0,ok
capture,capture_2,conditional37,capture_2_detections.pkl,8,17300,17300,True,"[true, true, true]",3,3,"[0, 1, 2]",3.9542708937890727,3,True,3.9542708937890727,4.964087425444506,0.013748087780414987,0.15481538635055112,9.288923181033066,1.206964431252278e-14,0.21627892151075478,1.687538997430238e-14,"{""0-1"": {""theta_deg"": 0.07865595928567082, ""A_D"": -1.687538997430238e-14}, ""0-2"": {""theta_deg"": 0.21627892151075478, ""A_D"": -6.217248937900877e-15}, ""1-2"": {""theta_deg"": 0.13762296222508397, ""A_D"": 1.0658141036401503e-14}}","[[0.09720384869630472, -1.687538997430238e-14], [0.0185478894106339, 0.0], [-0.11907507281445007, -1.0658141036401503e-14]]",True,True,"[6.231511187808522, 5.999999999999999]",False,5.0,4.0,ok
capture,capture_2,conditional37,capture_2_detections.pkl,8,17871,17871,True,"[true, true, true]",3,3,"[0, 1, 2]",3.580124723033409,3,True,3.580124723033409,4.584139781034678,0.012464926630786173,0.14256838687990475,8.554103212794285,0.0,0.19912573017385427,0.0,"{""0-1"": {""theta_deg"": 0.07217080248926333, ""A_D"": 0.0}, ""0-2"": {""theta_deg"": 0.19912573017385427, ""A_D"": 0.0}, ""1-2"": {""theta_deg"": 0.12695492768459093, ""A_D"": 0.0}}","[[0.08944012104193266, 0.0], [0.017269318552669333, 0.0], [-0.1096856091319216, 0.0]]",True,True,"[6.037058444435281, 5.999999999999999]",False,5.0,4.0,ok
capture,capture_2,conditional37,capture_2_detections.pkl,8,18443,18443,True,"[true, true, true]",3,3,"[0, 1, 2]",5.024757241397674,3,True,5.024757241397674,6.257561557124473,0.017468887286999846,0.20201927993031754,12.121156795819052,5.801557143511545e-15,0.28470347705276833,7.105427357601002e-15,"{""0-1"": {""theta_deg"": 0.12172089242415485, ""A_D"": -7.105427357601002e-15}, ""0-2"": {""theta_deg"": 0.28470347705276833, ""A_D"": -7.105427357601002e-15}, ""1-2"": {""theta_deg"": 0.16298258462861348, ""A_D"": 0.0}}","[[0.13554056238422607, -7.105427357601002e-15], [0.013819669960071224, 0.0], [-0.14916291466854226, 0.0]]",True,True,"[6.276009953547536, 5.999999999999999]",False,5.0,4.0,ok
capture,capture_2,conditional37,capture_2_detections.pkl,8,19014,19014,True,"[true, true, true]",3,3,"[0, 1, 2]",4.739477477655722,3,True,4.739477477655722,6.0609011443553396,0.016482030849661464,0.18632302437010503,11.179381462206303,1.4503892858778862e-15,0.26077417238525946,1.7763568394002505e-15,"{""0-1"": {""theta_deg"": 0.09764525701004789, ""A_D"": 0.0}, ""0-2"": {""theta_deg"": 0.26077417238525946, ""A_D"": 1.7763568394002505e-15}, ""1-2"": {""theta_deg"": 0.16312891537521157, ""A_D"": 1.7763568394002505e-15}}","[[0.11912760384437338, 0.0], [0.021482346834325483, 0.0], [-0.1416465685408861, -1.7763568394002505e-15]]",True,True,"[6.114083296270226, 5.999999999999999]",False,5.0,4.0,ok
capture,capture_2,conditional37,capture_2_detections.pkl,8,19585,19585,True,"[true, true, true]",3,3,"[0, 1, 2]",4.509880634760732,3,True,4.509880634760732,5.689812423679004,0.015688252212890982,0.17337589560631456,10.402553736378874,0.0,0.24234986449441998,0.0,"{""0-1"": {""theta_deg"": 0.0889459212386523, ""A_D"": 0.0}, ""0-2"": {""theta_deg"": 0.24234986449441998, ""A_D"": 0.0}, ""1-2"": {""theta_deg"": 0.15340394325576767, ""A_D"": 0.0}}","[[0.11018744241532819, 0.0], [0.02124152117667588, 0.0], [-0.1321624220790918, 0.0]]",True,True,"[6.170628524458479, 5.999999999999999]",False,5.0,4.0,ok
capture,capture_2,conditional37,capture_2_detections.pkl,8,20156,20156,True,"[true, true, true]",3,3,"[0, 1, 2]",4.7932687841684976,3,True,4.7932687841684976,6.008667078490512,0.016669967450871976,0.18381546263705853,11.028927758223512,0.0,0.2579620236366367,0.0,"{""0-1"": {""theta_deg"": 0.10116227303162528, ""A_D"": 0.0}, ""0-2"": {""theta_deg"": 0.2579620236366367, ""A_D"": 0.0}, ""1-2"": {""theta_deg"": 0.1567997506050114, ""A_D"": 0.0}}","[[0.11993737117977066, 0.0], [0.018775098148145375, 0.0], [-0.13802465245686601, 0.0]]",True,True,"[6.172601794962161, 5.999999999999999]",False,5.0,4.0,ok
capture,capture_2,conditional37,capture_2_detections.pkl,8,20728,20728,True,"[true, true, true]",3,3,"[0, 1, 2]",4.544346035533296,3,True,4.544346035533296,5.457919475624807,0.015797143476477867,0.15998880483632827,9.599328290179695,0.0,0.22402471439422023,0.0,"{""0-1"": {""theta_deg"": 0.08454743384247188, ""A_D"": 0.0}, ""0-2"": {""theta_deg"": 0.22402471439422023, ""A_D"": 0.0}, ""1-2"": {""theta_deg"": 0.13947728055174835, ""A_D"": 0.0}}","[[0.1031227205922729, 0.0], [0.018575286749801023, 0.0], [-0.12090199380194733, 0.0]]",True,True,"[6.334761459511757, 5.999999999999999]",False,5.0,4.0,ok
capture,capture_2,conditional37,capture_2_detections.pkl,8,21299,21299,True,"[true, true, true]",3,3,"[0, 1, 2]",4.504348776834906,3,True,4.504348776834906,5.761047017113681,0.015653019145197466,0.17499926407657432,10.499955844594458,0.0,0.24338293846351,0.0,"{""0-1"": {""theta_deg"": 0.08282409744429842, ""A_D"": 0.0}, ""0-2"": {""theta_deg"": 0.24338293846351, ""A_D"": 0.0}, ""1-2"": {""theta_deg"": 0.16055884101921158, ""A_D"": 0.0}}","[[0.10786506496955894, 0.0], [0.025040967525260527, 0.0], [-0.13551787349395106, 0.0]]",True,True,"[6.231563761768557, 5.999999999999999]",False,5.0,4.0,ok
capture,capture_2,conditional37,capture_2_detections.pkl,9,22329,22329,True,"[true, true, true]",3,3,"[0, 1, 2]",4.745091588412861,3,True,4.745091588412861,5.489600473617679,0.016678476932312964,0.14085017855094495,8.451010713056696,3.161050162967915e-15,0.19887262444114384,4.440892098500626e-15,"{""0-1"": {""theta_deg"": 0.10920455836143184, ""A_D"": 2.6645352591003757e-15}, ""0-2"": {""theta_deg"": 0.19887262444114384, ""A_D"": -1.7763568394002505e-15}, ""1-2"": {""theta_deg"": 0.089668066079712, ""A_D"": -4.440892098500626e-15}}","[[0.10553887212875601, -8.881784197001252e-16], [-0.0036656862326758244, -3.552713678800501e-15], [-0.09333375231238783, 8.881784197001252e-16]]",True,True,"[11.055702748023933, 5.999999999999998]",False,10.0,4.0,ok
capture,capture_2,conditional37,capture_2_detections.pkl,9,22933,22933,True,"[true, true, true]",3,3,"[0, 1, 2]",3.3132801290645544,3,True,3.3132801290645544,3.988279822650614,0.011646337354093688,0.08956824373033816,5.374094623820289,0.0,0.12556042856657257,0.0,"{""0-1"": {""theta_deg"": 0.0772591476362603, ""A_D"": 0.0}, ""0-2"": {""theta_deg"": 0.12556042856657257, ""A_D"": 0.0}, ""1-2"": {""theta_deg"": 0.048301280930312274, ""A_D"": 0.0}}","[[0.07018815589304062, 8.881784197001252e-16], [-0.007070991743219679, 8.881784197001252e-16], [-0.05537227267353195, 8.881784197001252e-16]]",True,True,"[11.218000123167842, 5.999999999999998]",False,10.0,4.0,ok
capture,capture_2,conditional37,capture_2_detections.pkl,9,23538,23538,True,"[true, true, true]",3,3,"[0, 1, 2]",2.9567680079430554,3,True,2.9567680079430554,3.4081127282165937,0.01039214350092431,0.15348054213383763,9.208832528030259,0.24682204730523646,0.20452394818930308,0.30229403658346055,"{""0-1"": {""theta_deg"": -0.20452394818930308, ""A_D"": -0.30229403658346055}, ""0-2"": {""theta_deg"": -0.1652054501929694, ""A_D"": -0.30229403658346055}, ""1-2"": {""theta_deg"": 0.03931849799633369, ""A_D"": 0.0}}","[[-0.21162996874212148, -0.30229403658345166], [-0.007106020552818393, 8.881784197001252e-15], [-0.04642451854915208, 8.881784197001252e-15]]",False,True,"[11.193429215774984, 5.99999999999999]",False,10.0,4.0,ok
capture,capture_2,conditional37,capture_2_detections.pkl,9,24142,24142,True,"[true, true, true]",3,3,"[0, 1, 2]",2.540784893034426,3,True,2.540784893034426,3.3572524562626556,0.008927204218113709,0.4052249806426912,24.313498838561472,0.5093524318623783,0.5424306928937455,0.6655343618572775,"{""0-1"": {""theta_deg"": -0.5424306928937455, ""A_D"": -0.6655343618572775}, ""0-2"": {""theta_deg"": -0.4313329125051055, ""A_D"": -0.5714256390997203}, ""1-2"": {""theta_deg"": 0.11109778038863993, ""A_D"": 0.09410872275755722}}","[[-0.5250475828776899, -0.6374408107241836], [0.017383110016055525, 0.028093551133093975], [-0.09371467037258441, -0.06601517162446324]]",False,True,"[11.17195968368488, 5.971906448866905]",False,10.0,4.0,ok
capture,capture_2,conditional37,capture_2_detections.pkl,9,24747,24747,False,"[false, false, false]",3,0,[],,0,False,,,,,,,,,null,null,False,False,null,False,10.0,4.0,insufficient_P4_support
capture,capture_2,conditional37,capture_2_detections.pkl,9,25351,25351,False,"[false, false, false]",3,0,[],,0,False,,,,,,,,,null,null,False,False,null,False,10.0,4.0,insufficient_P4_support
capture,capture_2,conditional37,capture_2_detections.pkl,9,25956,25956,True,"[true, true, true]",3,3,"[0, 1, 2]",3.6926860258071623,3,True,3.6926860258071623,5.345735636770356,0.012977650621669617,0.4659389473151995,27.956336838911973,0.5762726696692445,0.6551517562691487,0.7953947161323525,"{""0-1"": {""theta_deg"": -0.6551517562691487, ""A_D"": -0.7953947161323525}, ""0-2"": {""theta_deg"": -0.3886560396510763, ""A_D"": -0.5514690032844287}, ""1-2"": {""theta_deg"": 0.26649571661807236, ""A_D"": 0.24392571284792375}}","[[-0.43910484588638, -0.5529440778729509], [0.2160469103827687, 0.2424506382594016], [-0.05044880623530368, -0.0014750745885221406]]",False,True,"[10.584185837203883, 5.421214334585851]",True,10.0,4.0,ok
capture,capture_2,conditional37,capture_2_detections.pkl,9,26560,26560,False,"[false, false, false]",3,0,[],,0,False,,,,,,,,,null,null,False,False,null,False,10.0,4.0,insufficient_P4_support
capture,capture_3,conditional27,capture_3_detections.pkl,10,1770,1770,True,"[true, true, true]",3,3,"[0, 1, 2]",1.6185896005132654,3,True,1.6185896005132654,2.3508690346043952,0.005639106491165423,0.051500246232833384,3.0900147739700032,0.20328692061777978,0.07281379375267782,0.2619527946742912,"{""0-1"": {""theta_deg"": -0.03783049182244369, ""A_D"": -0.23356249855527222}, ""0-2"": {""theta_deg"": 0.034983301930234134, ""A_D"": 0.028390296119019}, ""1-2"": {""theta_deg"": 0.07281379375267782, ""A_D"": 0.2619527946742912}}","[[-0.005213375689930189, -0.08690088442717459], [0.0326171161325135, 0.14666161412809764], [-0.04019667762016432, -0.11529118054619358]]",False,True,"[-9.519952470593655, 3.7520709894551083]",True,-10.0,3.0,ok
capture,capture_3,conditional27,capture_3_detections.pkl,10,2307,2307,True,"[true, true, true]",3,3,"[0, 1, 2]",2.809019903863035,3,True,2.809019903863035,4.043770672974587,0.009793268052809063,0.12830219172140955,7.698131503284573,0.41271691603399024,0.1727222726351858,0.5455983629854089,"{""0-1"": {""theta_deg"": -0.13450094315744643, ""A_D"": -0.45236727136850385}, ""0-2"": {""theta_deg"": 0.038221329477739374, ""A_D"": 0.09323109161690502}, ""1-2"": {""theta_deg"": 0.1727222726351858, ""A_D"": 0.5455983629854089}}","[[-0.028656407515878612, -0.11763779411808839], [0.10584453564156782, 0.33472947725041546], [-0.06687773699361799, -0.2108688857349934]]",False,True,"[-9.809275287542556, 3.8648767665029427]",True,-10.0,3.0,ok
capture,capture_3,conditional27,capture_3_detections.pkl,10,2844,2844,True,"[true, true, true]",3,3,"[0, 1, 2]",2.8577493576745665,3,True,2.8577493576745665,4.04182008077794,0.009964236842039623,0.14569157342775288,8.741494405665172,0.4208803050679757,0.19740848161805857,0.574580950930974,"{""0-1"": {""theta_deg"": -0.14980678859992658, ""A_D"": -0.42183747436034036}, ""0-2"": {""theta_deg"": 0.047601693018131996, ""A_D"": 0.1527434765706337}, ""1-2"": {""theta_deg"": 0.19740848161805857, ""A_D"": 0.574580950930974}}","[[-0.02716783691956337, -0.07476969239941855], [0.1226389516803632, 0.3470677819609218], [-0.07476952993769537, -0.22751316897005225]]",False,True,"[-9.400114837895295, 4.07875587835592]",True,-10.0,3.0,ok
capture,capture_3,conditional27,capture_3_detections.pkl,10,3381,3381,True,"[true, true, true]",3,3,"[0, 1, 2]",3.5789171496194108,3,True,3.5789171496194108,4.836341079292755,0.012481176089107157,0.22189102698859134,13.313461619315481,0.536026281483133,0.29868687840099284,0.7466250636214236,"{""0-1"": {""theta_deg"": -0.23266842519137754, ""A_D"": -0.48688859636738435}, ""0-2"": {""theta_deg"": 0.0660184532096153, ""A_D"": 0.2597364672540392}, ""1-2"": {""theta_deg"": 0.29868687840099284, ""A_D"": 0.7466250636214236}}","[[-0.03941405269658205, -0.03349690893815893], [0.1932543724947955, 0.4533916874292254], [-0.10543250590619735, -0.29323337619219814]]",False,True,"[-9.56151437644465, 4.430029444456903]",True,-10.0,3.0,ok
capture,capture_3,conditional27,capture_3_detections.pkl,10,3918,3918,False,"[false, false, false]",3,0,[],,0,False,,,,,,,,,null,null,False,False,null,False,-10.0,3.0,invalid_input
capture,capture_3,conditional27,capture_3_detections.pkl,10,4455,4455,True,"[true, true, true]",3,3,"[0, 1, 2]",3.8897182858366155,3,True,3.8897182858366155,4.539802000870075,0.013556550908345929,0.22306455719164345,13.383873431498607,0.4691189016809942,0.2998330445960491,0.6621908027803576,"{""0-1"": {""theta_deg"": -0.2998330445960491, ""A_D"": -0.6621908027803576}, ""0-2"": {""theta_deg"": -0.2348388635213663, ""A_D"": -0.3662567637984049}, ""1-2"": {""theta_deg"": 0.0649941810746828, ""A_D"": 0.2959340389819527}}","[[-0.12313854373746658, -0.24461487138082294], [0.17669450085858251, 0.41757593139953464], [0.11170031978389972, 0.12164189241758194]]",False,True,"[-9.320098608698403, 4.52427929177628]",True,-10.0,3.0,ok
capture,capture_3,conditional27,capture_3_detections.pkl,10,4992,4992,True,"[true, true, true]",3,3,"[0, 1, 2]",3.487229657959614,3,True,3.487229657959614,4.553557377661737,0.012149008858397273,0.18794259630630902,11.276555778378542,0.44626006393136614,0.26305609738950864,0.5959049045210465,"{""0-1"": {""theta_deg"": -0.26305609738950864, ""A_D"": -0.5959049045210465}, ""0-2"": {""theta_deg"": -0.09859255903412567, ""A_D"": -0.11796613176404147}, ""1-2"": {""theta_deg"": 0.16446353835538297, ""A_D"": 0.477938772757005}}","[[-0.08754761548851597, -0.1752739950812785], [0.17550848190099266, 0.420630909439768], [0.011044943545609698, -0.05730786331723703]]",False,True,"[-9.387794746586044, 4.423131742803826]",True,-10.0,3.0,ok
capture,capture_3,conditional27,capture_3_detections.pkl,10,5529,5529,True,"[true, true, true]",3,3,"[0, 1, 2]",4.040381762656796,3,True,4.040381762656796,5.4601983288796925,0.014080650793900586,0.2165504464262516,12.993026785575095,0.5431615791091401,0.2746057956090997,0.6985532364481939,"{""0-1"": {""theta_deg"": -0.2746057956090997, ""A_D"": -0.625961065593871}, ""0-2"": {""theta_deg"": -0.019893841362836895, ""A_D"": 0.0725921708543229}, ""1-2"": {""theta_deg"": 0.2547119542462628, ""A_D"": 0.6985532364481939}}","[[-0.07120671662204003, -0.12653242721770042], [0.20339907898705967, 0.4994286383761706], [-0.05131287525920314, -0.19912459807202332]]",False,True,"[-9.571439290984161, 4.2776641092845376]",True,-10.0,3.0,ok
capture,capture_3,conditional27,capture_3_detections.pkl,11,6590,6590,True,"[true, true, true]",3,3,"[0, 1, 2]",4.65637170977131,3,True,4.65637170977131,6.076377609747877,0.016229149720598114,0.4652514636783853,27.91508782070312,0.7331582159207201,0.6369655602193371,1.023473965657871,"{""0-1"": {""theta_deg"": -0.4612922440928702, ""A_D"": -0.6554632350360148}, ""0-2"": {""theta_deg"": 0.17567331612646697, ""A_D"": 0.3680107306218563}, ""1-2"": {""theta_deg"": 0.6369655602193371, ""A_D"": 1.023473965657871}}","[[-0.059116545245144536, -0.03288017078346073], [0.40217569884772564, 0.622583064252554], [-0.2347898613716115, -0.400890901405317]]",False,True,"[-4.384011950184185, 4.413665963889233]",True,-5.0,3.0,ok
capture,capture_3,conditional27,capture_3_detections.pkl,11,7150,7150,False,"[false, false, false]",3,0,[],,0,False,,,,,,,,,null,null,False,False,null,False,-5.0,3.0,invalid_input
capture,capture_3,conditional27,capture_3_detections.pkl,11,7710,7710,True,"[true, true, true]",3,3,"[0, 1, 2]",3.6795442661819115,3,True,3.6795442661819115,4.186517293427574,0.01271921365531343,0.24535060282522503,14.721036169513502,0.3730566375280553,0.3444012779434704,0.5101978942844152,"{""0-1"": {""theta_deg"": -0.20875467121484492, ""A_D"": -0.1387784257093161}, ""0-2"": {""theta_deg"": 0.1356466067286255, ""A_D"": 0.3714194685750991}, ""1-2"": {""theta_deg"": 0.3444012779434704, ""A_D"": 0.5101978942844152}}","[[0.04239076521161733, 0.19051002681199325], [0.25114543642646225, 0.32928845252130934], [-0.09325584151700816, -0.18090944176310586]]",False,True,"[-3.7069378081621895, 5.106456850178369]",True,-5.0,3.0,ok
capture,capture_3,conditional27,capture_3_detections.pkl,11,8270,8270,True,"[true, true, true]",3,3,"[0, 1, 2]",2.5047206520119323,3,True,2.5047206520119323,3.442040597663482,0.008658600240811113,0.05911648790889886,3.5469892745339315,0.2094918824961635,0.08342571842191004,0.2793482599345616,"{""0-1"": {""theta_deg"": 0.08342571842191004, ""A_D"": 0.2793482599345616}, ""0-2"": {""theta_deg"": 0.036995779249197724, ""A_D"": 0.22513573246412744}, ""1-2"": {""theta_deg"": -0.04642993917271232, ""A_D"": -0.054212527470434146}}","[[0.10985765795634528, 0.2804691858575783], [0.026431939534435234, 0.0011209259230167135], [0.07286187870714755, 0.05533345339345086]]",False,True,"[-3.637763504032945, 5.323094286707021]",True,-5.0,3.0,ok
capture,capture_3,conditional27,capture_3_detections.pkl,11,8829,8829,True,"[true, true, true]",3,3,"[0, 1, 2]",2.5324342550599317,3,True,2.5324342550599317,3.4405013139140195,0.008760704374570926,0.09966166435350422,5.979699861210253,0.25660922880998016,0.1264543511145284,0.36266426753761305,"{""0-1"": {""theta_deg"": 0.1264543511145284, ""A_D"": 0.36266426753761305}, ""0-2"": {""theta_deg"": 0.009323151350174808, ""A_D"": 0.19266422334814326}, ""1-2"": {""theta_deg"": -0.1171311997643536, ""A_D"": -0.1700000441894698}}","[[0.10680114725403245, 0.28951869304194133], [-0.01965320386049596, -0.07314557449567172], [0.09747799590385764, 0.09685446969379807]]",False,True,"[-3.8091128062521022, 4.736394720771695]",True,-5.0,3.0,ok
capture,capture_3,conditional27,capture_3_detections.pkl,11,9389,9389,True,"[true, true, true]",3,3,"[0, 1, 2]",1.6840182113802376,3,True,1.6840182113802376,2.1697441001316395,0.00583700203592993,0.04003395496967421,2.4020372981804528,0.07429595026469808,0.04953679604034544,0.09902593430059792,"{""0-1"": {""theta_deg"": -0.04953679604034544, ""A_D"": 0.019095363850203384}, ""0-2"": {""theta_deg"": -0.00102696368452726, ""A_D"": 0.09902593430059792}, ""1-2"": {""theta_deg"": 0.04850983235581818, ""A_D"": 0.07993057045039453}}","[[0.016010635162452047, 0.09748069415499483], [0.06554743120279749, 0.07838533030479145], [0.017037598846979307, -0.0015452401456030884]]",False,True,"[-4.1764143685959985, 4.578320712790591]",True,-5.0,3.0,ok
capture,capture_3,conditional27,capture_3_detections.pkl,11,9949,9949,True,"[true, true, true]",3,3,"[0, 1, 2]",1.8352502726419655,3,True,1.8352502726419655,2.4065406441298065,0.006367274791175155,0.028719222758136573,1.7231533654881943,0.07390694316410247,0.038343097274470495,0.10449582316697281,"{""0-1"": {""theta_deg"": -0.038343097274470495, ""A_D"": 0.05029302609186015}, ""0-2"": {""theta_deg"": -0.007572160623310786, ""A_D"": 0.10449582316697281}, ""1-2"": {""theta_deg"": 0.030770936651159708, ""A_D"": 0.05420279707511266}}","[[0.020071832826610958, 0.11572751703955664], [0.05841493010108145, 0.06543449094769649], [0.027643993449921744, 0.011231693872583826]]",False,True,"[-4.320933871999183, 4.405127154971606]",True,-5.0,3.0,ok
capture,capture_3,conditional27,capture_3_detections.pkl,11,10509,10509,True,"[true, true, true]",3,3,"[0, 1, 2]",1.5557429626717485,3,True,1.5557429626717485,1.8790659981340552,0.005397585918035234,0.1351672734684078,8.110036408104467,0.18770527467296605,0.18898448403838053,0.252652451431465,"{""0-1"": {""theta_deg"": 0.06961381120281196, ""A_D"": 0.19685961709409927}, ""0-2"": {""theta_deg"": -0.11937067283556857, ""A_D"": -0.055792834337365704}, ""1-2"": {""theta_deg"": -0.18898448403838053, ""A_D"": -0.252652451431465}}","[[0.02824753019126991, 0.11976496847709317], [-0.04136628101154205, -0.0770946486170061], [0.14761820302683848, 0.17555780281445887]]",False,True,"[-4.465423379174994, 4.1788527896197785]",True,-5.0,3.0,ok
capture,capture_3,conditional27,capture_3_detections.pkl,12,11500,11500,True,"[true, true, true]",3,3,"[0, 1, 2]",2.571435247054435,3,True,2.571435247054435,3.24763686558654,0.008999038928317412,0.23437656986125954,14.062594191675572,0.31154915487305734,0.32872805071038136,0.4202612890312363,"{""0-1"": {""theta_deg"": 0.1275949315805336, ""A_D"": 0.09554595723355952}, ""0-2"": {""theta_deg"": -0.20113311912984777, ""A_D"": -0.32471533179767675}, ""1-2"": {""theta_deg"": -0.32872805071038136, ""A_D"": -0.4202612890312363}}","[[-0.022470664975176913, -0.09216875740317354], [-0.1500655965557105, -0.18771471463673306], [0.17866245415467086, 0.2325465743945032]]",False,True,"[-1.4486512288627684, 3.1722174053177272]",True,0.0,3.0,ok
capture,capture_3,conditional27,capture_3_detections.pkl,12,12071,12071,True,"[true, true, true]",3,3,"[0, 1, 2]",2.5012680411762265,3,True,2.5012680411762265,3.4807148620174555,0.008748465138678739,0.24558132510337552,14.734879506202532,0.2456799171918047,0.346388201068468,0.3463722822918416,"{""0-1"": {""theta_deg"": 0.1513608350957416, ""A_D"": 0.14957228690707103}, ""0-2"": {""theta_deg"": -0.1950273659727264, ""A_D"": -0.19679999538477055}, ""1-2"": {""theta_deg"": -0.346388201068468, ""A_D"": -0.3463722822918416}}","[[0.01924274815090632, 0.016763617230675543], [-0.1321180869448353, -0.13280866967639549], [0.21427011412363273, 0.2135636126154461]]",False,True,"[-0.37111199852491994, 3.3126183465120485]",True,0.0,3.0,ok
capture,capture_3,conditional27,capture_3_detections.pkl,12,12643,12643,False,"[false, false, false]",3,0,[],,0,False,,,,,,,,,null,null,False,False,null,False,0.0,3.0,insufficient_P4_support
capture,capture_3,conditional27,capture_3_detections.pkl,12,13214,13214,True,"[true, true, true]",3,3,"[0, 1, 2]",2.1598346910731965,3,True,2.1598346910731965,2.8292972821559266,0.007554542444655047,0.189185470191699,11.35112821150194,0.3010237316945131,0.2431432036323206,0.38522664049720223,"{""0-1"": {""theta_deg"": 0.2182553651533426, ""A_D"": 0.38522664049720223}, ""0-2"": {""theta_deg"": 0.2431432036323206, ""A_D"": 0.3495313152439641}, ""1-2"": {""theta_deg"": 0.024887838478978, ""A_D"": -0.03569532525323815}}","[[0.15093383162545848, 0.2573782565978071], [-0.06732153352788411, -0.12784838389939512], [-0.09220937200686212, -0.09215305864615697]]",False,True,"[0.0074365423720586625, 3.387119905033467]",True,0.0,3.0,ok
capture,capture_3,conditional27,capture_3_detections.pkl,12,13785,13785,True,"[true, true, true]",3,3,"[0, 1, 2]",1.9489096571435003,3,True,1.9489096571435003,2.467015477150307,0.006814209154433529,0.18900911986920582,11.34054719215235,0.24482707889903707,0.2618358800209025,0.3439028467830516,"{""0-1"": {""theta_deg"": -0.17748133809153385, ""A_D"": -0.2067159430090566}, ""0-2"": {""theta_deg"": 0.0843545419293687, ""A_D"": 0.137186903773995}, ""1-2"": {""theta_deg"": 0.2618358800209025, ""A_D"": 0.3439028467830516}}","[[-0.019582115636264524, -0.0027982564182944536], [0.15789922245526933, 0.20391768659076215], [-0.10393665756563322, -0.13998516019228946]]",False,True,"[-0.17943409643430178, 3.1448791244256817]",True,0.0,3.0,ok
capture,capture_3,conditional27,capture_3_detections.pkl,12,14356,14356,True,"[true, true, true]",3,3,"[0, 1, 2]",1.5623957768202763,3,True,1.5623957768202763,1.82427694914076,0.005465079598317599,0.11586852604353316,6.952111562611989,0.18451178403823829,0.15839185616509252,0.2608204684901403,"{""0-1"": {""theta_deg"": 0.04283265104810027, ""A_D"": 0.1372227290816208}, ""0-2"": {""theta_deg"": 0.15839185616509252, ""A_D"": 0.2608204684901403}, ""1-2"": {""theta_deg"": 0.11555920511699225, ""A_D"": 0.12359773940851948}}","[[0.07701938654994925, 0.15868789436528985], [0.034186735501848975, 0.02146516528366904], [-0.08137246961514327, -0.10213257412485044]]",False,True,"[0.19662393306580897, 2.9019436958412017]",True,0.0,3.0,ok
capture,capture_3,conditional27,capture_3_detections.pkl,12,14928,14928,True,"[true, true, true]",3,3,"[0, 1, 2]",3.57124788010931,3,True,3.57124788010931,4.744028530586616,0.012480332408698825,0.395833692569428,23.75002155416568,0.491003690523166,0.5406760551900187,0.6765049727478285,"{""0-1"": {""theta_deg"": -0.3959506096393355, ""A_D"": -0.4738353117857206}, ""0-2"": {""theta_deg"": 0.1447254455506832, ""A_D"": 0.20266966096210792}, ""1-2"": {""theta_deg"": 0.5406760551900187, ""A_D"": 0.6765049727478285}}","[[-0.06841592321545645, -0.06457858165250085], [0.32753468642387906, 0.4092567301332197], [-0.21314136876613965, -0.2672482426146088]]",False,True,"[-0.08664622376330383, 3.3141579058717774]",True,0.0,3.0,ok
capture,capture_3,conditional27,capture_3_detections.pkl,12,15499,15499,True,"[true, true, true]",3,3,"[0, 1, 2]",1.5295416824071841,3,True,1.5295416824071841,1.6602707905318705,0.005346548730457689,0.11617207630353045,6.970324578211827,0.1673948676088186,0.15390732542558141,0.21919508053137493,"{""0-1"": {""theta_deg"": -0.027170850877096975, ""A_D"": 0.0321591773194454}, ""0-2"": {""theta_deg"": 0.12673647454848444, ""A_D"": 0.21919508053137493}, ""1-2"": {""theta_deg"": 0.15390732542558141, ""A_D"": 0.18703590321192953}}","[[0.04916684252375726, 0.11450240585308347], [0.07633769340085424, 0.08234322853363807], [-0.07756963202472718, -0.10469267467829146]]",False,True,"[0.07533228916260958, 3.3019249788331426]",True,0.0,3.0,ok
capture,capture_3,conditional27,capture_3_detections.pkl,13,16500,16500,True,"[true, true, true]",3,3,"[0, 1, 2]",6.355092190011793,3,True,6.355092190011793,8.126002788363216,0.022256619771368516,0.6559851947468595,39.359111684811566,0.673806396124689,0.9147838890816296,0.933308417063412,"{""0-1"": {""theta_deg"": 0.9147838890816296, ""A_D"": 0.933308417063412}, ""0-2"": {""theta_deg"": 0.3237779827025049, ""A_D"": 0.3001485384578224}, ""1-2"": {""theta_deg"": -0.5910059063791246, ""A_D"": -0.6331598786055896}}","[[0.3856330525258391, 0.39703337193817356], [-0.5291508365557904, -0.5362750451252385], [0.06185506982333422, 0.09688483348035115]]",False,True,"[5.196963882686059, 2.2881006569351965]",True,5.0,3.0,ok
capture,capture_3,conditional27,capture_3_detections.pkl,13,17071,17071,True,"[true, true, true]",3,3,"[0, 1, 2]",3.7175723926941844,3,True,3.7175723926941844,4.6207417177334325,0.013015618485900271,0.5190782170073462,31.144693020440776,0.45147006009578844,0.6968730757219213,0.582011671624826,"{""0-1"": {""theta_deg"": -0.14858851983803767, ""A_D"": -0.06366328961021406}, ""0-2"": {""theta_deg"": 0.5482845558838836, ""A_D"": 0.518348382014612}, ""1-2"": {""theta_deg"": 0.6968730757219213, ""A_D"": 0.582011671624826}}","[[0.11147353848627617, 0.15089151996745587], [0.26006205832431384, 0.21455480957766992], [-0.4368110173976074, -0.3674568620471561]]",False,True,"[4.951210577819058, 2.753168052279983]",True,5.0,3.0,ok
capture,capture_3,conditional27,capture_3_detections.pkl,13,17643,17643,True,"[true, true, true]",3,3,"[0, 1, 2]",2.208536237862312,3,True,2.208536237862312,2.9725123314149555,0.007736394464972439,0.3433232415123758,20.599394490742547,0.2891912785576198,0.4746373702460751,0.40262358928548947,"{""0-1"": {""theta_deg"": -0.14874217967003744, ""A_D"": -0.13911792513908416}, ""0-2"": {""theta_deg"": 0.32589519057603766, ""A_D"": 0.2635056641464053}, ""1-2"": {""theta_deg"": 0.4746373702460751, ""A_D"": 0.40262358928548947}}","[[0.02265428540495318, 0.015871446841080772], [0.17139646507499062, 0.15498937198016494], [-0.3032409051710845, -0.24763421730532453]]",False,True,"[4.766432978825153, 2.5329667531220363]",True,5.0,3.0,ok
capture,capture_3,conditional27,capture_3_detections.pkl,13,18214,18214,True,"[true, true, true]",3,3,"[0, 1, 2]",0.8267340324247247,3,True,0.8267340324247247,1.1768161050625503,0.002894204113850812,0.13903278101121036,8.341966860672622,0.12080397147388713,0.1781475425375394,0.15462236418892417,"{""0-1"": {""theta_deg"": 0.017012955915046035, ""A_D"": 0.014387874367782771}, ""0-2"": {""theta_deg"": 0.1781475425375394, ""A_D"": 0.15462236418892417}, ""1-2"": {""theta_deg"": 0.16113458662249336, ""A_D"": 0.1402344898211414}}","[[0.04748581564941112, 0.044520237832699205], [0.030472859734365088, 0.030132363464916434], [-0.13066172688812827, -0.11010212635622496]]",False,True,"[4.7844112633221165, 2.541017561871695]",True,5.0,3.0,ok
capture,capture_3,conditional27,capture_3_detections.pkl,13,18785,18785,True,"[true, true, true]",3,3,"[0, 1, 2]",1.1906736936650473,3,True,1.1906736936650473,1.50589488204645,0.004167049510197589,0.17334341783650156,10.400605070190094,0.1497605325524363,0.23998120584933247,0.2109445984910563,"{""0-1"": {""theta_deg"": 0.0766469022268117, ""A_D"": 0.08906778946409055}, ""0-2"": {""theta_deg"": 0.23998120584933247, ""A_D"": 0.2109445984910563}, ""1-2"": {""theta_deg"": 0.16333430362252077, ""A_D"": 0.12187680902696574}}","[[0.07993019689106262, 0.08297779915690073], [0.003283294664250924, -0.006089990307189819], [-0.16005100895826985, -0.12796679933415556]]",False,True,"[4.744410893467385, 2.561589293893458]",True,5.0,3.0,ok
capture,capture_3,conditional27,capture_3_detections.pkl,13,19356,19356,True,"[true, true, true]",3,3,"[0, 1, 2]",1.3984954028762506,3,True,1.3984954028762506,1.925673540671997,0.004895517450109023,0.15669393085577962,9.401635851346777,0.1715889778337479,0.2122401951262285,0.22321874999605473,"{""0-1"": {""theta_deg"": -0.16130212933197097, ""A_D"": -0.1940363621363108}, ""0-2"": {""theta_deg"": 0.050938065794257525, ""A_D"": 0.02918238785974392}, ""1-2"": {""theta_deg"": 0.2122401951262285, ""A_D"": 0.22321874999605473}}","[[-0.041436298053371345, -0.060044530569354215], [0.11986583127859962, 0.1339918315669566], [-0.09237436384762887, -0.08922691842909813]]",False,True,"[4.788943749916853, 2.6339038918683113]",True,5.0,3.0,ok
capture,capture_3,conditional27,capture_3_detections.pkl,13,19928,19928,True,"[true, true, true]",3,3,"[0, 1, 2]",1.0752971301234804,3,True,1.0752971301234804,1.3987995625221281,0.003764895648986523,0.1390504903701605,8.34302942220963,0.14380115136560728,0.1851410980193018,0.19523371465456352,"{""0-1"": {""theta_deg"": 0.1851410980193018, ""A_D"": 0.19523371465456352}, ""0-2"": {""theta_deg"": 0.14996949217438704, ""A_D"": 0.1469220720387785}, ""1-2"": {""theta_deg"": -0.035171605844914744, ""A_D"": -0.04831164261578502}}","[[0.10026742994775173, 0.1081414411488062], [-0.08487366807155006, -0.08709227350575732], [-0.04970206222663531, -0.0387806308899723]]",False,True,"[4.764683247950574, 2.606022200212976]",True,5.0,3.0,ok
capture,capture_3,conditional27,capture_3_detections.pkl,13,20499,20499,True,"[true, true, true]",3,3,"[0, 1, 2]",1.3493108899824253,3,True,1.3493108899824253,1.7122259720862056,0.004724282366207867,0.13122493118378833,7.8734958710273,0.12036565916741675,0.1787528750839078,0.16213089503444378,"{""0-1"": {""theta_deg"": 0.1787528750839078, ""A_D"": 0.16213089503444378}, ""0-2"": {""theta_deg"": 0.04618464337671213, ""A_D"": 0.036154229356190726}, ""1-2"": {""theta_deg"": -0.13256823170719567, ""A_D"": -0.12597666567825305}}","[[0.06387996007316765, 0.055550084161001045], [-0.11487291501074015, -0.10658081087344273], [0.01769531669645552, 0.01939585480481032]]",False,True,"[4.63709589954076, 2.4429147442759915]",True,5.0,3.0,ok
capture,capture_3,conditional27,capture_3_detections.pkl,14,21550,21550,False,"[false, false, false]",3,0,[],,0,False,,,,,,,,,null,null,False,False,null,False,10.0,3.0,insufficient_P4_support
capture,capture_3,conditional27,capture_3_detections.pkl,14,22178,22178,False,"[false, false, false]",3,0,[],,0,False,,,,,,,,,null,null,False,False,null,False,10.0,3.0,invalid_input
capture,capture_3,conditional27,capture_3_detections.pkl,14,22807,22807,False,"[false, false, false]",3,0,[],,0,False,,,,,,,,,null,null,False,False,null,False,10.0,3.0,insufficient_P4_support
capture,capture_3,conditional27,capture_3_detections.pkl,14,23435,23435,True,"[true, true, true]",3,3,"[0, 1, 2]",2.918298975856179,3,True,2.918298975856179,3.562582125554993,0.010256307172977224,0.32682906182454097,19.609743709472458,0.25690008544150694,0.42736968877393977,0.326949900464373,"{""0-1"": {""theta_deg"": -0.42736968877393977, ""A_D"": -0.326949900464373}, ""0-2"": {""theta_deg"": -0.06123086668348776, ""A_D"": -0.02627326369177707}, ""1-2"": {""theta_deg"": 0.366138822090452, ""A_D"": 0.30067663677259593}}","[[-0.12133415805273629, -0.08837555293883148], [0.3060355307212035, 0.23857434752554152], [-0.060103291369248524, -0.06210228924705441]]",False,True,"[9.359969090093678, 1.8986060209609459]",True,10.0,3.0,ok
capture,capture_3,conditional27,capture_3_detections.pkl,14,24064,24064,False,"[false, false, false]",3,0,[],,0,False,,,,,,,,,null,null,False,False,null,False,10.0,3.0,invalid_input
capture,capture_3,conditional27,capture_3_detections.pkl,14,24692,24692,True,"[true, true, true]",3,3,"[0, 1, 2]",1.5558245557747779,3,True,1.5558245557747779,1.8137961220782604,0.00546565879066087,0.24088120929645115,14.45287255778707,0.1815478333453101,0.3142964262370356,0.22901879242388423,"{""0-1"": {""theta_deg"": 0.2709416787883523, ""A_D"": 0.22901879242388423}, ""0-2"": {""theta_deg"": -0.043354747448683284, ""A_D"": 0.013999604519320918}, ""1-2"": {""theta_deg"": -0.3142964262370356, ""A_D"": -0.2150191879045633}}","[[0.10247582867029692, 0.10154202902623344], [-0.16846585011805537, -0.1274767633976508], [0.1458305761189802, 0.08754242450691252]]",False,True,"[9.279876882418996, 1.8427575459923546]",True,10.0,3.0,ok
capture,capture_3,conditional27,capture_3_detections.pkl,14,25321,25321,False,"[false, false, false]",3,0,[],,0,False,,,,,,,,,null,null,False,False,null,False,10.0,3.0,invalid_input
capture,capture_3,conditional27,capture_3_detections.pkl,14,25949,25949,False,"[false, false, false]",3,0,[],,0,False,,,,,,,,,null,null,False,False,null,False,10.0,3.0,invalid_input
capture,capture_3,conditional37,capture_3_detections.pkl,10,1770,1770,True,"[true, true, true]",3,3,"[0, 1, 2]",1.7107774511621834,3,True,1.7107774511621834,2.2919949223002267,0.005960285563881604,0.04284074783036779,2.570444869822067,0.06817277186451333,0.0600605828212597,0.08669389726157406,"{""0-1"": {""theta_deg"": 0.0600605828212597, ""A_D"": -0.07987661286050862}, ""0-2"": {""theta_deg"": 0.03692516670868251, ""A_D"": 0.006817284401065438}, ""1-2"": {""theta_deg"": -0.02313541611257719, ""A_D"": 0.08669389726157406}}","[[0.036269526519006945, -0.03302620770426534], [-0.023791056302252755, 0.04685040515624328], [-0.0006556401896755659, -0.03984349210533078]]",False,True,"[-9.705344077356497, 0.8337187702322754]",True,-10.0,3.0,ok
capture,capture_3,conditional37,capture_3_detections.pkl,10,2307,2307,True,"[true, true, true]",3,3,"[0, 1, 2]",2.911248604567751,3,True,2.911248604567751,4.184674360003,0.010149674594220486,0.04816655745257904,2.8899934471547426,0.1304127027706366,0.06673210088367476,0.1647193164409464,"{""0-1"": {""theta_deg"": 0.06673210088367476, ""A_D"": -0.15420581093120733}, ""0-2"": {""theta_deg"": 0.021527726278883108, ""A_D"": 0.010513505509739063}, ""1-2"": {""theta_deg"": -0.04520437460479165, ""A_D"": 0.1647193164409464}}","[[0.03264939716958537, -0.05014576526273795], [-0.03408270371408939, 0.10406004566846938], [0.011121670890702262, -0.060659270772477014]]",False,True,"[-9.979745645181882, 0.8342372631867787]",True,-10.0,3.0,ok
capture,capture_3,conditional37,capture_3_detections.pkl,10,2844,2844,True,"[true, true, true]",3,3,"[0, 1, 2]",2.926614737988366,3,True,2.926614737988366,4.17774895549494,0.010204352707281986,0.035084575314381736,2.1050745188629043,0.13660880683553003,0.04527334338548705,0.1828930807269461,"{""0-1"": {""theta_deg"": 0.04527334338548705, ""A_D"": -0.1453496007978845}, ""0-2"": {""theta_deg"": 0.005054452790949071, ""A_D"": 0.037543479929061596}, ""1-2"": {""theta_deg"": -0.04021889059453798, ""A_D"": 0.1828930807269461}}","[[0.01727044117657428, -0.03511656386179063], [-0.028002902208912772, 0.11023303693609388], [0.01221598838562521, -0.07266004379085222]]",False,True,"[-9.723953241276602, 0.9283254025804729]",True,-10.0,3.0,ok
capture,capture_3,conditional37,capture_3_detections.pkl,10,3381,3381,True,"[true, true, true]",3,3,"[0, 1, 2]",3.7067425938649,3,True,3.7067425938649,5.207732280902834,0.012926956701398212,0.02308938897886481,1.3853633387318887,0.17286451188694946,0.03259124666836932,0.23497400562550774,"{""0-1"": {""theta_deg"": 0.014552693164294084, ""A_D"": -0.17591321024655726}, ""0-2"": {""theta_deg"": -0.01803855350407524, ""A_D"": 0.05906079537895048}, ""1-2"": {""theta_deg"": -0.03259124666836932, ""A_D"": 0.23497400562550774}}","[[-0.0038799451343649594, -0.031026889368091948], [-0.018432638298659043, 0.1448863208784653], [0.01415860836971028, -0.09008768474704243]]",False,True,"[-9.985369057854793, 0.9972852115576462]",True,-10.0,3.0,ok
capture,capture_3,conditional37,capture_3_detections.pkl,10,3918,3918,False,"[false, false, false]",3,0,[],,0,False,,,,,,,,,null,null,False,False,null,False,-10.0,3.0,invalid_input
capture,capture_3,conditional37,capture_3_detections.pkl,10,4455,4455,True,"[true, true, true]",3,3,"[0, 1, 2]",3.854160749504267,3,True,3.854160749504267,4.898708538597472,0.013432624825261698,0.03597309230692118,2.158385538415271,0.16496545639894963,0.05087361128825485,0.2330934306651461,"{""0-1"": {""theta_deg"": 0.025479362101561875, ""A_D"": -0.2330934306651461}, ""0-2"": {""theta_deg"": -0.025394249186692974, ""A_D"": -0.10812103180331667}, ""1-2"": {""theta_deg"": -0.05087361128825485, ""A_D"": 0.12497239886182943}}","[[0.006801365621782907, -0.09502705177524062], [-0.01867799647977897, 0.13806637888990547], [0.03219561480847588, 0.013093980028076047]]",False,True,"[-9.827261681089173, 1.0546138377173717]",True,-10.0,3.0,ok
capture,capture_3,conditional37,capture_3_detections.pkl,10,4992,4992,True,"[true, true, true]",3,3,"[0, 1, 2]",3.548909674996665,3,True,3.548909674996665,4.89252173534295,0.012363893206968589,0.028965101881180427,1.7379061128708257,0.1570069246093075,0.03978950542141391,0.20930940669328568,"{""0-1"": {""theta_deg"": 0.028324588665231687, ""A_D"": -0.20930940669328568}, ""0-2"": {""theta_deg"": -0.01146491675618222, ""A_D"": -0.040475728867552685}, ""1-2"": {""theta_deg"": -0.03978950542141391, ""A_D"": 0.168833677825733}}","[[0.009002618249857264, -0.07213413561796811], [-0.019321970415374423, 0.13717527107531757], [0.020467535006039483, -0.031658406750415424]]",False,True,"[-9.842919524068988, 1.0189524595066846]",True,-10.0,3.0,ok
capture,capture_3,conditional37,capture_3_detections.pkl,10,5529,5529,True,"[true, true, true]",3,3,"[0, 1, 2]",4.141202783564094,3,True,4.141202783564094,5.804872366448387,0.014432010064254958,0.03463203592564651,2.077922155538791,0.18072844785087136,0.04833479634628546,0.22251676460891534,"{""0-1"": {""theta_deg"": 0.031014110169074627, ""A_D"": -0.2201568437025101}, ""0-2"": {""theta_deg"": -0.01732068617721083, ""A_D"": 0.002359920906405244}, ""1-2"": {""theta_deg"": -0.04833479634628546, ""A_D"": 0.22251676460891534}}","[[0.00540912731804255, -0.06098873684860806], [-0.025604982851032076, 0.15916810685390204], [0.02272981349525338, -0.0633486577550133]]",False,True,"[-9.936680311308919, 0.9620074306701188]",True,-10.0,3.0,ok
capture,capture_3,conditional37,capture_3_detections.pkl,11,6590,6590,True,"[true, true, true]",3,3,"[0, 1, 2]",4.768974324305912,3,True,4.768974324305912,6.124511132124412,0.01662161080491791,0.13209662045882467,7.92579722752948,0.33556022916580797,0.17464587323925862,0.4720219854346581,"{""0-1"": {""theta_deg"": -0.14475454747407746, ""A_D"": -0.27840716054482106}, ""0-2"": {""theta_deg"": 0.029891325765181165, ""A_D"": 0.19361482488983706}, ""1-2"": {""theta_deg"": 0.17464587323925862, ""A_D"": 0.4720219854346581}}","[[-0.03746616547012138, -0.004356996508688038], [0.10728838200395607, 0.274050164036133], [-0.06735749123530255, -0.1979718213985251]]",False,True,"[-5.503602683764946, 1.681971077800767]",True,-5.0,3.0,ok
capture,capture_3,conditional37,capture_3_detections.pkl,11,7150,7150,False,"[false, false, false]",3,0,[],,0,False,,,,,,,,,null,null,False,False,null,False,-5.0,3.0,invalid_input
capture,capture_3,conditional37,capture_3_detections.pkl,11,7710,7710,True,"[true, true, true]",3,3,"[0, 1, 2]",3.826789202273291,3,True,3.826789202273291,4.344318309039392,0.013228200547799596,0.09494742048438891,5.696845229063334,0.1859209026273562,0.12525613586923612,0.24912341350630496,"{""0-1"": {""theta_deg"": -0.12525613586923612, ""A_D"": -0.051739892144607946}, ""0-2"": {""theta_deg"": -0.020727061916986145, ""A_D"": 0.197383521361697}, ""1-2"": {""theta_deg"": 0.10452907395224997, ""A_D"": 0.24912341350630496}}","[[-0.03835141411693144, 0.09994029393217607], [0.08690472175230468, 0.15168018607678402], [-0.017624352199945292, -0.09744322742952094]]",False,True,"[-5.168900079465907, 2.032555610685366]",True,-5.0,3.0,ok
capture,capture_3,conditional37,capture_3_detections.pkl,11,8270,8270,True,"[true, true, true]",3,3,"[0, 1, 2]",2.6831101242461224,3,True,2.6831101242461224,3.7236753247059653,0.009275277045070468,0.03887391433211414,2.332434859926848,0.11125940058190191,0.051910672177045925,0.13843148516573933,"{""0-1"": {""theta_deg"": -0.04163122231056082, ""A_D"": 0.13843148516573933}, ""0-2"": {""theta_deg"": -0.051910672177045925, ""A_D"": 0.13398860930090173}, ""1-2"": {""theta_deg"": -0.010279449866485102, ""A_D"": -0.004442875864837603}}","[[-0.017012547190732086, 0.14452468862270784], [0.024618675119828737, 0.00609320345696851], [0.03489812498631384, 0.010536079321806113]]",False,True,"[-5.1997185647114055, 2.117802342003132]",True,-5.0,3.0,ok
capture,capture_3,conditional37,capture_3_detections.pkl,11,8829,8829,True,"[true, true, true]",3,3,"[0, 1, 2]",2.6805319359125654,3,True,2.6805319359125654,3.715486718260818,0.009273033568474826,0.04438657201396193,2.663194320837716,0.12448904386243273,0.06275671717479092,0.173431355433465,"{""0-1"": {""theta_deg"": -0.032581479449328654, ""A_D"": 0.173431355433465}, ""0-2"": {""theta_deg"": -0.06275671717479092, ""A_D"": 0.11293507467885577}, ""1-2"": {""theta_deg"": -0.030175237725462267, ""A_D"": -0.06049628075460922}}","[[-0.019644936133582647, 0.14549877428148084], [0.012936543315746007, -0.02793258115198416], [0.043111781041208275, 0.03256369960262506]]",False,True,"[-5.101386033611021, 1.896210327965284]",True,-5.0,3.0,ok
capture,capture_3,conditional37,capture_3_detections.pkl,11,9389,9389,True,"[true, true, true]",3,3,"[0, 1, 2]",1.8047561939178023,3,True,1.8047561939178023,2.2845316018075073,0.006255493858122412,0.03646870794721573,2.188122476832944,0.059364978945309406,0.051537633990994536,0.08041095285668365,"{""0-1"": {""theta_deg"": -0.051537633990994536, ""A_D"": 0.019304278298194033}, ""0-2"": {""theta_deg"": -0.027458255057897674, ""A_D"": 0.08041095285668365}, ""1-2"": {""theta_deg"": 0.024079378933096862, ""A_D"": 0.061106674558489615}}","[[-0.022460532116750365, 0.05876357170046109], [0.02907710187424417, 0.03945929340226706], [0.004997722941147309, -0.021647381156222556]]",False,True,"[-5.377658093395223, 1.7779858059847706]",True,-5.0,3.0,ok
capture,capture_3,conditional37,capture_3_detections.pkl,11,9949,9949,True,"[true, true, true]",3,3,"[0, 1, 2]",1.9407493321625633,3,True,1.9407493321625633,2.5067690679446235,0.006733296533382103,0.038893745637221235,2.333624738233274,0.05736541590240084,0.0542338708162573,0.08040718467111674,"{""0-1"": {""theta_deg"": -0.0542338708162573, ""A_D"": 0.030865503535818295}, ""0-2"": {""theta_deg"": -0.03506052507234436, ""A_D"": 0.08040718467111674}, ""1-2"": {""theta_deg"": 0.01917334574391294, ""A_D"": 0.04954168113529844}}","[[-0.025903489007363056, 0.06462459288146571], [0.028330381808894245, 0.03375908934564742], [0.009157036064981305, -0.015782591789651024]]",False,True,"[-5.439542655061099, 1.6953510721794]",True,-5.0,3.0,ok
capture,capture_3,conditional37,capture_3_detections.pkl,11,10509,10509,True,"[true, true, true]",3,3,"[0, 1, 2]",1.5444915919776587,3,True,1.5444915919776587,2.0178080392292452,0.005358549752374089,0.05536031941530276,3.321619164918166,0.07690433693290784,0.07382568733881723,0.0965714910421287,"{""0-1"": {""theta_deg"": -0.014341326986652803, ""A_D"": 0.0965714910421287}, ""0-2"": {""theta_deg"": -0.07382568733881723, ""A_D"": 0.004962819753517644}, ""1-2"": {""theta_deg"": -0.05948436035216442, ""A_D"": -0.09160867128861105}}","[[-0.019631214615536408, 0.06605933889699478], [-0.005289887628883605, -0.03051215214513392], [0.05419447272328082, 0.061096519143477135]]",False,True,"[-5.480453343680962, 1.595914111708662]",True,-5.0,3.0,ok
capture,capture_3,conditional37,capture_3_detections.pkl,12,11500,11500,True,"[true, true, true]",3,3,"[0, 1, 2]",2.6737999673653134,3,True,2.6737999673653134,3.4049328061879884,0.009357276260569555,0.16030668407091994,9.618401044255197,0.22310095040334654,0.22534444847193802,0.30226164388497345,"{""0-1"": {""theta_deg"": 0.09117201275144726, ""A_D"": 0.07277601938846412}, ""0-2"": {""theta_deg"": -0.13417243572049076, ""A_D"": -0.22948562449650933}, ""1-2"": {""theta_deg"": -0.22534444847193802, ""A_D"": -0.30226164388497345}}","[[0.005740880622158606, -0.04094719524032375], [-0.08543113212928866, -0.11372321462878787], [0.13991331634264936, 0.18853842925618558]]",False,True,"[-2.192646759024172, 1.7071944173266598]",True,0.0,3.0,ok
capture,capture_3,conditional37,capture_3_detections.pkl,12,12071,12071,True,"[true, true, true]",3,3,"[0, 1, 2]",3.1009135689929486,3,True,3.1009135689929486,3.907835397666022,0.0108457925379455,0.23538893114238907,14.123335868543345,0.24629629443389708,0.32503355225481556,0.3407541242782024,"{""0-1"": {""theta_deg"": 0.10025269508547296, ""A_D"": 0.10786492677043924}, ""0-2"": {""theta_deg"": -0.2247808571693426, ""A_D"": -0.23288919750776316}, ""1-2"": {""theta_deg"": -0.32503355225481556, ""A_D"": -0.3407541242782024}}","[[0.00615563639152894, 0.012791153004187317], [-0.09409705869394402, -0.09507377376625192], [0.23093649356087154, 0.24568035051195047]]",False,True,"[-1.1556488361385535, 1.9754731454710572]",True,0.0,3.0,ok
capture,capture_3,conditional37,capture_3_detections.pkl,12,12643,12643,False,"[false, false, false]",3,0,[],,0,False,,,,,,,,,null,null,False,False,null,False,0.0,3.0,insufficient_P4_support
capture,capture_3,conditional37,capture_3_detections.pkl,12,13214,13214,True,"[true, true, true]",3,3,"[0, 1, 2]",2.0459166987970656,3,True,2.0459166987970656,2.579958365372382,0.007156086807556128,0.07456085099521449,4.47365105971287,0.20002997685419835,0.1048326450250211,0.27774658052153356,"{""0-1"": {""theta_deg"": 0.1048326450250211, ""A_D"": 0.27774658052153356}, ""0-2"": {""theta_deg"": 0.062243232224587164, ""A_D"": 0.1853557086238764}, ""1-2"": {""theta_deg"": -0.042589412800433935, ""A_D"": -0.09239087189765716}}","[[0.06431519570578637, 0.18205869920908668], [-0.04051744931923473, -0.09568788131244688], [0.0020719634811992016, -0.00329700941478972]]",False,True,"[-0.7783085563084693, 2.112144020198382]",True,0.0,3.0,ok
capture,capture_3,conditional37,capture_3_detections.pkl,12,13785,13785,True,"[true, true, true]",3,3,"[0, 1, 2]",2.098714879153004,3,True,2.098714879153004,2.256350761812432,0.007337991317171278,0.0799103292177037,4.794619753062222,0.13127033292035617,0.09986513754838933,0.18439280040688555,"{""0-1"": {""theta_deg"": -0.0957442135858978, ""A_D"": -0.11083297247710866}, ""0-2"": {""theta_deg"": 0.0041209239624915295, ""A_D"": 0.07355982792977689}, ""1-2"": {""theta_deg"": 0.09986513754838933, ""A_D"": 0.18439280040688555}}","[[-0.01743989090240039, 0.013198904144680501], [0.07830432268349741, 0.12403187662178916], [-0.02156081486489192, -0.06036092378509639]]",False,True,"[-0.9014098349757699, 1.9272868770578422]",True,0.0,3.0,ok
capture,capture_3,conditional37,capture_3_detections.pkl,12,14356,14356,True,"[true, true, true]",3,3,"[0, 1, 2]",1.6959421987328456,3,True,1.6959421987328456,2.347289285956747,0.0059322095257346085,0.022843290695667644,1.3705974417400586,0.11050424572306371,0.03226233387185479,0.1488071011833616,"{""0-1"": {""theta_deg"": 0.014688858173597885, ""A_D"": 0.11574502446826695}, ""0-2"": {""theta_deg"": 0.03226233387185479, ""A_D"": 0.1488071011833616}, ""1-2"": {""theta_deg"": 0.017573475698256902, ""A_D"": 0.033062076715094646}}","[[0.028870392643905507, 0.12011426020161764], [0.014181534470307622, 0.004369235733350685], [-0.00339194122794928, -0.02869284098174396]]",False,True,"[-0.43067676385020637, 1.8752281430462385]",True,0.0,3.0,ok
capture,capture_3,conditional37,capture_3_detections.pkl,12,14928,14928,True,"[true, true, true]",3,3,"[0, 1, 2]",3.5791355713988398,3,True,3.5791355713988398,4.387397290719149,0.012507897285888902,0.20484073107671244,12.290443864602747,0.3031222636317231,0.27443285885470614,0.42066722441024007,"{""0-1"": {""theta_deg"": -0.2175565946480429, ""A_D"": -0.28177572019521424}, ""0-2"": {""theta_deg"": 0.05687626420666325, ""A_D"": 0.13889150421502583}, ""1-2"": {""theta_deg"": 0.27443285885470614, ""A_D"": 0.42066722441024007}}","[[-0.042867483132437156, -0.02208479169670996], [0.17468911151560573, 0.2596909284985043], [-0.09974374733910041, -0.1609762959117358]]",False,True,"[-0.8639034621292041, 2.0339889563506364]",True,0.0,3.0,ok
capture,capture_3,conditional37,capture_3_detections.pkl,12,15499,15499,True,"[true, true, true]",3,3,"[0, 1, 2]",1.7717884145623326,3,True,1.7717884145623326,2.288036261176674,0.006193327849430948,0.017812588333308385,1.068755299998503,0.07452882445292221,0.02196288213081432,0.10512589564819708,"{""0-1"": {""theta_deg"": -0.02196288213081432, ""A_D"": 0.04598814291254216}, ""0-2"": {""theta_deg"": -0.00029704538390795676, ""A_D"": 0.10512589564819708}, ""1-2"": {""theta_deg"": 0.021665836746906364, ""A_D"": 0.059137752735654914}}","[[0.01234865166532817, 0.08876364976602558], [0.03431153379614249, 0.042775506853483414], [0.012645697049236126, -0.0163622458821715]]",False,True,"[-0.6877368788481958, 2.068237407970344]",True,0.0,3.0,ok
capture,capture_3,conditional37,capture_3_detections.pkl,13,16500,16500,True,"[true, true, true]",3,3,"[0, 1, 2]",6.101921494410988,3,True,6.101921494410988,8.043704056219873,0.021369972695170936,0.6805232013225144,40.83139207935086,0.8247360837876218,0.898465207545506,1.0940313095936756,"{""0-1"": {""theta_deg"": 0.898465207545506, ""A_D"": 1.0940313095936756}, ""0-2"": {""theta_deg"": 0.1505053963911296, ""A_D"": 0.1968642131696825}, ""1-2"": {""theta_deg"": -0.7479598111543764, ""A_D"": -0.8971670964239931}}","[[0.3590430646826448, 0.4499283417439157], [-0.5394221428628612, -0.6441029678497598], [0.2085376682915152, 0.2530641285742332]]",False,True,"[5.184691733224679, 2.634170515785023]",True,5.0,3.0,ok
capture,capture_3,conditional37,capture_3_detections.pkl,13,17071,17071,True,"[true, true, true]",3,3,"[0, 1, 2]",3.1683546134529688,3,True,3.1683546134529688,3.9416005920291632,0.011092748310103507,0.43629380547544266,26.17762832852656,0.47873643289231277,0.5982357257773829,0.6327792311641538,"{""0-1"": {""theta_deg"": -0.1682976070141864, ""A_D"": -0.10788136221267042}, ""0-2"": {""theta_deg"": 0.42993811876319654, ""A_D"": 0.5248978689514834}, ""1-2"": {""theta_deg"": 0.5982357257773829, ""A_D"": 0.6327792311641538}}","[[0.0884232316058613, 0.15957210655744092], [0.2567208386200477, 0.26745346877011134], [-0.34151488715733525, -0.36532576239404246]]",False,True,"[4.869050939253009, 3.022757137706702]",True,5.0,3.0,ok
capture,capture_3,conditional37,capture_3_detections.pkl,13,17643,17643,True,"[true, true, true]",3,3,"[0, 1, 2]",1.524992276145001,3,True,1.524992276145001,1.8534972869886892,0.0053419733858265225,0.24733085145282135,14.839851087169281,0.2680366503035324,0.34855077967013237,0.3780272362206998,"{""0-1"": {""theta_deg"": -0.14891615849668582, ""A_D"": -0.16478501176554294}, ""0-2"": {""theta_deg"": 0.19963462117344655, ""A_D"": 0.21324222445515684}, ""1-2"": {""theta_deg"": 0.34855077967013237, ""A_D"": 0.3780272362206998}}","[[0.0021882161465711647, 0.006221399935416816], [0.151104374643257, 0.17100641170095976], [-0.19744640502687538, -0.20702082451974002]]",False,True,"[4.673627819550752, 2.7520860329248755]",True,5.0,3.0,ok
capture,capture_3,conditional37,capture_3_detections.pkl,13,18214,18214,True,"[true, true, true]",3,3,"[0, 1, 2]",0.5967240796396013,3,True,0.5967240796396013,0.732368097009984,0.0020889926123659644,0.016703785374579748,1.002227122474785,0.0318193046079119,0.021672717900895755,0.04496686119544746,"{""0-1"": {""theta_deg"": 0.018975440154808787, ""A_D"": 0.021004152304552992}, ""0-2"": {""theta_deg"": 0.021672717900895755, ""A_D"": 0.04496686119544746}, ""1-2"": {""theta_deg"": 0.002697277746086968, ""A_D"": 0.02396270889089447}}","[[0.023493084467092196, 0.034630040710146304], [0.004517644312283409, 0.013625888405593312], [0.0018203665661964408, -0.010336820485301157]]",False,True,"[4.690839529940908, 2.7618014943603453]",True,5.0,3.0,ok
capture,capture_3,conditional37,capture_3_detections.pkl,13,18785,18785,True,"[true, true, true]",3,3,"[0, 1, 2]",0.46011330575387116,3,True,0.46011330575387116,0.673613594715069,0.0016102773879847123,0.06529764949759877,3.917858969855926,0.08892907809120844,0.08276070874194996,0.11168875766736708,"{""0-1"": {""theta_deg"": 0.07685814124198043, ""A_D"": 0.10591220735927953}, ""0-2"": {""theta_deg"": 0.08276070874194996, ""A_D"": 0.11168875766736708}, ""1-2"": {""theta_deg"": 0.0059025674999695354, ""A_D"": 0.005776550308087547}}","[[0.05430049425206285, 0.07764632725770948], [-0.02255764698991758, -0.02826588010157005], [-0.028460214489887115, -0.0340424304096576]]",False,True,"[4.642489185007967, 2.7693001412726854]",True,5.0,3.0,ok
capture,capture_3,conditional37,capture_3_detections.pkl,13,19356,19356,True,"[true, true, true]",3,3,"[0, 1, 2]",1.737199118911435,3,True,1.737199118911435,2.3359626919682257,0.006081170222979626,0.11576184553526411,6.945710732115847,0.15757888902311018,0.1589411392438791,0.22284311322960093,"{""0-1"": {""theta_deg"": -0.1589411392438791, ""A_D"": -0.22284311322960093}, ""0-2"": {""theta_deg"": -0.11344840084302987, ""A_D"": -0.11296089518735464}, ""1-2"": {""theta_deg"": 0.04549273840084922, ""A_D"": 0.1098822180422463}}","[[-0.06388865734975369, -0.08555206792395831], [0.0950524818941254, 0.13729104530564262], [0.04955974349327619, 0.02740882726339633]]",False,True,"[4.684519603629553, 2.848468269076978]",True,5.0,3.0,ok
capture,capture_3,conditional37,capture_3_detections.pkl,13,19928,19928,True,"[true, true, true]",3,3,"[0, 1, 2]",1.1388431764950393,3,True,1.1388431764950393,1.3998282316796693,0.003987386927715319,0.1646668956504927,9.880013739029561,0.18639738439819134,0.2150059059013225,0.23130465307823345,"{""0-1"": {""theta_deg"": 0.1849763361568897, ""A_D"": 0.23130465307823345}, ""0-2"": {""theta_deg"": -0.030029569744432827, ""A_D"": 0.006155315328768118}, ""1-2"": {""theta_deg"": -0.2150059059013225, ""A_D"": -0.22514933774946533}}","[[0.07217406410127314, 0.10357533374779271], [-0.11280227205561655, -0.12772931933044074], [0.10220363384570597, 0.09742001841902459]]",False,True,"[4.658854459744364, 2.814490250809536]",True,5.0,3.0,ok
capture,capture_3,conditional37,capture_3_detections.pkl,13,20499,20499,True,"[true, true, true]",3,3,"[0, 1, 2]",1.6448534814339986,3,True,1.6448534814339986,2.232334770518639,0.005759052531945007,0.21691468856877683,13.01488131412661,0.2222666953654387,0.30564196049625725,0.31179555768550316,"{""0-1"": {""theta_deg"": 0.17551937585965582, ""A_D"": 0.19041405701260405}, ""0-2"": {""theta_deg"": -0.13012258463660142, ""A_D"": -0.1213815006728991}, ""1-2"": {""theta_deg"": -0.30564196049625725, ""A_D"": -0.31179555768550316}}","[[0.03723479270030072, 0.04397290823294675], [-0.1382845831593551, -0.1464411487796573], [0.16735737733690215, 0.16535440890584585]]",False,True,"[4.529306534168505, 2.6228708700232883]",True,5.0,3.0,ok
capture,capture_3,conditional37,capture_3_detections.pkl,14,21550,21550,False,"[false, false, false]",3,0,[],,0,False,,,,,,,,,null,null,False,False,null,False,10.0,3.0,insufficient_P4_support
capture,capture_3,conditional37,capture_3_detections.pkl,14,22178,22178,False,"[false, false, false]",3,0,[],,0,False,,,,,,,,,null,null,False,False,null,False,10.0,3.0,invalid_input
capture,capture_3,conditional37,capture_3_detections.pkl,14,22807,22807,False,"[false, false, false]",3,0,[],,0,False,,,,,,,,,null,null,False,False,null,False,10.0,3.0,insufficient_P4_support
capture,capture_3,conditional37,capture_3_detections.pkl,14,23435,23435,True,"[true, true, true]",3,3,"[0, 1, 2]",2.7930622542014554,3,True,2.7930622542014554,3.931472378617777,0.009816165056883498,0.7003636179949655,42.02181707969793,0.7862897202241053,0.8668321436308712,0.9737941114966211,"{""0-1"": {""theta_deg"": -0.8668321436308712, ""A_D"": -0.9737941114966211}, ""0-2"": {""theta_deg"": -0.018427731988003515, ""A_D"": -0.021955062047986473}, ""1-2"": {""theta_deg"": 0.8484044116428677, ""A_D"": 0.9518390494486346}}","[[-0.21261275805804836, -0.23998963368658366], [0.6542193855728229, 0.7338044778100374], [-0.19418502607004484, -0.21803457163859719]]",False,True,"[10.275693918793298, 3.7473149173653417]",True,10.0,3.0,ok
capture,capture_3,conditional37,capture_3_detections.pkl,14,24064,24064,False,"[false, false, false]",3,0,[],,0,False,,,,,,,,,null,null,False,False,null,False,10.0,3.0,invalid_input
capture,capture_3,conditional37,capture_3_detections.pkl,14,24692,24692,True,"[true, true, true]",3,3,"[0, 1, 2]",1.424767363897974,3,True,1.424767363897974,1.9616322219399245,0.005005250905850191,0.2866411392220403,17.19846835332242,0.33086575698267373,0.3981056138211123,0.4601983598544219,"{""0-1"": {""theta_deg"": 0.3981056138211123, ""A_D"": 0.4601983598544219}, ""0-2"": {""theta_deg"": 0.13288140655624758, ""A_D"": 0.15680984983031632}, ""1-2"": {""theta_deg"": -0.26522420726486473, ""A_D"": -0.3033885100241056}}","[[0.1679185255700908, 0.20049616009335125], [-0.23018708825102152, -0.2597021997610707], [0.03503711901384321, 0.04368631026303493]]",False,True,"[10.018224139318619, 3.469211138470079]",True,10.0,3.0,ok
capture,capture_3,conditional37,capture_3_detections.pkl,14,25321,25321,False,"[false, false, false]",3,0,[],,0,False,,,,,,,,,null,null,False,False,null,False,10.0,3.0,invalid_input
capture,capture_3,conditional37,capture_3_detections.pkl,14,25949,25949,False,"[false, false, false]",3,0,[],,0,False,,,,,,,,,null,null,False,False,null,False,10.0,3.0,invalid_input
capture,capture_4,conditional27,capture_4_detections.pkl,15,980,980,True,"[true, true, true]",3,3,"[0, 1, 2]",3.0174583327046762,3,True,3.0174583327046762,4.50919811690708,0.010520890627680673,0.05433834391984251,3.260300635190551,0.29699144006322775,0.06721139184458735,0.4199640751264093,"{""0-1"": {""theta_deg"": -0.06586953070152646, ""A_D"": -0.204643038718904}, ""0-2"": {""theta_deg"": 0.0013418611430608962, ""A_D"": 0.21532103640750533}, ""1-2"": {""theta_deg"": 0.06721139184458735, ""A_D"": 0.4199640751264093}}","[[-0.022581082337149283, 0.02549878995322219], [0.043288448364377174, 0.23014182867212618], [-0.02392294348021018, -0.18982224645428314]]",False,True,"[-10.042853747445601, 2.779227662178904]",True,-10.0,2.0,ok
capture,capture_4,conditional27,capture_4_detections.pkl,15,1528,1528,True,"[true, true, true]",3,3,"[0, 1, 2]",1.9581417947873756,3,True,1.9581417947873756,2.878546371145078,0.006829227735331633,0.03643217371436505,2.185930422861903,0.19769462983988775,0.0466197962249737,0.2780659549371709,"{""0-1"": {""theta_deg"": -0.0423072893093579, ""A_D"": -0.11384878540382415}, ""0-2"": {""theta_deg"": 0.004312506915615799, ""A_D"": 0.16421716953334675}, ""1-2"": {""theta_deg"": 0.0466197962249737, ""A_D"": 0.2780659549371709}}","[[-0.014510106697487757, 0.03121834030495485], [0.02779718261187014, 0.145067125708779], [-0.018822613613103556, -0.1329988292283919]]",False,True,"[-9.792173534152642, 2.742438083331581]",True,-10.0,2.0,ok
capture,capture_4,conditional27,capture_4_detections.pkl,15,2077,2077,True,"[true, true, true]",3,3,"[0, 1, 2]",2.8237626864488052,3,True,2.8237626864488052,4.13510150001344,0.00984686573670735,0.04134163470162877,2.4804980820977263,0.23929594445349517,0.05846148226986436,0.3325762770576888,"{""0-1"": {""theta_deg"": -0.05846148226986436, ""A_D"": -0.22049688783807442}, ""0-2"": {""theta_deg"": -0.0286082800420715, ""A_D"": 0.11207938921961436}, ""1-2"": {""theta_deg"": 0.029853202227792863, ""A_D"": 0.3325762770576888}}","[[-0.024368549585945587, -0.0008753384772113293], [0.034092932683918775, 0.2196215493608631], [0.004239730456125912, -0.11295472769682569]]",False,True,"[-9.782002142196273, 2.7135763774574655]",True,-10.0,2.0,ok
capture,capture_4,conditional27,capture_4_detections.pkl,15,2625,2625,True,"[true, true, true]",3,3,"[0, 1, 2]",4.312578534444801,3,True,4.312578534444801,6.208626386121243,0.015043330949266232,0.0701106640384998,4.206639842309988,0.3314509662113669,0.09704655167589848,0.4517780397078197,"{""0-1"": {""theta_deg"": -0.09704655167589848, ""A_D"": -0.33411132176988634}, ""0-2"": {""theta_deg"": -0.066122506609263, ""A_D"": 0.11766671793793337}, ""1-2"": {""theta_deg"": 0.030924045066635486, ""A_D"": 0.4517780397078197}}","[[-0.04379091485077602, -0.006547883096724494], [0.053255636825122465, 0.32756343867316184], [0.02233159175848698, -0.12421460103465787]]",False,True,"[-9.785021942417687, 2.666083289668565]",True,-10.0,2.0,ok
capture,capture_4,conditional27,capture_4_detections.pkl,15,3174,3174,True,"[true, true, true]",3,3,"[0, 1, 2]",2.6442273439314232,3,True,2.6442273439314232,3.759345548504815,0.009220277367911207,0.0414679967347003,2.4880798040820182,0.20452678100804253,0.05834918320102389,0.2892308641543475,"{""0-1"": {""theta_deg"": -0.05834918320102389, ""A_D"": -0.14217891003444239}, ""0-2"": {""theta_deg"": -0.03426593175941761, ""A_D"": 0.14705195411990513}, ""1-2"": {""theta_deg"": 0.02408325144160628, ""A_D"": 0.2892308641543475}}","[[-0.029490702766384658, 0.03927852350204253], [0.028858480434639233, 0.1814574335364849], [0.004775228993032954, -0.1077734306178626]]",False,True,"[-9.805025534413955, 2.536121175392379]",True,-10.0,2.0,ok
capture,capture_4,conditional27,capture_4_detections.pkl,15,3722,3722,True,"[true, true, true]",3,3,"[0, 1, 2]",2.9533970914295655,3,True,2.9533970914295655,4.196637016331416,0.01029935252497342,0.04154777299509867,2.49286637970592,0.22585333786501183,0.05637054580419765,0.31928585649171426,"{""0-1"": {""theta_deg"": -0.05637054580419765, ""A_D"": -0.16719287661754212}, ""0-2"": {""theta_deg"": -0.04254136344169268, ""A_D"": 0.15209297987417214}, ""1-2"": {""theta_deg"": 0.013829182362504966, ""A_D"": 0.31928585649171426}}","[[-0.03148166736995073, 0.036254958480170796], [0.02488887843424692, 0.20344783509771291], [0.011059696071741953, -0.11583802139400134]]",False,True,"[-9.826825700789739, 2.416743251456816]",True,-10.0,2.0,ok
capture,capture_4,conditional27,capture_4_detections.pkl,15,4271,4271,True,"[true, true, true]",3,3,"[0, 1, 2]",2.67580347601657,3,True,2.67580347601657,3.8242965098700505,0.00933522999496061,0.038764945484458635,2.325896729067518,0.1906007724067509,0.05210854824880862,0.26949763064437793,"{""0-1"": {""theta_deg"": -0.05210854824880862, ""A_D"": -0.1393588013172793}, ""0-2"": {""theta_deg"": -0.040805745141586414, ""A_D"": 0.13013882932709864}, ""1-2"": {""theta_deg"": 0.011302803107222203, ""A_D"": 0.26949763064437793}}","[[-0.03142388027277043, 0.031970491394696765], [0.020684667976038185, 0.17132929271197606], [0.009381864868815981, -0.09816833793240187]]",False,True,"[-9.814506095248603, 2.2764501019075243]",True,-10.0,2.0,ok
capture,capture_4,conditional27,capture_4_detections.pkl,15,4819,4819,True,"[true, true, true]",3,3,"[0, 1, 2]",2.5291170790792505,3,True,2.5291170790792505,3.6670338200510777,0.008824197475120204,0.03288889884816301,1.9733339308897806,0.19796718323514395,0.04589918311109109,0.279952456260522,"{""0-1"": {""theta_deg"": -0.04589918311109109, ""A_D"": -0.1425208562683138}, ""0-2"": {""theta_deg"": -0.029466357890772343, ""A_D"": 0.13743159999220822}, ""1-2"": {""theta_deg"": 0.016432825220318747, ""A_D"": 0.279952456260522}}","[[-0.025951821833793076, 0.02653352517114671], [0.019947361277298015, 0.1690543814394605], [0.003514536056979267, -0.11089807482106151]]",False,True,"[-9.799089905226989, 2.308540820884988]",True,-10.0,2.0,ok
capture,capture_4,conditional27,capture_4_detections.pkl,16,5790,5790,True,"[true, true, true]",3,3,"[0, 1, 2]",0.6493538406140132,3,True,0.6493538406140132,0.8344870802270862,0.0022667282812234126,0.024794154253460626,1.4876492552076375,0.03582217350499273,0.03497318095392998,0.047270543685101085,"{""0-1"": {""theta_deg"": -0.015299677541031897, ""A_D"": 0.0078566804377731}, ""0-2"": {""theta_deg"": -0.03497318095392998, ""A_D"": -0.039413863247327985}, ""1-2"": {""theta_deg"": -0.019673503412898086, ""A_D"": -0.047270543685101085}}","[[-0.01091426170073273, 0.0023015010204718855], [0.004385415840299167, -0.005555179417301215], [0.024058919253197253, 0.04171536426779987]]",False,True,"[-4.514856182336604, 2.120648366470241]",True,-5.0,2.0,ok
capture,capture_4,conditional27,capture_4_detections.pkl,16,6350,6350,True,"[true, true, true]",3,3,"[0, 1, 2]",3.0820379523265107,3,True,3.0820379523265107,4.0710329360836575,0.01075451540481176,0.11432404122804084,6.85944247368245,0.22254632614330142,0.16146221634686153,0.2944012458943286,"{""0-1"": {""theta_deg"": -0.16146221634686153, ""A_D"": -0.2944012458943286}, ""0-2"": {""theta_deg"": -0.08797293966385045, ""A_D"": -0.05083553211173086}, ""1-2"": {""theta_deg"": 0.07348927668301108, ""A_D"": 0.24356571378259773}}","[[-0.057867671704645574, -0.06525878188036849], [0.10359454464221596, 0.2291424640139601], [0.030105267959204873, -0.014423249768637625]]",False,True,"[-4.447416710054791, 2.508801093447684]",True,-5.0,2.0,ok
capture,capture_4,conditional27,capture_4_detections.pkl,16,6910,6910,True,"[true, true, true]",3,3,"[0, 1, 2]",3.7650413988696307,3,True,3.7650413988696307,5.098654118308119,0.013140118777405873,0.14491516130506535,8.69490967830392,0.2983866660161503,0.20391211635295914,0.37962063152699876,"{""0-1"": {""theta_deg"": -0.20391211635295914, ""A_D"": -0.37962063152699876}, ""0-2"": {""theta_deg"": -0.08419394773169842, ""A_D"": -0.030223236795205555}, ""1-2"": {""theta_deg"": 0.11971816862126072, ""A_D"": 0.3493973947317932}}","[[-0.06748455425218491, -0.08102203143560116], [0.13642756210077422, 0.2985986000913976], [0.0167093934795135, -0.050798794640395606]]",False,True,"[-4.426933065350591, 2.582073637915386]",True,-5.0,2.0,ok
capture,capture_4,conditional27,capture_4_detections.pkl,16,7470,7470,True,"[true, true, true]",3,3,"[0, 1, 2]",4.0364847056224775,3,True,4.0364847056224775,5.495344490367982,0.014093672694679732,0.14811282721820387,8.886769633092232,0.3174080953166406,0.20873985382166627,0.40728850058116217,"{""0-1"": {""theta_deg"": -0.20873985382166627, ""A_D"": -0.40728850058116217}, ""0-2"": {""theta_deg"": -0.08930774082327186, ""A_D"": -0.040215652947374725}, ""1-2"": {""theta_deg"": 0.1194321129983944, ""A_D"": 0.36707284763378745}}","[[-0.07052377532469212, -0.09291858442799805], [0.13821607849697415, 0.3143699161531641], [0.018783965498579747, -0.05270293148062333]]",False,True,"[-4.492763101335632, 2.4562081769522885]",True,-5.0,2.0,ok
capture,capture_4,conditional27,capture_4_detections.pkl,16,8029,8029,True,"[true, true, true]",3,3,"[0, 1, 2]",3.52317916966395,3,True,3.52317916966395,4.8891723340990625,0.01230060752653336,0.12632519235743125,7.579511541445875,0.28510474401892905,0.17833618582044508,0.37966131417769455,"{""0-1"": {""theta_deg"": -0.17833618582044508, ""A_D"": -0.37966131417769455}, ""0-2"": {""theta_deg"": -0.07999013254450027, ""A_D"": -0.07227200159807534}, ""1-2"": {""theta_deg"": 0.09834605327594481, ""A_D"": 0.3073893125796192}}","[[-0.06422899547666816, -0.11067029286178842], [0.11410719034377692, 0.26899102131590613], [0.01576113706783211, -0.03839829126371308]]",False,True,"[-4.4949811235305575, 2.3087187200185144]",True,-5.0,2.0,ok
capture,capture_4,conditional27,capture_4_detections.pkl,16,8589,8589,True,"[true, true, true]",3,3,"[0, 1, 2]",3.9577766396380216,3,True,3.9577766396380216,5.272062738627178,0.013819959891416017,0.1347814392575032,8.086886355450192,0.28830652796307826,0.1892771112445315,0.3903382090984784,"{""0-1"": {""theta_deg"": -0.1892771112445315, ""A_D"": -0.3903382090984784}, ""0-2"": {""theta_deg"": -0.11412408670766272, ""A_D"": -0.093149287907901}, ""1-2"": {""theta_deg"": 0.07515302453686878, ""A_D"": 0.2971889211905774}}","[[-0.07113339954173714, -0.10373423901763035], [0.11814371170279436, 0.28660397008084804], [0.04299068716592558, -0.010584951109729346]]",False,True,"[-4.552975894576776, 2.260950340209859]",True,-5.0,2.0,ok
capture,capture_4,conditional27,capture_4_detections.pkl,16,9149,9149,True,"[true, true, true]",3,3,"[0, 1, 2]",4.282623395571675,3,True,4.282623395571675,5.819055590952395,0.014956889286216864,0.1471244578843276,8.827467473059656,0.32987307770769314,0.20802654240980534,0.43921068318830203,"{""0-1"": {""theta_deg"": -0.20802654240980534, ""A_D"": -0.43921068318830203}, ""0-2"": {""theta_deg"": -0.1074957130783627, ""A_D"": -0.08342585369502808}, ""1-2"": {""theta_deg"": 0.10053082933144264, ""A_D"": 0.35578482949327395}}","[[-0.07483765949182075, -0.11721209985488734], [0.13318888291798459, 0.3219985833334147], [0.032658053586541946, -0.03378624615985926]]",False,True,"[-4.5452043435395595, 2.2860855361906425]",True,-5.0,2.0,ok
capture,capture_4,conditional27,capture_4_detections.pkl,16,9709,9709,True,"[true, true, true]",3,3,"[0, 1, 2]",2.817095894671921,3,True,2.817095894671921,3.6155725890765478,0.009835670869850483,0.09720627206609075,5.832376323965446,0.19210036182188456,0.1298724203638164,0.26977108237371805,"{""0-1"": {""theta_deg"": -0.1298724203638164, ""A_D"": -0.26977108237371805}, ""0-2"": {""theta_deg"": -0.10396766948223934, ""A_D"": -0.10710972698937926}, ""1-2"": {""theta_deg"": 0.025904750881577066, ""A_D"": 0.1626613553843388}}","[[-0.05446384914709235, -0.08135859300135273], [0.07540857121672406, 0.18841248937236532], [0.049503820335147, 0.02575113398802653]]",False,True,"[-4.539098898723888, 2.1716776989875197]",True,-5.0,2.0,ok
capture,capture_4,conditional27,capture_4_detections.pkl,17,10700,10700,True,"[true, true, true]",3,3,"[0, 1, 2]",13.09811963859494,3,True,13.09811963859494,18.446009564460052,0.04588738229101005,0.39053082291327124,23.431849374796275,0.674130672605551,0.5109089091631871,0.8514305095844631,"{""0-1"": {""theta_deg"": 0.5109089091631871, ""A_D"": 0.8514305095844631}, ""0-2"": {""theta_deg"": 0.07379391849508707, ""A_D"": 0.05426160878377595}, ""1-2"": {""theta_deg"": -0.4371149906681, ""A_D"": -0.7971689008006871}}","[[0.2092844715660722, 0.31962401883039815], [-0.3016244375971149, -0.5318064907540649], [0.13549055307098512, 0.2653624100466222]]",False,True,"[0.057818398986536935, 0.7999730572373206]",True,0.0,2.0,ok
capture,capture_4,conditional27,capture_4_detections.pkl,17,11271,11271,True,"[true, true, true]",3,3,"[0, 1, 2]",1.0378850366212742,3,True,1.0378850366212742,1.5072103170359683,0.0036360432066367965,0.044474262607701244,2.6684557564620746,0.07905498566287669,0.05843288773211025,0.10321207501277985,"{""0-1"": {""theta_deg"": -0.04936931649536308, ""A_D"": -0.08882144850645401}, ""0-2"": {""theta_deg"": 0.00906357123674717, ""A_D"": 0.014390626506325832}, ""1-2"": {""theta_deg"": 0.05843288773211025, ""A_D"": 0.10321207501277985}}","[[-0.011808733523772263, -0.022993907736370334], [0.03756058297159082, 0.06582754077008368], [-0.020872304760519433, -0.037384534242696166]]",False,True,"[0.14647156437290626, 1.6361561422126178]",True,0.0,2.0,ok
capture,capture_4,conditional27,capture_4_detections.pkl,17,11843,11843,True,"[true, true, true]",3,3,"[0, 1, 2]",0.7693756153740038,3,True,0.7693756153740038,1.0361208102067516,0.002694111906327653,0.04337780972484792,2.602668583490875,0.06958218007445144,0.05767000054485155,0.09801436354043047,"{""0-1"": {""theta_deg"": 0.05767000054485155, ""A_D"": 0.09801436354043047}, ""0-2"": {""theta_deg"": 0.010722025843710792, ""A_D"": 0.041430369729961836}, ""1-2"": {""theta_deg"": -0.04694797470114076, ""A_D"": -0.056583993810468636}}","[[0.026370175728164524, 0.05414563403003747], [-0.03129982481668703, -0.043868729510393], [0.015648149884453733, 0.012715264300075635]]",False,True,"[0.15469686258720294, 1.4822998057518826]",True,0.0,2.0,ok
capture,capture_4,conditional27,capture_4_detections.pkl,17,12414,12414,True,"[true, true, true]",3,3,"[0, 1, 2]",1.3265954883996036,3,True,1.3265954883996036,1.6346945745283608,0.004642853864227154,0.04184697623887268,2.5108185743323608,0.07497046522243946,0.05201982170325578,0.10524410941538265,"{""0-1"": {""theta_deg"": -0.05201982170325578, ""A_D"": -0.06374024064451267}, ""0-2"": {""theta_deg"": -0.0015720765986448615, ""A_D"": 0.04150386877086998}, ""1-2"": {""theta_deg"": 0.05044774510461092, ""A_D"": 0.10524410941538265}}","[[-0.008020849370858618, 0.008568851106548703], [0.04399897233239716, 0.07230909175106137], [-0.006448772772213757, -0.032935017664321276]]",False,True,"[0.18154514598106952, 1.5158421605271095]",True,0.0,2.0,ok
capture,capture_4,conditional27,capture_4_detections.pkl,17,12985,12985,True,"[true, true, true]",3,3,"[0, 1, 2]",0.34849122407178756,3,True,0.34849122407178756,0.4366008555956211,0.0012194618217225848,0.01217618059045454,0.7305708354272724,0.03157452651510348,0.015833339661557005,0.04141897823048657,"{""0-1"": {""theta_deg"": 0.015833339661557005, ""A_D"": 0.03515861603476056}, ""0-2"": {""theta_deg"": 0.0137790991078246, ""A_D"": 0.04141897823048657}, ""1-2"": {""theta_deg"": -0.002054240553732406, ""A_D"": 0.00626036219572601}}","[[0.012264279407358941, 0.03183858434015252], [-0.0035690602541980643, -0.003320031694608039], [-0.0015148197004656583, -0.009580393890334049]]",False,True,"[0.1414946978177568, 1.3876747445725899]",True,0.0,2.0,ok
capture,capture_4,conditional27,capture_4_detections.pkl,17,13556,13556,True,"[true, true, true]",3,3,"[0, 1, 2]",0.6385576009466483,3,True,0.6385576009466483,0.7884956385246338,0.0022343870517175213,0.029522085881317287,1.7713251528790372,0.061981875791059196,0.04174991909521419,0.08696467468623315,"{""0-1"": {""theta_deg"": 0.04174991909521419, ""A_D"": 0.08696467468623315}, ""0-2"": {""theta_deg"": 0.02067868465590518, ""A_D"": 0.05299487682559256}, ""1-2"": {""theta_deg"": -0.021071234439309007, ""A_D"": -0.03396979786064058}}","[[0.021724980397438018, 0.052518923823682506], [-0.02002493869777617, -0.03444575086255064], [0.0010462957415328378, -0.00047595300191005663]]",False,True,"[0.03345766260731474, 1.3515738245375384]",True,0.0,2.0,ok
capture,capture_4,conditional27,capture_4_detections.pkl,17,14128,14128,True,"[true, true, true]",3,3,"[0, 1, 2]",0.381620166091294,3,True,0.381620166091294,0.5478763861338152,0.0013351419593098642,0.016733294769551307,1.0039976861730784,0.04038615260998414,0.02299339106149669,0.053177457659314475,"{""0-1"": {""theta_deg"": 0.016342591359885902, ""A_D"": 0.044635348502722216}, ""0-2"": {""theta_deg"": 0.02299339106149669, ""A_D"": 0.053177457659314475}, ""1-2"": {""theta_deg"": 0.006650799701610789, ""A_D"": 0.008542109156592259}}","[[0.013654214539480333, 0.03783474096079553], [-0.002688376820405569, -0.006800607541926684], [-0.009339176522016358, -0.015342716698518943]]",False,True,"[0.06637856944783344, 1.3535146613517945]",True,0.0,2.0,ok
capture,capture_4,conditional27,capture_4_detections.pkl,17,14699,14699,True,"[true, true, true]",3,3,"[0, 1, 2]",1.489184926820256,3,True,1.489184926820256,2.0796210954297756,0.005210063793988633,0.07700321319591064,4.620192791754638,0.13812706907257893,0.1048877462078346,0.19291551099461945,"{""0-1"": {""theta_deg"": 0.1048877462078346, ""A_D"": 0.19291551099461945}, ""0-2"": {""theta_deg"": 0.027083218827598676, ""A_D"": 0.06988079123998459}, ""1-2"": {""theta_deg"": -0.07780452738023592, ""A_D"": -0.12303471975463487}}","[[0.04620694606990486, 0.09650283409507421], [-0.05868080013792974, -0.09641267689954525], [0.019123727242306182, 0.026622042855089623]]",False,True,"[0.16330806705762613, 1.5592673234996794]",True,0.0,2.0,ok
capture,capture_4,conditional27,capture_4_detections.pkl,18,15690,15690,True,"[true, true, true]",3,3,"[0, 1, 2]",4.988928152740324,3,True,4.988928152740324,6.626318588173391,0.017486281179235372,0.31136210049214086,18.681726029528452,0.2824078162395771,0.421502030910756,0.36868923184973,"{""0-1"": {""theta_deg"": 0.421502030910756, ""A_D"": 0.36868923184973}, ""0-2"": {""theta_deg"": 0.10042620007869996, ""A_D"": 0.05136924321114722}, ""1-2"": {""theta_deg"": -0.32107583083205604, ""A_D"": -0.3173199886385828}}","[[0.14893089119880365, 0.12214970748006815], [-0.27257113971195235, -0.24653952436966187], [0.04850469112010369, 0.07078046426892093]]",False,True,"[4.9321353207515575, 1.0669297080348894]",True,5.0,2.0,ok
capture,capture_4,conditional27,capture_4_detections.pkl,18,16250,16250,True,"[true, true, true]",3,3,"[0, 1, 2]",1.3224182741649444,3,True,1.3224182741649444,1.4581317860767322,0.004636271376556474,0.09172329777609253,5.503397866565552,0.058254244009177725,0.12926682143170254,0.07587531406051373,"{""0-1"": {""theta_deg"": 0.0739774831733433, ""A_D"": 0.06573222403147194}, ""0-2"": {""theta_deg"": 0.12926682143170254, ""A_D"": 0.07587531406051373}, ""1-2"": {""theta_deg"": 0.055289338258359244, ""A_D"": 0.01014309002904179}}","[[0.04063358704605857, 0.02941060663129602], [-0.03334389612728472, -0.03632161740017592], [-0.08863323438564397, -0.04646470742921771]]",False,True,"[5.195042610516822, 1.1553347624747436]",True,5.0,2.0,ok
capture,capture_4,conditional27,capture_4_detections.pkl,18,16810,16810,True,"[true, true, true]",3,3,"[0, 1, 2]",0.7576377243240344,3,True,0.7576377243240344,0.8582141829626376,0.0026600957567985053,0.0783510180825979,4.701061084955874,0.05932912871472593,0.11075199388508405,0.08128133233587453,"{""0-1"": {""theta_deg"": -0.05240615860887754, ""A_D"": -0.05866639864547096}, ""0-2"": {""theta_deg"": 0.058345835276206515, ""A_D"": 0.02261493369040357}, ""1-2"": {""theta_deg"": 0.11075199388508405, ""A_D"": 0.08128133233587453}}","[[-0.012479664505586463, -0.022957197240649707], [0.03992649410329108, 0.035709201404821256], [-0.07082549978179298, -0.04557213093105328]]",False,True,"[5.183637326395248, 1.1061254079016147]",True,5.0,2.0,ok
capture,capture_4,conditional27,capture_4_detections.pkl,18,17370,17370,True,"[true, true, true]",3,3,"[0, 1, 2]",1.0104862926466964,3,True,1.0104862926466964,1.3126117009140266,0.003548272707030849,0.1125618460602428,6.753710763614568,0.07831024642320071,0.15606429817688294,0.11073621912625187,"{""0-1"": {""theta_deg"": -0.05086222253991313, ""A_D"": -0.054004521461580746}, ""0-2"": {""theta_deg"": 0.10520207563696982, ""A_D"": 0.05673169766467112}, ""1-2"": {""theta_deg"": 0.15606429817688294, ""A_D"": 0.11073621912625187}}","[[-0.0013455868801139914, -0.011831961523222079], [0.049516635659799135, 0.04217255993835867], [-0.10654766251708381, -0.0685636591878932]]",False,True,"[5.197888820048986, 1.0122638961278587]",True,5.0,2.0,ok
capture,capture_4,conditional27,capture_4_detections.pkl,18,17929,17929,True,"[true, true, true]",3,3,"[0, 1, 2]",0.9889618378920348,3,True,0.9889618378920348,1.2216078621265756,0.003470817201179708,0.10408217268296745,6.244930360978047,0.08065368833709731,0.1467048138322795,0.11388419214318768,"{""0-1"": {""theta_deg"": -0.06296389381571288, ""A_D"": -0.0624483877898534}, ""0-2"": {""theta_deg"": 0.08374092001656663, ""A_D"": 0.05143580435333428}, ""1-2"": {""theta_deg"": 0.1467048138322795, ""A_D"": 0.11388419214318768}}","[[-0.00531480087068914, -0.01109803739212678], [0.05764909294502374, 0.05135035039772662], [-0.08905572088725577, -0.06253384174546106]]",False,True,"[5.101141424936381, 1.0734213064191438]",True,5.0,2.0,ok
capture,capture_4,conditional27,capture_4_detections.pkl,18,18489,18489,True,"[true, true, true]",3,3,"[0, 1, 2]",1.2801427073339877,3,True,1.2801427073339877,1.7161613268861315,0.004491523691294053,0.11902907409749461,7.141744445849676,0.09415148473012296,0.16829612253626625,0.13291021410740955,"{""0-1"": {""theta_deg"": -0.08717990480034832, ""A_D"": -0.0733767654367643}, ""0-2"": {""theta_deg"": 0.08111621773591793, ""A_D"": 0.05953344867064525}, ""1-2"": {""theta_deg"": 0.16829612253626625, ""A_D"": 0.13291021410740955}}","[[-0.00927099300308587, -0.006984981609851948], [0.07790891179726245, 0.06639178382691235], [-0.0903872107390038, -0.0665184302804972]]",False,True,"[5.086654305682928, 1.05205056337752]",True,5.0,2.0,ok
capture,capture_4,conditional27,capture_4_detections.pkl,18,19049,19049,True,"[true, true, true]",3,3,"[0, 1, 2]",1.83823043335967,3,True,1.83823043335967,2.2153057230655184,0.006448812762394059,0.10651081759484733,6.39064905569084,0.0903350578708317,0.13999855528878324,0.1271053130810822,"{""0-1"": {""theta_deg"": 0.13999855528878324, ""A_D"": 0.1271053130810822}, ""0-2"": {""theta_deg"": 0.11813590387509443, ""A_D"": 0.07467981074589936}, ""1-2"": {""theta_deg"": -0.021862651413688816, ""A_D"": -0.05242550233518284}}","[[0.0636856176318501, 0.0539085271049875], [-0.07631293765693314, -0.07319678597609469], [-0.05445028624324433, -0.020771283640911853]]",False,True,"[4.94166149587055, 0.8887636298022803]",True,5.0,2.0,ok
capture,capture_4,conditional27,capture_4_detections.pkl,18,19609,19609,True,"[true, true, true]",3,3,"[0, 1, 2]",0.7776437250816143,3,True,0.7776437250816143,0.9857703540189179,0.002728544206731174,0.07914173189524974,4.748503913714985,0.05962519278431173,0.11139779336994504,0.08431722121523877,"{""0-1"": {""theta_deg"": -0.046317035712880816, ""A_D"": -0.0413219047125315}, ""0-2"": {""theta_deg"": 0.06508075765706423, ""A_D"": 0.04299531650270727}, ""1-2"": {""theta_deg"": 0.11139779336994504, ""A_D"": 0.08431722121523877}}","[[-0.002198255780895053, -0.003841804093740686], [0.04411877993198576, 0.03748010061879081], [-0.06727901343795928, -0.046837120596447956]]",False,True,"[5.055123657816663, 0.9867732815185959]",True,5.0,2.0,ok
capture,capture_4,conditional27,capture_4_detections.pkl,19,20680,20680,False,"[false, false, false]",3,0,[],,0,False,,,,,,,,,null,null,False,False,null,False,10.0,2.0,invalid_input
capture,capture_4,conditional27,capture_4_detections.pkl,19,21343,21343,True,"[true, true, true]",3,3,"[0, 1, 2]",1.5649142588174054,3,True,1.5649142588174054,1.692281289039794,0.005488621971059677,0.18354220385414338,11.012532231248603,0.10233986325027092,0.23505888053785462,0.1372346004888345,"{""0-1"": {""theta_deg"": 0.21288195939491494, ""A_D"": 0.1372346004888345}, ""0-2"": {""theta_deg"": -0.022176921142939676, ""A_D"": 0.02880311010285197}, ""1-2"": {""theta_deg"": -0.23505888053785462, ""A_D"": -0.10843149038598254}}","[[0.09751650068928264, 0.07447581288598815], [-0.1153654587056323, -0.06275878760284637], [0.11969342183222231, 0.045672702783136176]]",False,True,"[10.161787500712787, 0.8190431141535182]",True,10.0,2.0,ok
capture,capture_4,conditional27,capture_4_detections.pkl,19,22005,22005,True,"[true, true, true]",3,3,"[0, 1, 2]",2.139526235361554,3,True,2.139526235361554,2.723837536824541,0.007502265413872901,0.26341760976150125,15.805056585690075,0.1356493478566851,0.35280146705002124,0.1670415528870408,"{""0-1"": {""theta_deg"": 0.27999416639702446, ""A_D"": 0.1670415528870408}, ""0-2"": {""theta_deg"": -0.07280730065299679, ""A_D"": 0.0018264800224703226}, ""1-2"": {""theta_deg"": -0.35280146705002124, ""A_D"": -0.1652150728645705}}","[[0.10438108367888432, 0.0745366786994488], [-0.17561308271814013, -0.09250487418759201], [0.1771883843318811, 0.07271019867697848]]",False,True,"[10.102196365351698, 0.7375820907501961]",True,10.0,2.0,ok
capture,capture_4,conditional27,capture_4_detections.pkl,19,22668,22668,True,"[true, true, true]",3,3,"[0, 1, 2]",1.925868198429288,3,True,1.925868198429288,2.385970664778071,0.006752359627478667,0.2412369484346364,14.474216906078183,0.11916462312062626,0.3323236591049312,0.15231238548075898,"{""0-1"": {""theta_deg"": 0.23297228632694988, ""A_D"": 0.13861429091100785}, ""0-2"": {""theta_deg"": -0.09935137277798134, ""A_D"": -0.01369809456975113}, ""1-2"": {""theta_deg"": -0.3323236591049312, ""A_D"": -0.15231238548075898}}","[[0.08014541949135356, 0.059074407298041365], [-0.15282686683559632, -0.07953988361296649], [0.1794967922693349, 0.0727725018677925]]",False,True,"[10.102334531540475, 0.6956221502020189]",True,10.0,2.0,ok
capture,capture_4,conditional27,capture_4_detections.pkl,19,23331,23331,True,"[true, true, true]",3,3,"[0, 1, 2]",3.62356304869302,3,True,3.62356304869302,4.939965234572334,0.012706933583068717,0.4143736139762085,24.862416838572507,0.21297967961855158,0.5506765016635562,0.2672779958257909,"{""0-1"": {""theta_deg"": 0.4489031690216194, ""A_D"": 0.25389859464489306}, ""0-2"": {""theta_deg"": -0.10177333264193678, ""A_D"": -0.013379401180897865}, ""1-2"": {""theta_deg"": -0.5506765016635562, ""A_D"": -0.2672779958257909}}","[[0.1496699922662632, 0.09739503642818514], [-0.2992331767553562, -0.15650355821670792], [0.2514433249082, 0.11077443760908301]]",False,True,"[10.026733907496359, 0.6577991404656269]",True,10.0,2.0,ok
capture,capture_4,conditional27,capture_4_detections.pkl,19,23994,23994,True,"[true, true, true]",3,3,"[0, 1, 2]",4.5603138048912175,3,True,4.5603138048912175,6.240262316949333,0.015992073801155887,0.5000442976861555,30.002657861169332,0.2538958832261265,0.6668525925769426,0.321102255706477,"{""0-1"": {""theta_deg"": 0.5372575115198934, ""A_D"": 0.2997081805452293}, ""0-2"": {""theta_deg"": -0.1295950810570492, ""A_D"": -0.021394075161247694}, ""1-2"": {""theta_deg"": -0.6668525925769426, ""A_D"": -0.321102255706477}}","[[0.17672506001621713, 0.11338752667976648], [-0.3605324515036763, -0.18632065386546282], [0.3063201410732663, 0.13478160184101418]]",False,True,"[9.851389565237271, 0.5833111555662978]",True,10.0,2.0,ok
capture,capture_4,conditional27,capture_4_detections.pkl,19,24656,24656,True,"[true, true, true]",3,3,"[0, 1, 2]",4.462530186556842,3,True,4.462530186556842,6.088441291207589,0.01565385271586671,0.4992350850737109,29.954105104422652,0.25146078809731237,0.6764019236118539,0.32592185673300506,"{""0-1"": {""theta_deg"": 0.5134545881691803, ""A_D"": 0.2861680685961379}, ""0-2"": {""theta_deg"": -0.1629473354426736, ""A_D"": -0.03975378813686714}, ""1-2"": {""theta_deg"": -0.6764019236118539, ""A_D"": -0.32592185673300506}}","[[0.15907163495323928, 0.10257344946754776], [-0.35438295321594104, -0.18359461912859015], [0.3220189703959129, 0.1423272376044149]]",False,True,"[9.876632937867212, 0.5982631981681206]",True,10.0,2.0,ok
capture,capture_4,conditional27,capture_4_detections.pkl,19,25319,25319,True,"[true, true, true]",3,3,"[0, 1, 2]",5.618674037276588,3,True,5.618674037276588,7.737021201880687,0.019711545253046272,0.5707854550109607,34.24712730065764,0.2894254581065966,0.7571234958467183,0.3687684270549886,"{""0-1"": {""theta_deg"": 0.6209809355008638, ""A_D"": 0.3381958811794059}, ""0-2"": {""theta_deg"": -0.1361425603458546, ""A_D"": -0.03057254587558267}, ""1-2"": {""theta_deg"": -0.7571234958467183, ""A_D"": -0.3687684270549886}}","[[0.19761307206407963, 0.1208542599042669], [-0.4233678634367841, -0.217341621275139], [0.3337556324099342, 0.15142680577984957]]",False,True,"[9.653071242057024, 0.5148276037619163]",True,10.0,2.0,ok
capture,capture_4,conditional37,capture_4_detections.pkl,15,980,980,True,"[true, true, true]",3,3,"[0, 1, 2]",2.938338456095727,3,True,2.938338456095727,4.529733745631593,0.010245025486725366,0.028696084836194735,1.721765090171684,0.08531658207728088,0.03947095283582591,0.11323344839792127,"{""0-1"": {""theta_deg"": 0.01156658181318626, ""A_D"": -0.09270021611646473}, ""0-2"": {""theta_deg"": -0.02790437102263965, ""A_D"": 0.020533232281456537}, ""1-2"": {""theta_deg"": -0.03947095283582591, ""A_D"": 0.11323344839792127}}","[[-0.009142384509097212, -0.01724573758610848], [-0.020708966322283473, 0.07545447853035625], [0.01876198651354244, -0.037778969867565015]]",False,True,"[-9.752799104995265, 0.6804168342313439]",True,-10.0,2.0,ok
capture,capture_4,conditional37,capture_4_detections.pkl,15,1528,1528,True,"[true, true, true]",3,3,"[0, 1, 2]",1.8814509653550617,3,True,1.8814509653550617,2.900253975937065,0.00656176031249282,0.0164305796555763,0.985834779334578,0.05537337655152076,0.02223902851503823,0.07403057601268448,"{""0-1"": {""theta_deg"": 0.005287265140939468, ""A_D"": -0.059126859807039134}, ""0-2"": {""theta_deg"": -0.01695176337409876, ""A_D"": 0.014903716205645345}, ""1-2"": {""theta_deg"": -0.02223902851503823, ""A_D"": 0.07403057601268448}}","[[-0.0063410958654390726, -0.010859990858272495], [-0.01162836100637854, 0.04826686894876664], [0.010610667508659688, -0.02576370706391784]]",False,True,"[-9.537907595379343, 0.6857624799809153]",True,-10.0,2.0,ok
capture,capture_4,conditional37,capture_4_detections.pkl,15,2077,2077,True,"[true, true, true]",3,3,"[0, 1, 2]",2.759324599200597,3,True,2.759324599200597,4.114607824318302,0.009622160878714729,0.035830662503983396,2.149839750239004,0.07639756944684409,0.05016091397983402,0.09628062279938276,"{""0-1"": {""theta_deg"": 0.018862210071185714, ""A_D"": -0.09628062279938276}, ""0-2"": {""theta_deg"": -0.03129870390864831, ""A_D"": -0.00568546266482628}, ""1-2"": {""theta_deg"": -0.05016091397983402, ""A_D"": 0.09059516013455648}}","[[-0.006218757823528875, -0.023405248088490982], [-0.02508096789471459, 0.07287537471089178], [0.02507994608511943, -0.017719785423664702]]",False,True,"[-9.522987161432992, 0.6785595784187639]",True,-10.0,2.0,ok
capture,capture_4,conditional37,capture_4_detections.pkl,15,2625,2625,True,"[true, true, true]",3,3,"[0, 1, 2]",4.266604552391928,3,True,4.266604552391928,6.207958772325598,0.014882962431556205,0.05887153474002322,3.532292084401393,0.10945225053005236,0.0789807555427533,0.1392136532628403,"{""0-1"": {""theta_deg"": 0.01667992853444744, ""A_D"": -0.1392136532628403}, ""0-2"": {""theta_deg"": -0.06230082700830586, ""A_D"": -0.011003398591327818}, ""1-2"": {""theta_deg"": -0.0789807555427533, ""A_D"": 0.12821025467151248}}","[[-0.01975857493041744, -0.02947976877015568], [-0.03643850346486488, 0.10973388449268462], [0.04254225207788842, -0.01847637017882786]]",False,True,"[-9.514649441901188, 0.6646552241312036]",True,-10.0,2.0,ok
capture,capture_4,conditional37,capture_4_detections.pkl,15,3174,3174,True,"[true, true, true]",3,3,"[0, 1, 2]",2.5863810181037286,3,True,2.5863810181037286,3.7786175542985796,0.009018570366404705,0.03353228530722503,2.0119371184335018,0.06075906438251873,0.041856592382016444,0.07622922033119894,"{""0-1"": {""theta_deg"": -0.0016243978149805827, ""A_D"": -0.07245591667440499}, ""0-2"": {""theta_deg"": -0.041856592382016444, ""A_D"": 0.003773303656793958}, ""1-2"": {""theta_deg"": -0.04023219456703586, ""A_D"": 0.07622922033119894}}","[[-0.019056232067825363, -0.011149247081405855], [-0.01743183425284478, 0.06130666959299913], [0.02280036031419108, -0.014922550738199813]]",False,True,"[-9.50037743254207, 0.6190266671196964]",True,-10.0,2.0,ok
capture,capture_4,conditional37,capture_4_detections.pkl,15,3722,3722,True,"[true, true, true]",3,3,"[0, 1, 2]",2.8922619896975066,3,True,2.8922619896975066,4.1949239225926185,0.010086156688146813,0.04120906975321258,2.4725441851927545,0.06794298292412591,0.05275428646900693,0.08494855800906709,"{""0-1"": {""theta_deg"": 0.004929064317099829, ""A_D"": -0.08136104104609754}, ""0-2"": {""theta_deg"": -0.0478252221519071, ""A_D"": 0.0035875169629695502}, ""1-2"": {""theta_deg"": -0.05275428646900693, ""A_D"": 0.08494855800906709}}","[[-0.01922507652699501, -0.012601501201193743], [-0.02415414084409484, 0.0687595398449038], [0.028600145624912088, -0.016189018164163294]]",False,True,"[-9.491906162371984, 0.5783332889815084]",True,-10.0,2.0,ok
capture,capture_4,conditional37,capture_4_detections.pkl,15,4271,4271,True,"[true, true, true]",3,3,"[0, 1, 2]",2.6385123837833726,3,True,2.6385123837833726,3.842997694036863,0.009205130409591047,0.03293870878308869,1.9763225269853213,0.057867222792128074,0.0406517140712932,0.07248348322764686,"{""0-1"": {""theta_deg"": 0.0006277248463995022, ""A_D"": -0.07248348322764686}, ""0-2"": {""theta_deg"": -0.0400239892248937, ""A_D"": -0.0033398920472526017}, ""1-2"": {""theta_deg"": -0.0406517140712932, ""A_D"": 0.06914359118039426}}","[[-0.01769066426828836, -0.013753588225320024], [-0.01831838911468786, 0.05872989500232684], [0.022333324956605338, -0.010413696178067422]]",False,True,"[-9.451883613036443, 0.5321570210846752]",True,-10.0,2.0,ok
capture,capture_4,conditional37,capture_4_detections.pkl,15,4819,4819,True,"[true, true, true]",3,3,"[0, 1, 2]",2.477414576984439,3,True,2.477414576984439,3.676330604671124,0.008643805237759436,0.029685395697535286,1.781123741852117,0.05932624401794926,0.039138431576956734,0.07299364588414026,"{""0-1"": {""theta_deg"": 0.006417354442996626, ""A_D"": -0.07232070588796868}, ""0-2"": {""theta_deg"": -0.03272107713396011, ""A_D"": 0.0006729399961715732}, ""1-2"": {""theta_deg"": -0.039138431576956734, ""A_D"": 0.07299364588414026}}","[[-0.012442321607480267, -0.01463107435122224], [-0.018859676050476892, 0.057689631536746444], [0.02027875552647984, -0.015304014347393813]]",False,True,"[-9.445676857946724, 0.5435770634702431]",True,-10.0,2.0,ok
capture,capture_4,conditional37,capture_4_detections.pkl,16,5790,5790,True,"[true, true, true]",3,3,"[0, 1, 2]",0.5848899294290013,3,True,0.5848899294290013,0.8868262977822382,0.0020417012444029765,0.009521431106036286,0.5712858663621772,0.012964373620137056,0.0131714958824114,0.01731964002919051,"{""0-1"": {""theta_deg"": -0.0131714958824114, ""A_D"": 0.013868949211323311}, ""0-2"": {""theta_deg"": -0.004162888550896859, ""A_D"": 0.01731964002919051}, ""1-2"": {""theta_deg"": 0.00900860733151454, ""A_D"": 0.003450690817867197}}","[[-0.007346304873461662, 0.01263057279341706], [0.005825191008949737, -0.0012383764179062506], [-0.0031834163225648027, -0.0046890672357734475]]",False,True,"[-4.789029567444432, 0.9057794429047183]",True,-5.0,2.0,ok
capture,capture_4,conditional37,capture_4_detections.pkl,16,6350,6350,True,"[true, true, true]",3,3,"[0, 1, 2]",3.0290239994170096,3,True,3.0290239994170096,4.081207630815401,0.010569527620088077,0.045844640047569225,2.7506784028541533,0.11693175382812408,0.06188249093981124,0.14715120497056078,"{""0-1"": {""theta_deg"": -0.06188249093981124, ""A_D"": -0.138916590668545}, ""0-2"": {""theta_deg"": -0.04768981310865961, ""A_D"": 0.008234614302015775}, ""1-2"": {""theta_deg"": 0.014192677831151634, ""A_D"": 0.14715120497056078}}","[[-0.031257078677068506, -0.0223361122179635], [0.030625412262742735, 0.1165804784505815], [0.0164327344315911, -0.030570726519979274]]",False,True,"[-4.830416593729274, 1.0861376270643492]",True,-5.0,2.0,ok
capture,capture_4,conditional37,capture_4_detections.pkl,16,6910,6910,True,"[true, true, true]",3,3,"[0, 1, 2]",3.73028456889248,3,True,3.73028456889248,5.105308982200218,0.013018816293358028,0.053644385562923634,3.218663133775418,0.1566777539130545,0.07463125273882465,0.20060438279313564,"{""0-1"": {""theta_deg"": -0.07463125273882465, ""A_D"": -0.1817901602017744}, ""0-2"": {""theta_deg"": -0.04911445002309378, ""A_D"": 0.01881422259136123}, ""1-2"": {""theta_deg"": 0.02551680271573087, ""A_D"": 0.20060438279313564}}","[[-0.035287765709761665, -0.030516579246967712], [0.039343487029062985, 0.1512735809548067], [0.013826684313332116, -0.04933080183832894]]",False,True,"[-4.832249976783255, 1.1204255680026733]",True,-5.0,2.0,ok
capture,capture_4,conditional37,capture_4_detections.pkl,16,7470,7470,True,"[true, true, true]",3,3,"[0, 1, 2]",3.990308922495271,3,True,3.990308922495271,5.499513993323856,0.013932446672217942,0.05327422107819315,3.196453264691589,0.16589045702052047,0.07378341324960935,0.21036790491049073,"{""0-1"": {""theta_deg"": -0.07378341324960935, ""A_D"": -0.19511989651207817}, ""0-2"": {""theta_deg"": -0.05009094501799716, ""A_D"": 0.01524800839841256}, ""1-2"": {""theta_deg"": 0.023692468231612196, ""A_D"": 0.21036790491049073}}","[[-0.03528625579866329, -0.036366566850592585], [0.03849715745094606, 0.1587533296614856], [0.014804689219333866, -0.051614575249005146]]",False,True,"[-4.858185123312333, 1.0551101293656582]",True,-5.0,2.0,ok
capture,capture_4,conditional37,capture_4_detections.pkl,16,8029,8029,True,"[true, true, true]",3,3,"[0, 1, 2]",3.471160747328981,3,True,3.471160747328981,4.898197219977103,0.012118993658353916,0.04113338986691341,2.4680033920148046,0.1488565964328104,0.0579692811772059,0.18355899207540272,"{""0-1"": {""theta_deg"": -0.0579692811772059, ""A_D"": -0.18103755883058048}, ""0-2"": {""theta_deg"": -0.033180528190025704, ""A_D"": 0.0025214332448222354}, ""1-2"": {""theta_deg"": 0.024788752987180196, ""A_D"": 0.18355899207540272}}","[[-0.025966005419007843, -0.0442146507377551], [0.03200327575819806, 0.13682290809282538], [0.007214522771017862, -0.04673608398257734]]",False,True,"[-4.820555068305496, 0.9886455322426047]",True,-5.0,2.0,ok
capture,capture_4,conditional37,capture_4_detections.pkl,16,8589,8589,True,"[true, true, true]",3,3,"[0, 1, 2]",3.8699280827449165,3,True,3.8699280827449165,5.272595327586844,0.013513205962803074,0.05095542582920024,3.0573255497520146,0.14778423286233594,0.06551400543360053,0.18607156669279756,"{""0-1"": {""theta_deg"": -0.06551400543360053, ""A_D"": -0.18607156669279756}, ""0-2"": {""theta_deg"": -0.05874968344017528, ""A_D"": -0.010614316024896042}, ""1-2"": {""theta_deg"": 0.0067643219934252485, ""A_D"": 0.17545725066790152}}","[[-0.034043820892650345, -0.041316385594788785], [0.031470184540950186, 0.14475518109800878], [0.024705862547524937, -0.030702069569892743]]",False,True,"[-4.861626080871368, 0.9587653089829058]",True,-5.0,2.0,ok
capture,capture_4,conditional37,capture_4_detections.pkl,16,9149,9149,True,"[true, true, true]",3,3,"[0, 1, 2]",4.209871213212043,3,True,4.209871213212043,5.819172602920728,0.014702805226897323,0.05133227519557213,3.079936511734328,0.16990098128264036,0.0686791526053101,0.210488948084107,"{""0-1"": {""theta_deg"": -0.0686791526053101, ""A_D"": -0.210488948084107}, ""0-2"": {""theta_deg"": -0.054708283016467796, ""A_D"": -0.004893503882115624}, ""1-2"": {""theta_deg"": 0.013970869588842305, ""A_D"": 0.20559544420199138}}","[[-0.03377168907151695, -0.04804948890710914], [0.03490746353379315, 0.16243945917699787], [0.020936593944950843, -0.043155985024993515]]",False,True,"[-4.86117043591665, 0.97069861347565]",True,-5.0,2.0,ok
capture,capture_4,conditional37,capture_4_detections.pkl,16,9709,9709,True,"[true, true, true]",3,3,"[0, 1, 2]",2.7034603382711158,3,True,2.7034603382711158,3.6258966203410528,0.009438921176670152,0.03801184539515828,2.280710723709497,0.09638814637373563,0.04730308143901141,0.12588401413574213,"{""0-1"": {""theta_deg"": -0.045768603144222375, ""A_D"": -0.12588401413574213}, ""0-2"": {""theta_deg"": -0.04730308143901141, ""A_D"": -0.017654885489532313}, ""1-2"": {""theta_deg"": -0.0015344782947890323, ""A_D"": 0.10822912864620982}}","[[-0.02526860987518642, -0.02978971199675673], [0.020499993269035954, 0.0960943021389854], [0.022034471563824987, -0.012134826507224417]]",False,True,"[-4.825507700178596, 0.9211005453763587]",True,-5.0,2.0,ok
capture,capture_4,conditional37,capture_4_detections.pkl,17,10700,10700,True,"[true, true, true]",3,3,"[0, 1, 2]",13.07603077201229,3,True,13.07603077201229,18.109872844226317,0.04580999711716674,0.3018015703078429,18.108094218470573,0.570788687362968,0.3743697144614234,0.7101852655715625,"{""0-1"": {""theta_deg"": 0.364700404242724, ""A_D"": 0.6873985985102877}, ""0-2"": {""theta_deg"": -0.009669310218699476, ""A_D"": -0.022786667061274746}, ""1-2"": {""theta_deg"": -0.3743697144614234, ""A_D"": -0.7101852655715625}}","[[0.14151681629291618, 0.2520082585037894], [-0.22318358794980778, -0.43539034000649834], [0.15118612651161567, 0.27479492556506413]]",False,True,"[-0.0989880356327015, 0.6562162081494]",True,0.0,2.0,ok
capture,capture_4,conditional37,capture_4_detections.pkl,17,11271,11271,True,"[true, true, true]",3,3,"[0, 1, 2]",1.2620687771598167,3,True,1.2620687771598167,1.780515637195237,0.0044214305453705765,0.026849411769632892,1.6109647061779735,0.0653990195462988,0.03628223669464453,0.09055255981028743,"{""0-1"": {""theta_deg"": -0.027838326393368, ""A_D"": -0.06157729429931558}, ""0-2"": {""theta_deg"": 0.00844391030127653, ""A_D"": 0.028975265510971848}, ""1-2"": {""theta_deg"": 0.03628223669464453, ""A_D"": 0.09055255981028743}}","[[-0.004509497379555083, -0.006710369441296882], [0.02332882901381292, 0.054866924858018695], [-0.012953407680831613, -0.03568563495226873]]",False,True,"[-0.19581162281737835, 1.225061894068891]",True,0.0,2.0,ok
capture,capture_4,conditional37,capture_4_detections.pkl,17,11843,11843,True,"[true, true, true]",3,3,"[0, 1, 2]",0.8980912230763957,3,True,0.8980912230763957,1.104361043296617,0.003144833562059673,0.032862930293201385,1.9717758175920832,0.058326980980271906,0.04157024143570767,0.08244953551489442,"{""0-1"": {""theta_deg"": 0.03878219135216679, ""A_D"": 0.08244953551489442}, ""0-2"": {""theta_deg"": -0.002788050083540883, ""A_D"": 0.039077528729503985}, ""1-2"": {""theta_deg"": -0.04157024143570767, ""A_D"": -0.04337200678539044}}","[[0.01628900068689909, 0.05066395444266614], [-0.0224931906652677, -0.031785581072228286], [0.019077050770439974, 0.011586425713162152]]",False,True,"[-0.15224198468764039, 1.1246094779761566]",True,0.0,2.0,ok
capture,capture_4,conditional37,capture_4_detections.pkl,17,12414,12414,True,"[true, true, true]",3,3,"[0, 1, 2]",1.5322385266446221,3,True,1.5322385266446221,1.8076171185622278,0.005362568790982352,0.027123449135618583,1.627406948137115,0.06719345647663973,0.03358761154034064,0.0947558057176161,"{""0-1"": {""theta_deg"": -0.03358761154034064, ""A_D"": -0.04117759221972239}, ""0-2"": {""theta_deg"": -0.0007492894864017385, ""A_D"": 0.05357821349789371}, ""1-2"": {""theta_deg"": 0.0328383220539389, ""A_D"": 0.0947558057176161}}","[[-0.005455049015761576, 0.01810084744713425], [0.02813256252457906, 0.05927843966685664], [-0.0047057595293598375, -0.03547736605075946]]",False,True,"[-0.13705629373334766, 1.144187651027506]",True,0.0,2.0,ok
capture,capture_4,conditional37,capture_4_detections.pkl,17,12985,12985,True,"[true, true, true]",3,3,"[0, 1, 2]",0.5973753825513729,3,True,0.5973753825513729,0.6647765308715429,0.002090372502775738,0.009987543460043971,0.5992526076026383,0.0379610195290863,0.012334085974812392,0.052585868998609175,"{""0-1"": {""theta_deg"": 0.012127687157615724, ""A_D"": 0.0356525975155324}, ""0-2"": {""theta_deg"": 0.012334085974812392, ""A_D"": 0.052585868998609175}, ""1-2"": {""theta_deg"": 0.00020639881719666797, ""A_D"": 0.016933271483076773}}","[[0.008958365247830502, 0.03567830116702053], [-0.003169321909785222, 2.5703651488129253e-05], [-0.00337572072698189, -0.016907567831588644]]",False,True,"[-0.14771488777222358, 1.0540032426368482]",True,0.0,2.0,ok
capture,capture_4,conditional37,capture_4_detections.pkl,17,13556,13556,True,"[true, true, true]",3,3,"[0, 1, 2]",0.7148162303694476,3,True,0.7148162303694476,0.9975684687313998,0.002501224834106183,0.019676762137780343,1.1806057282668205,0.05699809028461514,0.027565493561555188,0.0757380470170479,"{""0-1"": {""theta_deg"": 0.027565493561555188, ""A_D"": 0.0757380470170479}, ""0-2"": {""theta_deg"": 0.017079734174000938, ""A_D"": 0.061764307973712684}, ""1-2"": {""theta_deg"": -0.01048575938755425, ""A_D"": -0.01397373904333521}}","[[0.014127971581067711, 0.05141365226345118], [-0.013437521980487477, -0.024324394753596712], [-0.002951762592933227, -0.010350655710261503]]",False,True,"[-0.24752085023447118, 1.015600400467802]",True,0.0,2.0,ok
capture,capture_4,conditional37,capture_4_detections.pkl,17,14128,14128,True,"[true, true, true]",3,3,"[0, 1, 2]",0.5562373926147384,3,True,0.5562373926147384,0.7650323597996018,0.0019460603715564352,0.01613680622351434,0.9682083734108603,0.047580175604247155,0.022820858376345177,0.06619001482783515,"{""0-1"": {""theta_deg"": 0.011377416039672822, ""A_D"": 0.0435817189392107}, ""0-2"": {""theta_deg"": 0.022820858376345177, ""A_D"": 0.06619001482783515}, ""1-2"": {""theta_deg"": 0.011443442336672355, ""A_D"": 0.022608295888624452}}","[[0.00965073731510055, 0.04088940599835822], [-0.0017266787245722726, -0.0026923129408524815], [-0.013170121061244627, -0.025300608829476934]]",False,True,"[-0.21581651511860314, 1.0200673275876642]",True,0.0,2.0,ok
capture,capture_4,conditional37,capture_4_detections.pkl,17,14699,14699,True,"[true, true, true]",3,3,"[0, 1, 2]",1.4710981462517705,3,True,1.4710981462517705,1.9224358247413567,0.005146785366378644,0.05417230530697306,3.250338318418384,0.11190367474882931,0.06737510357929721,0.1554456713832979,"{""0-1"": {""theta_deg"": 0.06526926416670442, ""A_D"": 0.1554456713832979}, ""0-2"": {""theta_deg"": -0.0021058394125927915, ""A_D"": 0.05201036654563951}, ""1-2"": {""theta_deg"": -0.06737510357929721, ""A_D"": -0.10343530483765839}}","[[0.025698409750804424, 0.08238489974285357], [-0.0395708544159, -0.07306077164044433], [0.027804249163397216, 0.03037453319721406]]",False,True,"[-0.1573176890466245, 1.1830608482617666]",True,0.0,2.0,ok
capture,capture_4,conditional37,capture_4_detections.pkl,18,15690,15690,True,"[true, true, true]",3,3,"[0, 1, 2]",4.751879340019063,3,True,4.751879340019063,6.491122194178388,0.016655420909144885,0.3407366974021843,20.444201844131058,0.40337958710735944,0.4307248829346726,0.5114049475423275,"{""0-1"": {""theta_deg"": 0.40247016939567715, ""A_D"": 0.47461197942196387}, ""0-2"": {""theta_deg"": -0.028254713538995446, ""A_D"": -0.03679296812036359}, ""1-2"": {""theta_deg"": -0.4307248829346726, ""A_D"": -0.5114049475423275}}","[[0.12690681185691854, 0.14766205848885572], [-0.2755633575387586, -0.32694992093310815], [0.155161525395914, 0.1844550266092193]]",False,True,"[4.943014119676371, 1.6423405224150447]",True,5.0,2.0,ok
capture,capture_4,conditional37,capture_4_detections.pkl,18,16250,16250,True,"[true, true, true]",3,3,"[0, 1, 2]",0.6882574690429081,3,True,0.6882574690429081,0.9062109237072525,0.0024129645406176783,0.043161524473997424,2.5896914684398453,0.05515356746674535,0.06083832510649678,0.07773415647425153,"{""0-1"": {""theta_deg"": 0.06083832510649678, ""A_D"": 0.07773415647425153}, ""0-2"": {""theta_deg"": 0.034708619518456274, ""A_D"": 0.03330608062962037}, ""1-2"": {""theta_deg"": -0.026129705588040508, ""A_D"": -0.044428075844631154}}","[[0.024508958446461726, 0.030596411240432442], [-0.036329366660035056, -0.047137745233819084], [-0.010199661071994548, -0.0027096693891879298]]",False,True,"[5.221980126807315, 1.7984824603704865]",True,5.0,2.0,ok
capture,capture_4,conditional37,capture_4_detections.pkl,18,16810,16810,True,"[true, true, true]",3,3,"[0, 1, 2]",0.7666618979176313,3,True,0.7666618979176313,1.0697949477510693,0.0026917799841201556,0.04767812052365794,2.8606872314194765,0.06491775283757183,0.0671636535011979,0.09050007011235306,"{""0-1"": {""theta_deg"": -0.0671636535011979, ""A_D"": -0.09050007011235306}, ""0-2"": {""theta_deg"": -0.028425519808518374, ""A_D"": -0.03187936071026254}, ""1-2"": {""theta_deg"": 0.03873813369267953, ""A_D"": 0.05862070940209052}}","[[-0.026496829614159445, -0.036855868004318726], [0.04066682388703846, 0.05364420210803433], [0.0019286901943589285, -0.004976507294056187]]",False,True,"[5.2103307635657705, 1.7366862998024348]",True,5.0,2.0,ok
capture,capture_4,conditional37,capture_4_detections.pkl,18,17370,17370,True,"[true, true, true]",3,3,"[0, 1, 2]",0.8311610796329902,3,True,0.8311610796329902,1.152402641997554,0.0029185810787036364,0.06816542117875017,4.08992527072501,0.08194889823697793,0.09407883787482518,0.11100369080720784,"{""0-1"": {""theta_deg"": -0.06525112299843805, ""A_D"": -0.08434744045319853}, ""0-2"": {""theta_deg"": 0.028827714876387134, ""A_D"": 0.026656250354009314}, ""1-2"": {""theta_deg"": 0.09407883787482518, ""A_D"": 0.11100369080720784}}","[[-0.014263350856848156, -0.02076136112400917], [0.05098777214158989, 0.06358607932918936], [-0.04309106573323529, -0.047417611478018484]]",False,True,"[5.232084739186766, 1.6316311885515662]",True,5.0,2.0,ok
capture,capture_4,conditional37,capture_4_detections.pkl,18,17929,17929,True,"[true, true, true]",3,3,"[0, 1, 2]",1.0531192841843953,3,True,1.0531192841843953,1.4194462296439092,0.003695981367928474,0.0654214767553907,3.925288605323442,0.08470665569516132,0.08250872510409746,0.11020135852126045,"{""0-1"": {""theta_deg"": -0.07750608171895923, ""A_D"": -0.09577710626251146}, ""0-2"": {""theta_deg"": 0.005002643385138228, ""A_D"": 0.014424252258748993}, ""1-2"": {""theta_deg"": 0.08250872510409746, ""A_D"": 0.11020135852126045}}","[[-0.01812044559964754, -0.020019148179515334], [0.05938563611931169, 0.07575795808299612], [-0.023123088984785767, -0.03444340043826433]]",False,True,"[5.120757234860955, 1.679171470279092]",True,5.0,2.0,ok
capture,capture_4,conditional37,capture_4_detections.pkl,18,18489,18489,True,"[true, true, true]",3,3,"[0, 1, 2]",1.3826917344215761,3,True,1.3826917344215761,1.746609135481868,0.004851328408412119,0.08637705334466217,5.18262320067973,0.1053091497447983,0.10916664202878135,0.14091861580624543,"{""0-1"": {""theta_deg"": -0.10205411432859446, ""A_D"": -0.11219039127508146}, ""0-2"": {""theta_deg"": 0.007112527700186888, ""A_D"": 0.02872822453116397}, ""1-2"": {""theta_deg"": 0.10916664202878135, ""A_D"": 0.14091861580624543}}","[[-0.02116674058337864, -0.014371890169388779], [0.08088737374521582, 0.09781850110569268], [-0.02827926828356553, -0.04310011470055275]]",False,True,"[5.105072008579748, 1.6500872260429402]",True,5.0,2.0,ok
capture,capture_4,conditional37,capture_4_detections.pkl,18,19049,19049,True,"[true, true, true]",3,3,"[0, 1, 2]",1.445762065131981,3,True,1.445762065131981,1.9616432392846848,0.005071969589779973,0.09416201521459323,5.649720912875594,0.11855402826860202,0.12843448503682353,0.16131638489660682,"{""0-1"": {""theta_deg"": 0.12843448503682353, ""A_D"": 0.16131638489660682}, ""0-2"": {""theta_deg"": 0.03375144277666209, ""A_D"": 0.04109363253686138}, ""1-2"": {""theta_deg"": -0.09468304226016144, ""A_D"": -0.12022275235974544}}","[[0.04950707028249113, 0.06511262027145781], [-0.0789274147543324, -0.09620376462514901], [0.01575562750582904, 0.02401898773459643]]",False,True,"[4.961202190774775, 1.4358701868643384]",True,5.0,2.0,ok
capture,capture_4,conditional37,capture_4_detections.pkl,18,19609,19609,True,"[true, true, true]",3,3,"[0, 1, 2]",0.8800925411387178,3,True,0.8800925411387178,1.0803124387923042,0.003088009749270902,0.04355136131152674,2.6130816786916045,0.054985800749214386,0.057765342192412916,0.06985411601472791,"{""0-1"": {""theta_deg"": -0.057765342192412916, ""A_D"": -0.06451521920232772}, ""0-2"": {""theta_deg"": -0.01037711681713116, ""A_D"": 0.0053388968124001845}, ""1-2"": {""theta_deg"": 0.047388225375281756, ""A_D"": 0.06985411601472791}}","[[-0.013512015291647472, -0.00919917192788855], [0.044253326900765444, 0.05531604727443917], [-0.003134898474516312, -0.014538068740288734]]",False,True,"[5.07469877086338, 1.5681031467621303]",True,5.0,2.0,ok
capture,capture_4,conditional37,capture_4_detections.pkl,19,20680,20680,False,"[false, false, false]",3,0,[],,0,False,,,,,,,,,null,null,False,False,null,False,10.0,2.0,invalid_input
capture,capture_4,conditional37,capture_4_detections.pkl,19,21343,21343,True,"[true, true, true]",3,3,"[0, 1, 2]",1.3988566416266672,3,True,1.3988566416266672,1.8260661150620827,0.00490620828223326,0.2443962219093809,14.663773314562855,0.2856354222076183,0.34441189181218235,0.40203977050432416,"{""0-1"": {""theta_deg"": 0.34441189181218235, ""A_D"": 0.40203977050432416}, ""0-2"": {""theta_deg"": 0.19729790695209637, ""A_D"": 0.2349964776241067}, ""1-2"": {""theta_deg"": -0.14711398486008598, ""A_D"": -0.16704329288021746}}","[[0.18998142637496684, 0.22897501332466863], [-0.1544304654372155, -0.17306475717965553], [-0.007316480577129525, -0.006021464299438062]]",False,True,"[11.041848180523314, 2.9307458769407138]",True,10.0,2.0,ok
capture,capture_4,conditional37,capture_4_detections.pkl,19,22005,22005,True,"[true, true, true]",3,3,"[0, 1, 2]",1.9451554020302915,3,True,1.9451554020302915,2.768762007957703,0.0068207025724056364,0.30729253344409313,18.43755200664559,0.3410098792307499,0.41970977400547405,0.4707553139931897,"{""0-1"": {""theta_deg"": 0.41970977400547405, ""A_D"": 0.4707553139931897}, ""0-2"": {""theta_deg"": 0.11225452394532276, ""A_D"": 0.1446931359368464}, ""1-2"": {""theta_deg"": -0.3074552500601513, ""A_D"": -0.3260621780563433}}","[[0.1831303528347057, 0.2165890301634943], [-0.23657942117076836, -0.2541662838296954], [0.07087582888938293, 0.07189589422664788]]",False,True,"[10.925657253456789, 2.720368475279466]",True,10.0,2.0,ok
capture,capture_4,conditional37,capture_4_detections.pkl,19,22668,22668,True,"[true, true, true]",3,3,"[0, 1, 2]",1.667369953299167,3,True,1.667369953299167,2.3775445878418884,0.0058460291134724155,0.25840902190234283,15.50454131414057,0.28284928765409545,0.333934737240833,0.37546447019507045,"{""0-1"": {""theta_deg"": 0.333934737240833, ""A_D"": 0.37546447019507045}, ""0-2"": {""theta_deg"": 0.03840404823427335, ""A_D"": 0.06825251713044622}, ""1-2"": {""theta_deg"": -0.29553068900655965, ""A_D"": -0.30721195306462423}}","[[0.13097392970175648, 0.1585730689171676], [-0.20296080753907653, -0.21689140127790285], [0.09256988146748313, 0.09032055178672138]]",False,True,"[10.925128765848198, 2.64661546404965]",True,10.0,2.0,ok
capture,capture_4,conditional37,capture_4_detections.pkl,19,23331,23331,True,"[true, true, true]",3,3,"[0, 1, 2]",3.488497033901267,3,True,3.488497033901267,5.059378147012096,0.012233290691741729,0.4778124060920492,28.668744365522954,0.5114853765232819,0.6195531835983381,0.6708432897001901,"{""0-1"": {""theta_deg"": 0.6195531835983381, ""A_D"": 0.6708432897001901}, ""0-2"": {""theta_deg"": 0.07616915903410693, ""A_D"": 0.10110797454058229}, ""1-2"": {""theta_deg"": -0.5433840245642312, ""A_D"": -0.5697353151596078}}","[[0.22925000556237762, 0.26132146145429935], [-0.3903031780359605, -0.4095218282458908], [0.1530808465282707, 0.16021348691371706]]",False,True,"[10.76619574989752, 2.482629644940583]",True,10.0,2.0,ok
capture,capture_4,conditional37,capture_4_detections.pkl,19,23994,23994,True,"[true, true, true]",3,3,"[0, 1, 2]",4.376041862969884,3,True,4.376041862969884,6.347167362093752,0.015345870355347496,0.5703206137154765,34.219236822928586,0.5949259929993783,0.7088603014798345,0.7567818915643449,"{""0-1"": {""theta_deg"": 0.7088603014798345, ""A_D"": 0.7567818915643449}, ""0-2"": {""theta_deg"": 0.021209190440846015, ""A_D"": 0.060010226878430384}, ""1-2"": {""theta_deg"": -0.6876511110389885, ""A_D"": -0.6967716646859146}}","[[0.2502827890277892, 0.286971074928168], [-0.45857751245204526, -0.46981081663617696], [0.2290735985869432, 0.2269608480497376]]",False,True,"[10.531956720193666, 2.26655903244736]",True,10.0,2.0,ok
capture,capture_4,conditional37,capture_4_detections.pkl,19,24656,24656,True,"[true, true, true]",3,3,"[0, 1, 2]",4.263453530303489,3,True,4.263453530303489,6.18984028977426,0.014955523175027982,0.5593361194716454,33.560167168298726,0.5829127183475881,0.6940789849051043,0.72106048857734,"{""0-1"": {""theta_deg"": 0.6756366833310246, ""A_D"": 0.72106048857734}, ""0-2"": {""theta_deg"": -0.018442301574079778, ""A_D"": 0.014503244364505452}, ""1-2"": {""theta_deg"": -0.6940789849051043, ""A_D"": -0.7065572442128345}}","[[0.22290819623209046, 0.255457318969194], [-0.4527284870989341, -0.46560316960814596], [0.24135049780617024, 0.24095407460468854]]",False,True,"[10.56807851303343, 2.3072942561169647]",True,10.0,2.0,ok
capture,capture_4,conditional37,capture_4_detections.pkl,19,25319,25319,True,"[true, true, true]",3,3,"[0, 1, 2]",5.452953323555588,3,True,5.452953323555588,7.881948969813659,0.019130160512410566,0.6475548459308845,38.853290755853074,0.6595381097298991,0.8023581128758384,0.814900605999199,"{""0-1"": {""theta_deg"": 0.7834839239973057, ""A_D"": 0.814900605999199}, ""0-2"": {""theta_deg"": -0.01887418887853265, ""A_D"": 0.014463625062883345}, ""1-2"": {""theta_deg"": -0.8023581128758384, ""A_D"": -0.8004369809363157}}","[[0.2609630360193478, 0.2907092993877276], [-0.5225208879779579, -0.5241913066114714], [0.27983722489788043, 0.27624567432484426]]",False,True,"[10.266828692165163, 2.0527753287244512]",True,10.0,2.0,ok
gaze,gaze_+0,conditional27,capture_1_detections.pkl,2,11090,11090,True,"[true, true, true]",3,3,"[0, 1, 2]",3.198167908962218,3,True,3.198167908962218,4.093460420007264,0.01119720273787949,0.11296392060103835,6.777835236062301,0.16772875883223196,0.1595045342446931,0.2272042125539112,"{""0-1"": {""theta_deg"": -0.1595045342446931, ""A_D"": -0.2272042125539112}, ""0-2"": {""theta_deg"": -0.07200638415949547, ""A_D"": -0.054584404208682935}, ""1-2"": {""theta_deg"": 0.08749815008519764, ""A_D"": 0.17261980834522828}}","[[-0.05895812376239934, -0.07508542496412074], [0.10054641048229376, 0.15211878758979047], [0.01304826039709613, -0.020501020755437804]]",False,True,"[-0.01518249417340997, 0.7611035690890895]",True,0.0,0.36036036036036034,ok
gaze,gaze_+0,conditional27,capture_1_detections.pkl,2,11650,11650,True,"[true, true, true]",3,3,"[0, 1, 2]",1.8426754537378796,3,True,1.8426754537378796,2.142796657997374,0.006458398284425817,0.0679645858478943,4.077875150873658,0.10124291366527088,0.0872839898513437,0.13843150382449665,"{""0-1"": {""theta_deg"": -0.07849749995624902, ""A_D"": -0.13843150382449665}, ""0-2"": {""theta_deg"": -0.0872839898513437, ""A_D"": -0.10088167070227427}, ""1-2"": {""theta_deg"": -0.008786489895094673, ""A_D"": 0.037549833122222376}}","[[-0.0406951563437776, -0.07022386755085652], [0.03780234361247142, 0.06820763627364013], [0.046588833507566096, 0.03065780315141775]]",False,True,"[-0.17193323887930334, 0.6514851113315433]",True,0.0,0.36036036036036034,ok
gaze,gaze_+0,conditional27,capture_1_detections.pkl,2,12210,12210,True,"[true, true, true]",3,3,"[0, 1, 2]",0.9633618276797435,3,True,0.9633618276797435,1.3609756065280993,0.003373667672757865,0.06286915159419064,3.7721490956514385,0.07165374250929712,0.08063186163257617,0.09457474032972735,"{""0-1"": {""theta_deg"": 0.007871015952648774, ""A_D"": 0.015773847796577645}, ""0-2"": {""theta_deg"": -0.0727608456799274, ""A_D"": -0.0788008925331497}, ""1-2"": {""theta_deg"": -0.08063186163257617, ""A_D"": -0.09457474032972735}}","[[-0.01217520798127869, -0.015006358236257178], [-0.020046223933927465, -0.030780206032834823], [0.060585637698648706, 0.06379453429689252]]",False,True,"[-0.17406440431625078, 0.611800428647526]",True,0.0,0.36036036036036034,ok
gaze,gaze_+0,conditional27,capture_1_detections.pkl,2,12770,12770,True,"[true, true, true]",3,3,"[0, 1, 2]",1.9305189869754729,3,True,1.9305189869754729,2.3751131995905506,0.006758382833416242,0.11659185925760353,6.995511555456211,0.13168602719046477,0.16040301545512664,0.1862249543571055,"{""0-1"": {""theta_deg"": 0.047131174460508934, ""A_D"": 0.09169317564885004}, ""0-2"": {""theta_deg"": -0.1132718409946177, ""A_D"": -0.09453177870825547}, ""1-2"": {""theta_deg"": -0.16040301545512664, ""A_D"": -0.1862249543571055}}","[[-0.004725667898124369, 0.014444863837810074], [-0.051856842358633304, -0.07724831181103997], [0.10854617309649334, 0.10897664254606554]]",False,True,"[-0.15301745743512027, 0.6254256937408018]",True,0.0,0.36036036036036034,ok
gaze,gaze_+0,conditional27,capture_1_detections.pkl,2,13329,13329,True,"[true, true, true]",3,3,"[0, 1, 2]",1.860909542059042,3,True,1.860909542059042,2.496162198294991,0.0065158085143674025,0.07546852644887685,4.528111586932611,0.11078524718633087,0.10584748115212159,0.15299117486287017,"{""0-1"": {""theta_deg"": 0.041071281891860045, ""A_D"": 0.10574164360596328}, ""0-2"": {""theta_deg"": -0.06477619926026154, ""A_D"": -0.047249531256906896}, ""1-2"": {""theta_deg"": -0.10584748115212159, ""A_D"": -0.15299117486287017}}","[[0.0005595750587042148, 0.0287263742748306], [-0.04051170683315583, -0.07701526933113267], [0.06533577431896576, 0.0759759055317375]]",False,True,"[-0.19138687741909366, 0.5803867024686843]",True,0.0,0.36036036036036034,ok
gaze,gaze_+0,conditional27,capture_1_detections.pkl,2,13889,13889,True,"[true, true, true]",3,3,"[0, 1, 2]",3.8254772511424604,3,True,3.8254772511424604,5.2858943168477035,0.013396401398797463,0.13802119238207625,8.281271542924575,0.21570362804509433,0.19459521976902316,0.292620896934543,"{""0-1"": {""theta_deg"": 0.11049986924188454, ""A_D"": 0.220955212085641}, ""0-2"": {""theta_deg"": -0.08409535052713862, ""A_D"": -0.07166568484890201}, ""1-2"": {""theta_deg"": -0.19459521976902316, ""A_D"": -0.292620896934543}}","[[0.020462793954484193, 0.060749035695795595], [-0.09003707528740035, -0.1602061763898454], [0.10455814448162282, 0.1324147205446976]]",False,True,"[-0.2718737300128936, 0.5275174011689683]",True,0.0,0.36036036036036034,ok
gaze,gaze_+0,conditional27,capture_1_detections.pkl,2,14449,14449,True,"[true, true, true]",3,3,"[0, 1, 2]",3.0066225423416997,3,True,3.0066225423416997,4.118946119889254,0.01052566824156867,0.1169679620735665,7.01807772441399,0.17766386476710797,0.1654102848110517,0.24323680876309495,"{""0-1"": {""theta_deg"": 0.08135071023298757, ""A_D"": 0.17614880336263905}, ""0-2"": {""theta_deg"": -0.08405957457806412, ""A_D"": -0.0670880054004559}, ""1-2"": {""theta_deg"": -0.1654102848110517, ""A_D"": -0.24323680876309495}}","[[0.010421611429970362, 0.047773009760464724], [-0.0709290988030172, -0.12837579360217433], [0.09448118600803448, 0.11486101516092062]]",False,True,"[-0.22056863913630073, 0.571447458336409]",True,0.0,0.36036036036036034,ok
gaze,gaze_+0,conditional27,capture_1_detections.pkl,2,15009,15009,True,"[true, true, true]",3,3,"[0, 1, 2]",3.091216199134434,3,True,3.091216199134434,4.061901881996034,0.010816328970719595,0.14063073420832337,8.437844052499402,0.19443066135414264,0.19744900793338738,0.26768826619676434,"{""0-1"": {""theta_deg"": 0.0780866248230177, ""A_D"": 0.18826992861247294}, ""0-2"": {""theta_deg"": -0.11936238311036969, ""A_D"": -0.0794183375842914}, ""1-2"": {""theta_deg"": -0.19744900793338738, ""A_D"": -0.26768826619676434}}","[[0.004718607246985529, 0.05682542866047269], [-0.07336801757603217, -0.13144449995200025], [0.12408099035735522, 0.1362437662447641]]",False,True,"[-0.13700043001391082, 0.6230383383811743]",True,0.0,0.36036036036036034,ok
gaze,gaze_+0,conditional27,capture_2_detections.pkl,7,12300,12300,True,"[true, true, true]",3,3,"[0, 1, 2]",1.5639956746625852,3,True,1.5639956746625852,2.223519560624696,0.005473862580782434,0.12616540171915,7.569924103149,0.13052900588433977,0.17816895162532925,0.18205592894645672,"{""0-1"": {""theta_deg"": 0.09735680281176566, ""A_D"": 0.064599549512943}, ""0-2"": {""theta_deg"": -0.08081214881356359, ""A_D"": -0.11745637943351372}, ""1-2"": {""theta_deg"": -0.17816895162532925, ""A_D"": -0.18205592894645672}}","[[0.00143763307773076, -0.029474403291495754], [-0.0959191697340349, -0.09407395280443875], [0.08224978189129435, 0.08798197614201797]]",False,True,"[0.12217682931180555, 3.954755433186957]",True,0.0,4.0,ok
gaze,gaze_+0,conditional27,capture_2_detections.pkl,7,12871,12871,True,"[true, true, true]",3,3,"[0, 1, 2]",2.1463031276278546,3,True,2.1463031276278546,3.012148388715231,0.007507836771511266,0.28247826163252154,16.948695697951294,0.29013108780331454,0.3976862549159594,0.40752938106661274,"{""0-1"": {""theta_deg"": 0.16605312241702475, ""A_D"": 0.16248606603466786}, ""0-2"": {""theta_deg"": -0.23163313249893464, ""A_D"": -0.24504331503194487}, ""1-2"": {""theta_deg"": -0.3976862549159594, ""A_D"": -0.40752938106661274}}","[[0.010363386751316178, -0.0017035234721096693], [-0.15568973566570854, -0.16418958950677753], [0.24199651925025084, 0.2433397915598352]]",False,True,"[0.04580534140146876, 3.8418372426647567]",True,0.0,4.0,ok
gaze,gaze_+0,conditional27,capture_2_detections.pkl,7,13443,13443,True,"[true, true, true]",3,3,"[0, 1, 2]",1.8797158068239326,3,True,1.8797158068239326,2.658214695774036,0.006573862827957412,0.21473035912011507,12.883821547206903,0.22799961952657716,0.29053928119311206,0.2899310393637271,"{""0-1"": {""theta_deg"": 0.06875895340435595, ""A_D"": 0.02277413673487505}, ""0-2"": {""theta_deg"": -0.22178032778875612, ""A_D"": -0.26715690262885206}, ""1-2"": {""theta_deg"": -0.29053928119311206, ""A_D"": -0.2899310393637271}}","[[-0.03553112362952501, -0.0760325568990976], [-0.10429007703388096, -0.09880669363397265], [0.1862492041592311, 0.19112434572975445]]",False,True,"[-0.007830269632655599, 4.052658781979235]",True,0.0,4.0,ok
gaze,gaze_+0,conditional27,capture_2_detections.pkl,7,14014,14014,True,"[true, true, true]",3,3,"[0, 1, 2]",1.7715996576290538,3,True,1.7715996576290538,2.3878147029278365,0.006190356251614815,0.19825725762130386,11.895435457278232,0.1985966809428149,0.2563981377232196,0.2734399710709323,"{""0-1"": {""theta_deg"": -0.029944773645936104, ""A_D"": -0.0811871197009073}, ""0-2"": {""theta_deg"": -0.2563981377232196, ""A_D"": -0.2734399710709323}, ""1-2"": {""theta_deg"": -0.2264533640772835, ""A_D"": -0.192252851370025}}","[[-0.0584049309612789, -0.08704782236824737], [-0.028460157315342793, -0.0058607026673400675], [0.1979932067619407, 0.18639214870268495]]",False,True,"[-0.08172565542172631, 3.967179991381007]",True,0.0,4.0,ok
gaze,gaze_+0,conditional27,capture_2_detections.pkl,7,14585,14585,True,"[true, true, true]",3,3,"[0, 1, 2]",3.6360609576088976,3,True,3.6360609576088976,4.981947407163864,0.012705987145218537,0.4937339499800948,29.624036998805686,0.5707651274348673,0.6939790997971915,0.8016567377901778,"{""0-1"": {""theta_deg"": 0.4137321661788243, ""A_D"": 0.48249293961163664}, ""0-2"": {""theta_deg"": -0.2802469336183672, ""A_D"": -0.3191637981785411}, ""1-2"": {""theta_deg"": -0.6939790997971915, ""A_D"": -0.8016567377901778}}","[[0.07598685985980229, 0.07540640847542646], [-0.337745306319022, -0.4070865311362102], [0.3562337934781695, 0.3945702066539676]]",False,True,"[-0.1622091199024718, 3.8192931782754176]",True,0.0,4.0,ok
gaze,gaze_+0,conditional27,capture_2_detections.pkl,7,15156,15156,False,"[false, false, false]",3,0,[],,0,False,,,,,,,,,null,null,False,False,null,False,0.0,4.0,insufficient_P4_support
gaze,gaze_+0,conditional27,capture_2_detections.pkl,7,15728,15728,True,"[true, true, true]",3,3,"[0, 1, 2]",3.9092578348908607,3,True,3.9092578348908607,5.321992551577578,0.013666087693199012,0.5192776884892082,31.15666130935249,0.5975475965774706,0.7326520558623305,0.8439296445932012,"{""0-1"": {""theta_deg"": 0.4097967125883926, ""A_D"": 0.4598034466883796}, ""0-2"": {""theta_deg"": -0.3228553432739379, ""A_D"": -0.3841261979048216}, ""1-2"": {""theta_deg"": -0.7326520558623305, ""A_D"": -0.8439296445932012}}","[[0.05823285537943068, 0.04015279537988414], [-0.35156385720896194, -0.41965065130849544], [0.38108819865336857, 0.42427899328470575]]",False,True,"[-0.19219029663957848, 3.8268806780408933]",True,0.0,4.0,ok
gaze,gaze_+0,conditional27,capture_2_detections.pkl,7,16299,16299,True,"[true, true, true]",3,3,"[0, 1, 2]",3.922714323581673,3,True,3.922714323581673,5.349899836539066,0.013714416966653221,0.5495977392724647,32.975864356347884,0.6264494891812312,0.7764397737720281,0.8849907440517253,"{""0-1"": {""theta_deg"": 0.41891957416027525, ""A_D"": 0.4778787148614194}, ""0-2"": {""theta_deg"": -0.35752019961175285, ""A_D"": -0.40711202919030587}, ""1-2"": {""theta_deg"": -0.7764397737720281, ""A_D"": -0.8849907440517253}}","[[0.06120703428871069, 0.051270048822195324], [-0.3577125398715646, -0.4266086660392241], [0.41872723390046357, 0.4583820780125012]]",False,True,"[-0.20045865838997315, 3.870455692304074]",True,0.0,4.0,ok
gaze,gaze_+0,conditional27,capture_3_detections.pkl,12,11500,11500,True,"[true, true, true]",3,3,"[0, 1, 2]",3.2048661528439637,3,True,3.2048661528439637,4.130048055840116,0.011215804598823386,0.2788171105987134,16.729026635922803,0.366811988572971,0.3919619298502248,0.49768673205144376,"{""0-1"": {""theta_deg"": 0.15879419436099473, ""A_D"": 0.12212521422318057}, ""0-2"": {""theta_deg"": -0.2331677354892301, ""A_D"": -0.3755615178282632}, ""1-2"": {""theta_deg"": -0.3919619298502248, ""A_D"": -0.49768673205144376}}","[[-0.021578409536786358, -0.10295056671746616], [-0.1803726038977811, -0.22507578094064673], [0.21158932595244373, 0.27261095111079703]]",False,True,"[-1.5199332612537235, 2.9554804204616016]",True,0.0,3.0,ok
gaze,gaze_+0,conditional27,capture_3_detections.pkl,12,12071,12071,True,"[true, true, true]",3,3,"[0, 1, 2]",2.9097223005400874,3,True,2.9097223005400874,4.202036789685186,0.010177079661378676,0.29217875622517486,17.530725373510492,0.29830236675253996,0.41266305706546214,0.4207951340512781,"{""0-1"": {""theta_deg"": 0.18804111071422297, ""A_D"": 0.18441595074940542}, ""0-2"": {""theta_deg"": -0.22462194635123917, ""A_D"": -0.2363791833018727}, ""1-2"": {""theta_deg"": -0.41266305706546214, ""A_D"": -0.4207951340512781}}","[[0.02462106128021052, 0.013237153090436049], [-0.16342004943401245, -0.17117879765896937], [0.2492430076314497, 0.24961633639230874]]",False,True,"[-0.42906691533128527, 3.1120731566297]",True,0.0,3.0,ok
gaze,gaze_+0,conditional27,capture_3_detections.pkl,12,12643,12643,False,"[false, false, false]",3,0,[],,0,False,,,,,,,,,null,null,False,False,null,False,0.0,3.0,insufficient_P4_support
gaze,gaze_+0,conditional27,capture_3_detections.pkl,12,13214,13214,True,"[true, true, true]",3,3,"[0, 1, 2]",2.2154933532677648,3,True,2.2154933532677648,3.0781617985972445,0.007749222031800976,0.19449921260499783,11.66995275629987,0.28917120004936814,0.26963534668714284,0.4065164825544554,"{""0-1"": {""theta_deg"": 0.26963534668714284, ""A_D"": 0.4065164825544554}, ""0-2"": {""theta_deg"": 0.18190801650036348, ""A_D"": 0.24183590924267628}, ""1-2"": {""theta_deg"": -0.08772733018677939, ""A_D"": -0.1646805733117791}}","[[0.14274212933253433, 0.21836551246732183], [-0.12689321735460854, -0.18815097008713355], [-0.039165887167829164, -0.023470396775354452]]",False,True,"[-0.026476615874649296, 3.2025494080716417]",True,0.0,3.0,ok
gaze,gaze_+0,conditional27,capture_3_detections.pkl,12,13785,13785,True,"[true, true, true]",3,3,"[0, 1, 2]",1.2359438947907755,3,True,1.2359438947907755,1.58502665154939,0.004321380506982328,0.11156342803134406,6.693805681880644,0.14208116856914874,0.1538673683529132,0.1996637128576233,"{""0-1"": {""theta_deg"": -0.10715325446243223, ""A_D"": -0.11936104020319682}, ""0-2"": {""theta_deg"": 0.04671411389048097, ""A_D"": 0.08030267265442648}, ""1-2"": {""theta_deg"": 0.1538673683529132, ""A_D"": 0.1996637128576233}}","[[-0.012398159500601663, -6.879159107686661e-05], [0.09475509496183057, 0.11929224861211996], [-0.05911227339108263, -0.08037146424550334]]",False,True,"[-0.1975355777841413, 2.99662145295902]",True,0.0,3.0,ok
gaze,gaze_+0,conditional27,capture_3_detections.pkl,12,14356,14356,True,"[true, true, true]",3,3,"[0, 1, 2]",1.2143604992541592,3,True,1.2143604992541592,1.5443949327702626,0.004247692478395689,0.08674668127788612,5.2048008766731675,0.15124373665736168,0.11376722367746742,0.18767780929532973,"{""0-1"": {""theta_deg"": 0.0966358970765859, ""A_D"": 0.18269148896968357}, ""0-2"": {""theta_deg"": 0.11376722367746742, ""A_D"": 0.18767780929532973}, ""1-2"": {""theta_deg"": 0.017131326600881513, ""A_D"": 0.004986320325646165}}","[[0.07774852910196714, 0.14273815562803627], [-0.018887367974618763, -0.0399533333416473], [-0.036018694575500276, -0.04493965366729347]]",False,True,"[0.16635655593552848, 2.751349861050183]",True,0.0,3.0,ok
gaze,gaze_+0,conditional27,capture_3_detections.pkl,12,14928,14928,True,"[true, true, true]",3,3,"[0, 1, 2]",2.785868248310442,3,True,2.785868248310442,3.811257125341133,0.009735689863311765,0.30020669407840206,18.012401644704124,0.3580497618858639,0.40867572102455907,0.492261358701541,"{""0-1"": {""theta_deg"": -0.3039581648584192, ""A_D"": -0.3488853095470317}, ""0-2"": {""theta_deg"": 0.10471755616613984, ""A_D"": 0.1433760491545093}, ""1-2"": {""theta_deg"": 0.40867572102455907, ""A_D"": 0.492261358701541}}","[[-0.05869718666472691, -0.05386895149171522], [0.2452609781936923, 0.29501635805531645], [-0.16341474283086677, -0.19724500064622452]]",False,True,"[-0.08295395877765467, 3.181927973274208]",True,0.0,3.0,ok
gaze,gaze_+0,conditional27,capture_3_detections.pkl,12,15499,15499,True,"[true, true, true]",3,3,"[0, 1, 2]",0.94393576078348,3,True,0.94393576078348,1.231083742550131,0.003299549532712247,0.05408091437656204,3.2448548625937224,0.10144802590020445,0.07648000836833166,0.14062236163559128,"{""0-1"": {""theta_deg"": 0.03776651744465562, ""A_D"": 0.09493975151514977}, ""0-2"": {""theta_deg"": 0.07648000836833166, ""A_D"": 0.14062236163559128}, ""1-2"": {""theta_deg"": 0.03871349092367604, ""A_D"": 0.0456826101204415}}","[[0.05102778645861233, 0.10125757229880916], [0.01326126901395671, 0.006317820783659389], [-0.02545222190971933, -0.03936478933678211]]",False,True,"[0.05410634378944731, 3.1407213689867315]",True,0.0,3.0,ok
gaze,gaze_+0,conditional27,capture_4_detections.pkl,17,10700,10700,True,"[true, true, true]",3,3,"[0, 1, 2]",14.057823234258395,3,True,14.057823234258395,19.458983822639727,0.049249566100241914,0.6190721229056106,37.14432737433664,0.9261947680073026,0.780109298245139,1.155261342503693,"{""0-1"": {""theta_deg"": 0.7342167506559846, ""A_D"": 1.1122179375737962}, ""0-2"": {""theta_deg"": -0.0458925475891544, ""A_D"": -0.04304340492989689}, ""1-2"": {""theta_deg"": -0.780109298245139, ""A_D"": -1.155261342503693}}","[[0.28535851089078546, 0.41153089611073224], [-0.4488582397651991, -0.7006870414630639], [0.33125105847993985, 0.4545743010406291]]",False,True,"[-0.15146275274017976, 1.1183304447493754]",True,0.0,2.0,ok
gaze,gaze_+0,conditional27,capture_4_detections.pkl,17,11271,11271,True,"[true, true, true]",3,3,"[0, 1, 2]",0.6511059356458421,3,True,0.6511059356458421,0.9909406080420488,0.0022810323210872585,0.015169754366906813,0.9101852620144087,0.03567383656309481,0.021280271496949492,0.04813021113400695,"{""0-1"": {""theta_deg"": -0.021280271496949492, ""A_D"": -0.04813021113400695}, ""0-2"": {""theta_deg"": -0.008285416000708213, ""A_D"": -0.010967548358022272}, ""1-2"": {""theta_deg"": 0.012994855496241277, ""A_D"": 0.03716266277598468}}","[[-0.0074384095354755805, -0.01853355143560198], [0.01384186196147391, 0.02959665969840497], [0.0008470064652326328, -0.007566003077579708]]",False,True,"[-0.013309403582496961, 1.956563000459062]",True,0.0,2.0,ok
gaze,gaze_+0,conditional27,capture_4_detections.pkl,17,11843,11843,True,"[true, true, true]",3,3,"[0, 1, 2]",1.3495065511019373,3,True,1.3495065511019373,1.8795173872236108,0.004725548346399728,0.10440328472659345,6.264197083595607,0.1355254694169564,0.13349961399683055,0.17155298826193777,"{""0-1"": {""theta_deg"": 0.12137085229760508, ""A_D"": 0.17155298826193777}, ""0-2"": {""theta_deg"": -0.012128761699225468, ""A_D"": 0.011763600289225629}, ""1-2"": {""theta_deg"": -0.13349961399683055, ""A_D"": -0.15978938797271214}}","[[0.043357239571649664, 0.07007251105345413], [-0.07801361272595542, -0.10148047720848363], [0.05548600127087513, 0.058308910764228505]]",False,True,"[-0.016504733463644866, 1.802213101164776]",True,0.0,2.0,ok
gaze,gaze_+0,conditional27,capture_4_detections.pkl,17,12414,12414,True,"[true, true, true]",3,3,"[0, 1, 2]",0.8458458639894585,3,True,0.8458458639894585,0.979194644016773,0.0029603136543918814,0.01775793317025438,1.0654759902152628,0.03522178994800262,0.024792573776054098,0.049743668236383654,"{""0-1"": {""theta_deg"": -0.024792573776054098, ""A_D"": -0.027116234595663258}, ""0-2"": {""theta_deg"": -0.008930381539057279, ""A_D"": 0.022627433640720396}, ""1-2"": {""theta_deg"": 0.01586219223699682, ""A_D"": 0.049743668236383654}}","[[-0.0005915692742898869, 0.012817947944903096], [0.02420100450176421, 0.039934182540566354], [0.008338812264767391, -0.0098094856958173]]",False,True,"[0.004234767843444532, 1.8263990545399007]",True,0.0,2.0,ok
gaze,gaze_+0,conditional27,capture_4_detections.pkl,17,12985,12985,True,"[true, true, true]",3,3,"[0, 1, 2]",0.7120239386019314,3,True,0.7120239386019314,0.9607707615549457,0.002491557747516587,0.052984186956458894,3.1790512173875336,0.0709127329677989,0.0659280949012937,0.09451765160951231,"{""0-1"": {""theta_deg"": 0.06380397008625008, ""A_D"": 0.09451765160951231}, ""0-2"": {""theta_deg"": -0.002124124815043607, ""A_D"": 0.018228949881654577}, ""1-2"": {""theta_deg"": -0.0659280949012937, ""A_D"": -0.07628870172785773}}","[[0.025000542027451035, 0.044163121409476425], [-0.03880342805879905, -0.050354530200035885], [0.027124666842494642, 0.025934171527821848]]",False,True,"[-0.04759906427124089, 1.6937783893392608]",True,0.0,2.0,ok
gaze,gaze_+0,conditional27,capture_4_detections.pkl,17,13556,13556,True,"[true, true, true]",3,3,"[0, 1, 2]",1.187404334056096,3,True,1.187404334056096,1.6397820899918294,0.004154865379779382,0.07911832377012064,4.747099426207238,0.11797450673436904,0.0994268215178312,0.15748761373242148,"{""0-1"": {""theta_deg"": 0.0994268215178312, ""A_D"": 0.15748761373242148}, ""0-2"": {""theta_deg"": 0.0052691298395840525, ""A_D"": 0.03104459304169116}, ""1-2"": {""theta_deg"": -0.09415769167824714, ""A_D"": -0.12644302069073032}}","[[0.038391275854120555, 0.06957749895794763], [-0.06103554566371064, -0.08791011477447386], [0.0331221460145365, 0.038532905916256466]]",False,True,"[-0.16020659332977466, 1.6542312582335579]",True,0.0,2.0,ok
gaze,gaze_+0,conditional27,capture_4_detections.pkl,17,14128,14128,True,"[true, true, true]",3,3,"[0, 1, 2]",0.7446902954390656,3,True,0.7446902954390656,0.9983229180854052,0.0026053844856136345,0.049169322409979975,2.9501593445987986,0.07664073526257488,0.06487637882797702,0.10608361319910742,"{""0-1"": {""theta_deg"": 0.06487637882797702, ""A_D"": 0.10608361319910742}, ""0-2"": {""theta_deg"": 0.01076504930897719, ""A_D"": 0.03379593144801141}, ""1-2"": {""theta_deg"": -0.05411132951899983, ""A_D"": -0.07228768175109601}}","[[0.027606565801978136, 0.052099468831749096], [-0.03726981302599888, -0.05398414436735832], [0.016841516493000946, 0.01830353738373769]]",False,True,"[-0.12922406954237317, 1.6541387114965918]",True,0.0,2.0,ok
gaze,gaze_+0,conditional27,capture_4_detections.pkl,17,14699,14699,True,"[true, true, true]",3,3,"[0, 1, 2]",2.086170961364642,3,True,2.086170961364642,2.908498270477726,0.007298679699293168,0.15136591868433225,9.081955121059934,0.21890737692925932,0.18895362934767695,0.2874773842260092,"{""0-1"": {""theta_deg"": 0.18895362934767695, ""A_D"": 0.2874773842260092}, ""0-2"": {""theta_deg"": 0.007357032328016724, ""A_D"": 0.044248870120994654}, ""1-2"": {""theta_deg"": -0.18159659701966024, ""A_D"": -0.24322851410501456}}","[[0.07204804288127917, 0.12179928171923615], [-0.1169055864663978, -0.16567810250677306], [0.06469101055326244, 0.0775504115982415]]",False,True,"[0.006208003698476442, 1.8915222802848493]",True,0.0,2.0,ok
gaze,gaze_+0,conditional37,capture_1_detections.pkl,2,11090,11090,True,"[true, true, true]",3,3,"[0, 1, 2]",2.702657285007723,3,True,2.702657285007723,3.25778234945236,0.009462355452455991,0.06782747691770474,4.069648615062285,0.11125078376805243,0.08343053929962632,0.15341088053651958,"{""0-1"": {""theta_deg"": -0.08343053929962632, ""A_D"": -0.10693674247749696}, ""0-2"": {""theta_deg"": -0.0007230902534601791, ""A_D"": 0.04647413805902262}, ""1-2"": {""theta_deg"": 0.08270744904616614, ""A_D"": 0.15341088053651958}}","[[-0.02360720042696568, -0.00798593693319527], [0.05982333887266064, 0.09895080554430169], [-0.0228841101735055, -0.05446007499221789]]",False,True,"[-0.2520048450873475, 0.5498638684179677]",True,0.0,0.36036036036036034,ok
gaze,gaze_+0,conditional37,capture_1_detections.pkl,2,11650,11650,True,"[true, true, true]",3,3,"[0, 1, 2]",1.0669785559927625,3,True,1.0669785559927625,1.2174260314181842,0.003739656086243734,0.017482173482415007,1.0489304089449005,0.02900853544279002,0.023579859338577258,0.037167608812325614,"{""0-1"": {""theta_deg"": -0.023579859338577258, ""A_D"": -0.03362273170114827}, ""0-2"": {""theta_deg"": -0.01822671921715835, ""A_D"": 0.003544877111177347}, ""1-2"": {""theta_deg"": 0.005353140121418909, ""A_D"": 0.037167608812325614}}","[[-0.00931421794824877, -0.0030595260785813982], [0.014265641390328487, 0.03056320562256687], [0.008912501268909578, -0.006604403189758745]]",False,True,"[-0.3843727379544546, 0.4641689989292915]",True,0.0,0.36036036036036034,ok
gaze,gaze_+0,conditional37,capture_1_detections.pkl,2,12210,12210,True,"[true, true, true]",3,3,"[0, 1, 2]",1.3759416836870804,3,True,1.3759416836870804,1.8076104520869793,0.004818511429952869,0.04262566951494799,2.5575401708968797,0.07149995189123809,0.06005763484526694,0.09043354996855646,"{""0-1"": {""theta_deg"": 0.03452680863991969, ""A_D"": 0.09043354996855646}, ""0-2"": {""theta_deg"": -0.025530826205347246, ""A_D"": 0.006041598395812253}, ""1-2"": {""theta_deg"": -0.06005763484526694, ""A_D"": -0.0843919515727442}}","[[0.006914745261893229, 0.03915315848616352], [-0.027612063378026463, -0.05128039148239294], [0.032445571467240475, 0.033111560090351266]]",False,True,"[-0.3722406427446169, 0.4457079034563058]",True,0.0,0.36036036036036034,ok
gaze,gaze_+0,conditional37,capture_1_detections.pkl,2,12770,12770,True,"[true, true, true]",3,3,"[0, 1, 2]",2.472096142758847,3,True,2.472096142758847,3.1422608560418976,0.008654342301989576,0.09716975994927742,5.830185596956645,0.13337336349072787,0.13719552088282622,0.1727526166114538,"{""0-1"": {""theta_deg"": 0.06181652455347991, ""A_D"": 0.15195131287047536}, ""0-2"": {""theta_deg"": -0.0753789963293463, ""A_D"": -0.02080130374097844}, ""1-2"": {""theta_deg"": -0.13719552088282622, ""A_D"": -0.1727526166114538}}","[[0.009104355370180284, 0.061313777435469674], [-0.05271216918329963, -0.09063753543500569], [0.08448335169952659, 0.08211508117644811]]",False,True,"[-0.35212497023911415, 0.45947795829945554]",True,0.0,0.36036036036036034,ok
gaze,gaze_+0,conditional37,capture_1_detections.pkl,2,13329,13329,True,"[true, true, true]",3,3,"[0, 1, 2]",2.612011977409769,3,True,2.612011977409769,3.5488705200941313,0.009145726590882421,0.060197239260835644,3.6118343556501387,0.1259253337873271,0.08406377694759415,0.16516406329663968,"{""0-1"": {""theta_deg"": 0.053673300583944705, ""A_D"": 0.16516406329663968}, ""0-2"": {""theta_deg"": -0.030390476363649443, ""A_D"": 0.024907005157798756}, ""1-2"": {""theta_deg"": -0.08406377694759415, ""A_D"": -0.14025705813884093}}","[[0.011641613575314569, 0.07396340658298411], [-0.042031687008630136, -0.09120065671365557], [0.04203208993896401, 0.04905640142518536]]",False,True,"[-0.38086417361014835, 0.4261206969220525]",True,0.0,0.36036036036036034,ok
gaze,gaze_+0,conditional37,capture_1_detections.pkl,2,13889,13889,True,"[true, true, true]",3,3,"[0, 1, 2]",4.665051591173331,3,True,4.665051591173331,6.3745880554178385,0.016336498574862246,0.11960828258816855,7.176496955290113,0.2170986881316149,0.16762189206039846,0.2709923468311204,"{""0-1"": {""theta_deg"": 0.10346769734128503, ""A_D"": 0.2604766580998644}, ""0-2"": {""theta_deg"": -0.06415419471911343, ""A_D"": -0.010515688731255968}, ""1-2"": {""theta_deg"": -0.16762189206039846, ""A_D"": -0.2709923468311204}}","[[0.024215588658548337, 0.09955158363889094], [-0.07925210868273669, -0.16092507446097348], [0.08836978337766177, 0.1100672723701469]]",False,True,"[-0.4471524616605487, 0.38938972239890773]",True,0.0,0.36036036036036034,ok
gaze,gaze_+0,conditional37,capture_1_detections.pkl,2,14449,14449,True,"[true, true, true]",3,3,"[0, 1, 2]",3.8009509356315228,3,True,3.8009509356315228,5.192657618556679,0.013306475284981288,0.10024144075921394,6.014486445552836,0.18363099578273315,0.1410767762213011,0.22564682537364184,"{""0-1"": {""theta_deg"": 0.08260184849638541, ""A_D"": 0.22414792286914836}, ""0-2"": {""theta_deg"": -0.05847492772491569, ""A_D"": -0.0014989025044934712}, ""1-2"": {""theta_deg"": -0.1410767762213011, ""A_D"": -0.22564682537364184}}","[[0.017474278224730466, 0.08954461889844867], [-0.06512757027165494, -0.1346033039706997], [0.07594920594964616, 0.09104352140294214]]",False,True,"[-0.40523674582851255, 0.42255139700286704]",True,0.0,0.36036036036036034,ok
gaze,gaze_+0,conditional37,capture_1_detections.pkl,2,15009,15009,True,"[true, true, true]",3,3,"[0, 1, 2]",3.8627558232177774,3,True,3.8627558232177774,5.123611317785309,0.013515986921000624,0.12421780976300384,7.453068585780231,0.20002599680079844,0.17544584210682665,0.2532970103684904,"{""0-1"": {""theta_deg"": 0.08003112288610831, ""A_D"": 0.2357176002479624}, ""0-2"": {""theta_deg"": -0.09541471922071834, ""A_D"": -0.017579410120527994}, ""1-2"": {""theta_deg"": -0.17544584210682665, ""A_D"": -0.2532970103684904}}","[[0.011639562838331508, 0.0970357629340805], [-0.0683915600477768, -0.1386818373138819], [0.10705428205904985, 0.1146151730546085]]",False,True,"[-0.3313990751853486, 0.4653181757193447]",True,0.0,0.36036036036036034,ok
gaze,gaze_+0,conditional37,capture_2_detections.pkl,7,12300,12300,True,"[true, true, true]",3,3,"[0, 1, 2]",2.5476506282760605,3,True,2.5476506282760605,3.418808890357375,0.00891657801165964,0.24780324151651437,14.868194490990861,0.2595352356666346,0.3272038987959769,0.32789683440122497,"{""0-1"": {""theta_deg"": 0.05491489304502606, ""A_D"": 0.021117897629181037}, ""0-2"": {""theta_deg"": -0.27228900575095083, ""A_D"": -0.30677893677204393}, ""1-2"": {""theta_deg"": -0.3272038987959769, ""A_D"": -0.32789683440122497}}","[[-0.017115022236944943, -0.03941644177951842], [-0.072029915281971, -0.060534339408699456], [0.2551739835140059, 0.2673624949925255]]",False,True,"[-0.8805256025356725, 2.7451663544183402]",True,0.0,4.0,ok
gaze,gaze_+0,conditional37,capture_2_detections.pkl,7,12871,12871,True,"[true, true, true]",3,3,"[0, 1, 2]",3.3534591417572415,3,True,3.3534591417572415,4.15981161706437,0.011730506996964634,0.384954571672728,23.09727430036368,0.4080011665107426,0.5157042221662386,0.545245556276071,"{""0-1"": {""theta_deg"": 0.10678292227369857, ""A_D"": 0.10913611099943221}, ""0-2"": {""theta_deg"": -0.40892129989254, ""A_D"": -0.43610944527663875}, ""1-2"": {""theta_deg"": -0.5157042221662386, ""A_D"": -0.545245556276071}}","[[-0.011495162493256217, -0.014291647416651454], [-0.11827808476695478, -0.12342775841608367], [0.3974261373992838, 0.4218177978599873]]",False,True,"[-0.9303097572752718, 2.65447216004453]",True,0.0,4.0,ok
gaze,gaze_+0,conditional37,capture_2_detections.pkl,7,13443,13443,True,"[true, true, true]",3,3,"[0, 1, 2]",3.060811319229314,3,True,3.060811319229314,3.891940483477225,0.010704465899486676,0.32639304986991236,19.583582992194742,0.3514228607039255,0.41938992804964603,0.43234356192342016,"{""0-1"": {""theta_deg"": 0.042713825290655816, ""A_D"": -0.003907031449401188}, ""0-2"": {""theta_deg"": -0.3766761027589902, ""A_D"": -0.43234356192342016}, ""1-2"": {""theta_deg"": -0.41938992804964603, ""A_D"": -0.428436530474019}}","[[-0.03625290712723195, -0.06910569022350854], [-0.07896673241788776, -0.06519865877410735], [0.34042319563175827, 0.3632378716999116]]",False,True,"[-1.058303367930423, 2.7621301064153356]",True,0.0,4.0,ok
gaze,gaze_+0,conditional37,capture_2_detections.pkl,7,14014,14014,True,"[true, true, true]",3,3,"[0, 1, 2]",3.1925079809185823,3,True,3.1925079809185823,3.8188345714960255,0.011155320364228455,0.2968388165683943,17.810328994103656,0.3018641645805382,0.37308414216501906,0.40233026502584224,"{""0-1"": {""theta_deg"": -0.019880462781943997, ""A_D"": -0.07754988600167545}, ""0-2"": {""theta_deg"": -0.37308414216501906, ""A_D"": -0.40233026502584224}, ""1-2"": {""theta_deg"": -0.35320367938307506, ""A_D"": -0.3247803790241668}}","[[-0.049551125737620216, -0.0725614378099011], [-0.02967066295567622, 0.004988448191774353], [0.32353301642739885, 0.32976882721594114]]",False,True,"[-1.1228996281330115, 2.6758056694498267]",True,0.0,4.0,ok
gaze,gaze_+0,conditional37,capture_2_detections.pkl,7,14585,14585,True,"[true, true, true]",3,3,"[0, 1, 2]",4.367113372778593,3,True,4.367113372778593,5.3541002987861575,0.015260603995133909,0.556858182692145,33.4114909615287,0.6612536132518819,0.7761956546223302,0.9282974699918656,"{""0-1"": {""theta_deg"": 0.27287290485140914, ""A_D"": 0.3662591698573019}, ""0-2"": {""theta_deg"": -0.5033227497709211, ""A_D"": -0.5620383001345637}, ""1-2"": {""theta_deg"": -0.7761956546223302, ""A_D"": -0.9282974699918656}}","[[0.03162911642281796, 0.048432617235845576], [-0.24124378842859118, -0.3178265526214563], [0.534951866193739, 0.6104709173704093]]",False,True,"[-1.1204202227421767, 2.626544612203873]",True,0.0,4.0,ok
gaze,gaze_+0,conditional37,capture_2_detections.pkl,7,15156,15156,False,"[false, false, false]",3,0,[],,0,False,,,,,,,,,null,null,False,False,null,False,0.0,4.0,insufficient_P4_support
gaze,gaze_+0,conditional37,capture_2_detections.pkl,7,15728,15728,True,"[true, true, true]",3,3,"[0, 1, 2]",4.626560984971724,3,True,4.626560984971724,5.748269775365314,0.016173655156291822,0.5811616639208949,34.86969983525369,0.6923133220684827,0.8079319897585826,0.9666065889894657,"{""0-1"": {""theta_deg"": 0.2733606949848848, ""A_D"": 0.3483945087843101}, ""0-2"": {""theta_deg"": -0.5345712947736978, ""A_D"": -0.6182120802051556}, ""1-2"": {""theta_deg"": -0.8079319897585826, ""A_D"": -0.9666065889894657}}","[[0.02349466962519897, 0.02286282139760898], [-0.24986602535968583, -0.32553168738670113], [0.5580659643988968, 0.6410749016027646]]",False,True,"[-1.1535596892511224, 2.625698816998399]",True,0.0,4.0,ok
gaze,gaze_+0,conditional37,capture_2_detections.pkl,7,16299,16299,True,"[true, true, true]",3,3,"[0, 1, 2]",4.735276274759451,3,True,4.735276274759451,5.7917876370299535,0.016555259426859294,0.6121723991885928,36.73034395131557,0.7244090395055943,0.8489239397298607,1.0109189992768401,"{""0-1"": {""theta_deg"": 0.27739505343698045, ""A_D"": 0.3616375004451102}, ""0-2"": {""theta_deg"": -0.5715288862928802, ""A_D"": -0.6492814988317299}, ""1-2"": {""theta_deg"": -0.8489239397298607, ""A_D"": -1.0109189992768401}}","[[0.02361336783783785, 0.03055407004222399], [-0.2537816855991426, -0.33108343040288624], [0.5951422541307181, 0.6798355688739539]]",False,True,"[-1.1787114079038867, 2.6459974889064504]",True,0.0,4.0,ok
gaze,gaze_+0,conditional37,capture_3_detections.pkl,12,11500,11500,True,"[true, true, true]",3,3,"[0, 1, 2]",3.580118006538528,3,True,3.580118006538528,4.666274443570112,0.012529042427070817,0.2577282082925737,15.463692497554423,0.34246778346123935,0.35984510808777026,0.4668960870527761,"{""0-1"": {""theta_deg"": 0.12972925106902533, ""A_D"": 0.121947787991316}, ""0-2"": {""theta_deg"": -0.23011585701874493, ""A_D"": -0.3449482990614601}, ""1-2"": {""theta_deg"": -0.35984510808777026, ""A_D"": -0.4668960870527761}}","[[0.006477639802918045, -0.04347182069967359], [-0.12325161126610729, -0.1654196086909896], [0.23659349682166297, 0.3014764783617865]]",False,True,"[-2.261042745937781, 1.8456267796632322]",True,0.0,3.0,ok
gaze,gaze_+0,conditional37,capture_3_detections.pkl,12,12071,12071,True,"[true, true, true]",3,3,"[0, 1, 2]",3.8806514581585545,3,True,3.8806514581585545,5.056086077596813,0.013573013143004855,0.340254813094928,20.41528878569568,0.3572336735018942,0.4673410496612068,0.49115764084039415,"{""0-1"": {""theta_deg"": 0.13440187808064685, ""A_D"": 0.14312407378266578}, ""0-2"": {""theta_deg"": -0.33293917158055997, ""A_D"": -0.34803356705772837}, ""1-2"": {""theta_deg"": -0.4673410496612068, ""A_D"": -0.49115764084039415}}","[[0.008026528788799281, 0.009633548239186496], [-0.12637534929184757, -0.1334905255434793], [0.34096570036935925, 0.35766711529691486]]",False,True,"[-1.2065291053574632, 2.1150826755007888]",True,0.0,3.0,ok
gaze,gaze_+0,conditional37,capture_3_detections.pkl,12,12643,12643,False,"[false, false, false]",3,0,[],,0,False,,,,,,,,,null,null,False,False,null,False,0.0,3.0,insufficient_P4_support
gaze,gaze_+0,conditional37,capture_3_detections.pkl,12,13214,13214,True,"[true, true, true]",3,3,"[0, 1, 2]",2.0501098807653233,3,True,2.0501098807653233,2.4061477587024864,0.007170753472226481,0.15848082474058464,9.508849484435078,0.2466121988478762,0.21160199399516288,0.32210595898161687,"{""0-1"": {""theta_deg"": 0.16977524821349754, ""A_D"": 0.32210595898161687}, ""0-2"": {""theta_deg"": -0.04182674578166534, ""A_D"": 0.0452420200686694}, ""1-2"": {""theta_deg"": -0.21160199399516288, ""A_D"": -0.27686393891294747}}","[[0.0709633679219468, 0.16518144512948219], [-0.09881188029155075, -0.15692451385213468], [0.11279011370361214, 0.11993942506081279]]",False,True,"[-0.7930151076924503, 2.2773724116602843]",True,0.0,3.0,ok
gaze,gaze_+0,conditional37,capture_3_detections.pkl,12,13785,13785,True,"[true, true, true]",3,3,"[0, 1, 2]",1.8207785228235458,3,True,1.8207785228235458,2.013192734853701,0.0063662087326332205,0.0517267805543787,3.103606833262722,0.06838865631009142,0.07010348040591363,0.08536186745872465,"{""0-1"": {""theta_deg"": -0.07010348040591363, ""A_D"": -0.08205765471802584}, ""0-2"": {""theta_deg"": -0.05315191329645341, ""A_D"": 0.0033042127406988087}, ""1-2"": {""theta_deg"": 0.01695156710946022, ""A_D"": 0.08536186745872465}}","[[-0.016147431058280648, 0.008740945484106089], [0.053956049347632984, 0.09079860020213193], [0.037004482238172764, 0.00543673274340728]]",False,True,"[-0.9448215249275496, 2.0705462122436216]",True,0.0,3.0,ok
gaze,gaze_+0,conditional37,capture_3_detections.pkl,12,14356,14356,True,"[true, true, true]",3,3,"[0, 1, 2]",1.574159648767505,3,True,1.574159648767505,2.0820618829561277,0.005506228260858701,0.07156048392388964,4.293629035433378,0.11142129958137727,0.10035984318422031,0.15618607821410202,"{""0-1"": {""theta_deg"": 0.0614617962661585, ""A_D"": 0.15618607821410202}, ""0-2"": {""theta_deg"": -0.03889804691806181, ""A_D"": 0.06002398463045111}, ""1-2"": {""theta_deg"": -0.10035984318422031, ""A_D"": -0.09616209358365091}}","[[0.03551047805638252, 0.1151020658757651], [-0.025951318209775975, -0.04108401233833692], [0.07440852497444433, 0.05507808124531399]]",False,True,"[-0.4842181256538786, 2.0008011425704195]",True,0.0,3.0,ok
gaze,gaze_+0,conditional37,capture_3_detections.pkl,12,14928,14928,True,"[true, true, true]",3,3,"[0, 1, 2]",3.056399156578897,3,True,3.056399156578897,3.6581580863696095,0.01068110608065767,0.17461658692415818,10.476995215449492,0.25621905997695926,0.21991851479620794,0.34592198012890574,"{""0-1"": {""theta_deg"": -0.20723882247184233, ""A_D"": -0.2663729689054328}, ""0-2"": {""theta_deg"": 0.01267969232436561, ""A_D"": 0.07954901122347291}, ""1-2"": {""theta_deg"": 0.21991851479620794, ""A_D"": 0.34592198012890574}}","[[-0.045399932780557206, -0.030673553922269114], [0.16183888969128513, 0.2356994149831637], [-0.058079625104922816, -0.11022256514574202]]",False,True,"[-0.8901471123441239, 2.191699173442091]",True,0.0,3.0,ok
gaze,gaze_+0,conditional37,capture_3_detections.pkl,12,15499,15499,True,"[true, true, true]",3,3,"[0, 1, 2]",1.6448243045022721,3,True,1.6448243045022721,2.057795053135762,0.0057495218327247,0.07334727196378565,4.400836317827139,0.06070967611141474,0.09698529958261626,0.07626227317652168,"{""0-1"": {""theta_deg"": 0.016631667297873687, ""A_D"": 0.07626227317652168}, ""0-2"": {""theta_deg"": -0.08035363228474257, ""A_D"": 0.003976394197320321}, ""1-2"": {""theta_deg"": -0.09698529958261626, ""A_D"": -0.07228587897920136}}","[[0.01504824378126779, 0.07759864519923321], [-0.0015834235166058974, 0.0013363720227115294], [0.09540187606601036, 0.07362225100191289]]",False,True,"[-0.7148513738085462, 2.2209569763797403]",True,0.0,3.0,ok
gaze,gaze_+0,conditional37,capture_4_detections.pkl,17,10700,10700,True,"[true, true, true]",3,3,"[0, 1, 2]",14.888139384899178,3,True,14.888139384899178,19.935686207197058,0.052158459565727226,0.6279810304707163,37.67886182824298,0.9275779927914458,0.8732836034480908,1.2422642898058527,"{""0-1"": {""theta_deg"": 0.5765420265563607, ""A_D"": 0.9860786817701523}, ""0-2"": {""theta_deg"": -0.2967415768917301, ""A_D"": -0.25618560803570034}, ""1-2"": {""theta_deg"": -0.8732836034480908, ""A_D"": -1.2422642898058527}}","[[0.20428444152304345, 0.3625971964758222], [-0.3722575850333172, -0.62348148529433], [0.5010260184147736, 0.6187828045115226]]",False,True,"[-0.3721818917659423, 0.9236270072072047]",True,0.0,2.0,ok
gaze,gaze_+0,conditional37,capture_4_detections.pkl,17,11271,11271,True,"[true, true, true]",3,3,"[0, 1, 2]",1.2097029030488453,3,True,1.2097029030488453,1.5478023898696038,0.004237976141363907,0.03931677784957319,2.359006670974391,0.013520128466003502,0.05117478913457629,0.016641209912086063,"{""0-1"": {""theta_deg"": 0.006757385313897635, ""A_D"": -0.00016625580345741575}, ""0-2"": {""theta_deg"": -0.04441740382067866, ""A_D"": -0.016641209912086063}, ""1-2"": {""theta_deg"": -0.05117478913457629, ""A_D"": -0.016474954108628648}}","[[0.0015999629196308263, 0.011396661744694114], [-0.0051574223942668085, 0.01156291754815153], [0.046017366740309484, 0.028037871656780178]]",False,True,"[-0.47922070850123205, 1.4300202445937291]",True,0.0,2.0,ok
gaze,gaze_+0,conditional37,capture_4_detections.pkl,17,11843,11843,True,"[true, true, true]",3,3,"[0, 1, 2]",1.9084696950759001,3,True,1.9084696950759001,2.3319594532422854,0.006682861824091048,0.12654370190826983,7.59262211449619,0.15471372526259497,0.1780584864441821,0.19894145983733602,"{""0-1"": {""theta_deg"": 0.10456450288773067, ""A_D"": 0.17834548408809026}, ""0-2"": {""theta_deg"": -0.07349398355645143, ""A_D"": -0.020595975749245765}, ""1-2"": {""theta_deg"": -0.1780584864441821, ""A_D"": -0.19894145983733602}}","[[0.031393396869858425, 0.07927644332616368], [-0.07317110601787224, -0.09906904076192657], [0.10488738042630985, 0.09987241907540945]]",False,True,"[-0.4377315951969817, 1.336823193179287]",True,0.0,2.0,ok
gaze,gaze_+0,conditional37,capture_4_detections.pkl,17,12414,12414,True,"[true, true, true]",3,3,"[0, 1, 2]",1.3985600848495645,3,True,1.3985600848495645,1.7956568951755782,0.00489471745613363,0.03537520168199304,2.1225121009195824,0.015064253466228954,0.044303428048188265,0.019693257536174347,"{""0-1"": {""theta_deg"": 0.002026803131203736, ""A_D"": 0.019693257536174347}, ""0-2"": {""theta_deg"": -0.04227662491698453, ""A_D"": 0.016884334676451118}, ""1-2"": {""theta_deg"": -0.044303428048188265, ""A_D"": -0.0028089228597232285}}","[[0.0034925672855106726, 0.03643786125021653], [0.0014657641543069366, 0.016744603714042183], [0.0457691922024952, 0.019553526573765412]]",False,True,"[-0.4342141902354417, 1.3387775987725865]",True,0.0,2.0,ok
gaze,gaze_+0,conditional37,capture_4_detections.pkl,17,12985,12985,True,"[true, true, true]",3,3,"[0, 1, 2]",1.322732795283463,3,True,1.322732795283463,1.461310473419585,0.004628587559083852,0.07774666631383645,4.664799978830187,0.09596333358130409,0.1091957922903452,0.12126371521864288,"{""0-1"": {""theta_deg"": 0.06573456503382091, ""A_D"": 0.12126371521864288}, ""0-2"": {""theta_deg"": -0.04346122725652429, ""A_D"": 0.007860884370391341}, ""1-2"": {""theta_deg"": -0.1091957922903452, ""A_D"": -0.11340283084825153}}","[[0.021640854649517482, 0.06300841188721185], [-0.04409371038430343, -0.05825530333143103], [0.06510208190604178, 0.055147527516820505]]",False,True,"[-0.4488399745056011, 1.2523131737688513]",True,0.0,2.0,ok
gaze,gaze_+0,conditional37,capture_4_detections.pkl,17,13556,13556,True,"[true, true, true]",3,3,"[0, 1, 2]",1.6811972108399784,3,True,1.6811972108399784,2.018879406620593,0.005882703884059335,0.09442096106477453,5.665257663886472,0.1354607092456163,0.13069412601674169,0.173279745972031,"{""0-1"": {""theta_deg"": 0.08905910427717634, ""A_D"": 0.173279745972031}, ""0-2"": {""theta_deg"": -0.04163502173956535, ""A_D"": 0.015893828213962014}, ""1-2"": {""theta_deg"": -0.13069412601674169, ""A_D"": -0.15738591775806898}}","[[0.029419654996537425, 0.08348908545122691], [-0.05963944928063891, -0.08979066052080409], [0.07105467673610277, 0.0675952572372649]]",False,True,"[-0.5509791573611376, 1.2161601560172908]",True,0.0,2.0,ok
gaze,gaze_+0,conditional37,capture_4_detections.pkl,17,14128,14128,True,"[true, true, true]",3,3,"[0, 1, 2]",1.277959802973154,3,True,1.277959802973154,1.3847719839538366,0.0044710890746078695,0.06865878259352315,4.119526955611389,0.09946118262532655,0.09481376063280361,0.13267674146086317,"{""0-1"": {""theta_deg"": 0.06553988163543556, ""A_D"": 0.13267674146086317}, ""0-2"": {""theta_deg"": -0.029273878997368052, ""A_D"": 0.02588528703662285}, ""1-2"": {""theta_deg"": -0.09481376063280361, ""A_D"": -0.10679145442424032}}","[[0.023207441779777294, 0.0706250596590956], [-0.042332439855658266, -0.062051681801767566], [0.052481320777145346, 0.04473977262247275]]",False,True,"[-0.5219652330266227, 1.2162690464936075]",True,0.0,2.0,ok
gaze,gaze_+0,conditional37,capture_4_detections.pkl,17,14699,14699,True,"[true, true, true]",3,3,"[0, 1, 2]",2.5160809381249742,3,True,2.5160809381249742,3.1535938910117265,0.00880276315075282,0.16454431711970216,9.872659027182129,0.22749325972475742,0.22941483391401957,0.2856482947748922,"{""0-1"": {""theta_deg"": 0.1484546232078356, ""A_D"": 0.2710176089970038}, ""0-2"": {""theta_deg"": -0.08096021070618398, ""A_D"": -0.014630685777888397}, ""1-2"": {""theta_deg"": -0.22941483391401957, ""A_D"": -0.2856482947748922}}","[[0.04696504209186242, 0.11812589688522812], [-0.10148958111597317, -0.15289171211177566], [0.1279252527980464, 0.13275658266311652]]",False,True,"[-0.42844550055834874, 1.4106821974270178]",True,0.0,2.0,ok
gaze,gaze_+10,conditional27,capture_1_detections.pkl,4,21020,21020,True,"[true, true, true]",3,3,"[0, 1, 2]",3.0676080162882085,3,True,3.0676080162882085,3.245820562105178,0.010759040319660972,0.11526509759564776,6.915905855738866,0.10385455410638433,0.15456606228981862,0.1372999132137932,"{""0-1"": {""theta_deg"": -0.03243814986770843, ""A_D"": 0.023481350401175494}, ""0-2"": {""theta_deg"": 0.12212791242211019, ""A_D"": 0.1372999132137932}, ""1-2"": {""theta_deg"": 0.15456606228981862, ""A_D"": 0.11381856281261771}}","[[0.059590205152773024, 0.08150066433307801], [0.09202835502048146, 0.058019313931902516], [-0.06253770726933716, -0.05579924888071519]]",False,True,"[9.698823559958104, 0.6570926022119403]",True,10.0,0.36036036036036034,ok
gaze,gaze_+10,conditional27,capture_1_detections.pkl,4,21614,21614,True,"[true, true, true]",3,3,"[0, 1, 2]",3.8676263094833114,3,True,3.8676263094833114,4.15895150366524,0.01356103230060058,0.16552511101493933,9.93150666089636,0.12844690727876087,0.23060407799536264,0.1795922430070137,"{""0-1"": {""theta_deg"": -0.15014688041923918, ""A_D"": -0.06617660260493086}, ""0-2"": {""theta_deg"": 0.08045719757612346, ""A_D"": 0.11341564040208285}, ""1-2"": {""theta_deg"": 0.23060407799536264, ""A_D"": 0.1795922430070137}}","[[0.018680431444266787, 0.0510460594354889], [0.16882731186350597, 0.11722266204041976], [-0.061776766131856675, -0.06236958096659395]]",False,True,"[9.718883975892588, 0.7066486762284881]",True,10.0,0.36036036036036034,ok
gaze,gaze_+10,conditional27,capture_1_detections.pkl,4,22208,22208,True,"[true, true, true]",3,3,"[0, 1, 2]",2.576659667850741,3,True,2.576659667850741,3.0383037033573266,0.009034935734892873,0.05375022401263332,3.225013440757999,0.07445382114484785,0.0689101534574359,0.10513372409653476,"{""0-1"": {""theta_deg"": 0.006667076891254453, ""A_D"": 0.04754368896755756}, ""0-2"": {""theta_deg"": 0.0689101534574359, ""A_D"": 0.10513372409653476}, ""1-2"": {""theta_deg"": 0.06224307656618144, ""A_D"": 0.0575900351289772}}","[[0.058590124476836536, 0.07921299015202221], [0.05192304758558208, 0.03166930118446465], [-0.01032002898059936, -0.025920733944512553]]",False,True,"[9.66826750085624, 0.6712141100022133]",True,10.0,0.36036036036036034,ok
gaze,gaze_+10,conditional27,capture_1_detections.pkl,4,22802,22802,True,"[true, true, true]",3,3,"[0, 1, 2]",3.3768121037900554,3,True,3.3768121037900554,3.9929043262033934,0.0118230973032999,0.014005290007418366,0.840317400445102,0.05515937010089282,0.019801635781114157,0.07766716565898979,"{""0-1"": {""theta_deg"": -0.019801635781114157, ""A_D"": 0.03253336864542289}, ""0-2"": {""theta_deg"": -0.00952182239993249, ""A_D"": 0.07766716565898979}, ""1-2"": {""theta_deg"": 0.010279813381181668, ""A_D"": 0.0451337970135669}}","[[0.049195215588206054, 0.08027004842439445], [0.06899685136932021, 0.04773667977897156], [0.05871703798813854, 0.002602882765404657]]",False,True,"[9.888635752403236, 0.7061408881782884]",True,10.0,0.36036036036036034,ok
gaze,gaze_+10,conditional27,capture_1_detections.pkl,4,23397,23397,True,"[true, true, true]",3,3,"[0, 1, 2]",3.4154275720327636,3,True,3.4154275720327636,4.340440969263343,0.011947976408671316,0.04295452165956701,2.5772712995740203,0.08276554650357103,0.05680805307961556,0.10193806584528953,"{""0-1"": {""theta_deg"": 0.05680805307961556, ""A_D"": 0.10078546174731295}, ""0-2"": {""theta_deg"": 0.009768838709227623, ""A_D"": 0.10193806584528953}, ""1-2"": {""theta_deg"": -0.04703921437038794, ""A_D"": 0.0011526040979765728}}","[[0.0827651683450803, 0.11421091809767259], [0.025957115265464736, 0.013425456350359632], [0.07299632963585267, 0.01227285225238306]]",False,True,"[9.975039018531497, 0.7668450257121853]",True,10.0,0.36036036036036034,ok
gaze,gaze_+10,conditional27,capture_1_detections.pkl,4,23991,23991,True,"[true, true, true]",3,3,"[0, 1, 2]",3.3807148833471956,3,True,3.3807148833471956,4.444169980740823,0.011822003775235321,0.09166274561869217,5.49976473712153,0.09845440172700419,0.11944102167430515,0.1372073661918083,"{""0-1"": {""theta_deg"": 0.10334928755142947, ""A_D"": 0.1372073661918083}, ""0-2"": {""theta_deg"": -0.01609173412287568, ""A_D"": 0.08910997057471792}, ""1-2"": {""theta_deg"": -0.11944102167430515, ""A_D"": -0.048097395617090366}}","[[0.09185447345884867, 0.12305561672197751], [-0.011494814092580796, -0.014151749469830777], [0.10794620758172435, 0.03394564614725959]]",False,True,"[9.921966527258567, 0.7595980448438557]",True,10.0,0.36036036036036034,ok
gaze,gaze_+10,conditional27,capture_1_detections.pkl,4,24585,24585,True,"[true, true, true]",3,3,"[0, 1, 2]",2.8418802374365733,3,True,2.8418802374365733,3.7811299103224743,0.009947843525054232,0.11834846484050544,7.100907890430326,0.11168266971098761,0.1464421274823966,0.15748971090283348,"{""0-1"": {""theta_deg"": 0.1464421274823966, ""A_D"": 0.15748971090283348}, ""0-2"": {""theta_deg"": 0.003038685832077448, ""A_D"": 0.08910204090243468}, ""1-2"": {""theta_deg"": -0.14340344165031915, ""A_D"": -0.0683876700003988}}","[[0.10166643084338389, 0.12193631367675373], [-0.04477569663901271, -0.03555339722607975], [0.09862774501130644, 0.03283427277431905]]",False,True,"[9.916309154076878, 0.7395747508001482]",True,10.0,0.36036036036036034,ok
gaze,gaze_+10,conditional27,capture_1_detections.pkl,4,25179,25179,True,"[true, true, true]",3,3,"[0, 1, 2]",3.319764004752977,3,True,3.319764004752977,4.253482113787657,0.011618030408802832,0.21815788327139635,13.089472996283781,0.17612264233541067,0.27095951324893797,0.24619998856813652,"{""0-1"": {""theta_deg"": 0.2632490787840087, ""A_D"": 0.24619998856813652}, ""0-2"": {""theta_deg"": -0.00771043446492925, ""A_D"": 0.09042046037372042}, ""1-2"": {""theta_deg"": -0.27095951324893797, ""A_D"": -0.1557795281944161}}","[[0.13814008113647525, 0.15317354571805264], [-0.12510899764753347, -0.09302644285008388], [0.1458505156014045, 0.06275308534433222]]",False,True,"[9.809829985020489, 0.7028972768814364]",True,10.0,0.36036036036036034,ok
gaze,gaze_+10,conditional27,capture_2_detections.pkl,9,22329,22329,True,"[true, true, true]",3,3,"[0, 1, 2]",4.297549369501041,3,True,4.297549369501041,4.923851210357802,0.015105415077704246,0.38270917818568617,22.96255069114117,0.32810640623060905,0.5109417721422602,0.413532739345595,"{""0-1"": {""theta_deg"": -0.4100779742380052, ""A_D"": -0.413532739345595}, ""0-2"": {""theta_deg"": -0.5109417721422602, ""A_D"": -0.38904013583607266}, ""1-2"": {""theta_deg"": -0.10086379790425504, ""A_D"": 0.024492603509522315}}","[[-0.17732956210389084, -0.16104490082853662], [0.23274841213411435, 0.25248783851705836], [0.3336122100383694, 0.22799523500753605]]",False,True,"[9.165171256253945, 3.5999025082103278]",True,10.0,4.0,ok
gaze,gaze_+10,conditional27,capture_2_detections.pkl,9,22933,22933,True,"[true, true, true]",3,3,"[0, 1, 2]",4.406497701371797,3,True,4.406497701371797,5.032647043471847,0.015489049154048888,0.3339785352971014,20.038712117826087,0.2905793901654013,0.411709405756568,0.3980327547832112,"{""0-1"": {""theta_deg"": -0.40631421741295526, ""A_D"": -0.3980327547832112}, ""0-2"": {""theta_deg"": -0.411709405756568, ""A_D"": -0.2875150642355968}, ""1-2"": {""theta_deg"": -0.005395188343612745, ""A_D"": 0.1105176905476144}}","[[-0.1493177284285654, -0.12614649759587548], [0.25699648898438987, 0.2718862571873357], [0.2623916773280026, 0.16136856663972132]]",False,True,"[8.936576907956807, 3.2397458474743663]",True,10.0,4.0,ok
gaze,gaze_+10,conditional27,capture_2_detections.pkl,9,23538,23538,True,"[true, true, true]",3,3,"[0, 1, 2]",3.729640025214035,3,True,3.729640025214035,4.126585971367687,0.01310855442317194,0.3194832832328865,19.168996993973188,0.22708545450963707,0.45110309871746423,0.31749312145311714,"{""0-1"": {""theta_deg"": -0.20355500091304535, ""A_D"": -0.2005830740521195}, ""0-2"": {""theta_deg"": -0.45110309871746423, ""A_D"": -0.31749312145311714}, ""1-2"": {""theta_deg"": -0.2475480978044189, ""A_D"": -0.11691004740099764}}","[[-0.09884196557694125, -0.07595856190182815], [0.1047130353361041, 0.12462451215029136], [0.352261133140523, 0.241534559551289]]",False,True,"[8.785069266945747, 3.1166100432063266]",True,10.0,4.0,ok
gaze,gaze_+10,conditional27,capture_2_detections.pkl,9,24142,24142,True,"[true, true, true]",3,3,"[0, 1, 2]",3.278979397909659,3,True,3.278979397909659,3.797008281192894,0.011520896079151256,0.30577160817971105,18.346296490782663,0.20660671715561682,0.4123608312183169,0.286843696975025,"{""0-1"": {""theta_deg"": -0.09342704221876197, ""A_D"": -0.09525522633060168}, ""0-2"": {""theta_deg"": -0.4123608312183169, ""A_D"": -0.286843696975025}, ""1-2"": {""theta_deg"": -0.31893378899955493, ""A_D"": -0.1915884706444233}}","[[-0.06310210253993986, -0.04320903879840898], [0.030324939678822105, 0.0520461875321927], [0.34925872867837704, 0.243634658176616]]",False,True,"[8.605937597726966, 2.9439270232383143]",True,10.0,4.0,ok
gaze,gaze_+10,conditional27,capture_2_detections.pkl,9,24747,24747,False,"[false, false, false]",3,0,[],,0,False,,,,,,,,,null,null,False,False,null,False,10.0,4.0,insufficient_P4_support
gaze,gaze_+10,conditional27,capture_2_detections.pkl,9,25351,25351,False,"[false, false, false]",3,0,[],,0,False,,,,,,,,,null,null,False,False,null,False,10.0,4.0,insufficient_P4_support
gaze,gaze_+10,conditional27,capture_2_detections.pkl,9,25956,25956,True,"[true, true, true]",3,3,"[0, 1, 2]",3.7763461573903125,3,True,3.7763461573903125,4.85063665439179,0.013271667483937707,0.5832747839906615,34.996487039439685,0.4519022765999291,0.7974509368588283,0.6279091459526343,"{""0-1"": {""theta_deg"": 0.21605578584288843, ""A_D"": 0.2108959502605381}, ""0-2"": {""theta_deg"": -0.5813951510159399, ""A_D"": -0.41701319569209616}, ""1-2"": {""theta_deg"": -0.7974509368588283, ""A_D"": -0.6279091459526343}}","[[0.009030644226221796, 0.03526011179619237], [-0.20702514161666663, -0.17563583846434572], [0.5904257952421617, 0.45227330748828853]]",False,True,"[8.635114511262508, 3.0462948945870223]",True,10.0,4.0,ok
gaze,gaze_+10,conditional27,capture_2_detections.pkl,9,26560,26560,False,"[false, false, false]",3,0,[],,0,False,,,,,,,,,null,null,False,False,null,False,10.0,4.0,insufficient_P4_support
gaze,gaze_+10,conditional27,capture_3_detections.pkl,14,21550,21550,False,"[false, false, false]",3,0,[],,0,False,,,,,,,,,null,null,False,False,null,False,10.0,3.0,insufficient_P4_support
gaze,gaze_+10,conditional27,capture_3_detections.pkl,14,22178,22178,False,"[false, false, false]",3,0,[],,0,False,,,,,,,,,null,null,False,False,null,False,10.0,3.0,invalid_input
gaze,gaze_+10,conditional27,capture_3_detections.pkl,14,22807,22807,False,"[false, false, false]",3,0,[],,0,False,,,,,,,,,null,null,False,False,null,False,10.0,3.0,insufficient_P4_support
gaze,gaze_+10,conditional27,capture_3_detections.pkl,14,23435,23435,True,"[true, true, true]",3,3,"[0, 1, 2]",3.979969117091804,3,True,3.979969117091804,4.422181934413683,0.013987527029125132,0.24211995421046587,14.527197252627952,0.2244858094845475,0.33975507362387347,0.2930787376939441,"{""0-1"": {""theta_deg"": -0.33975507362387347, ""A_D"": -0.2930787376939441}, ""0-2"": {""theta_deg"": -0.13302681361083302, ""A_D"": -0.04085371171369756}, ""1-2"": {""theta_deg"": 0.20672826001304045, ""A_D"": 0.25222502598024654}}","[[-0.0770593496383789, -0.043081366848007896], [0.26269572398549457, 0.2499973708459362], [0.05596746397245411, -0.0022276551343103357]]",False,True,"[8.988031765803726, 2.221265061417368]",True,10.0,3.0,ok
gaze,gaze_+10,conditional27,capture_3_detections.pkl,14,24064,24064,False,"[false, false, false]",3,0,[],,0,False,,,,,,,,,null,null,False,False,null,False,10.0,3.0,invalid_input
gaze,gaze_+10,conditional27,capture_3_detections.pkl,14,24692,24692,True,"[true, true, true]",3,3,"[0, 1, 2]",2.3379019359328637,3,True,2.3379019359328637,2.9882440405372597,0.00821312031643001,0.2765600476561047,16.593602859366282,0.20657380837449646,0.3910007713878745,0.28311994487233605,"{""0-1"": {""theta_deg"": 0.18731579530188291, ""A_D"": 0.2039413003406687}, ""0-2"": {""theta_deg"": -0.20368497608599156, ""A_D"": -0.07917864453166734}, ""1-2"": {""theta_deg"": -0.3910007713878745, ""A_D"": -0.28311994487233605}}","[[0.07071723763727, 0.10377509349860992], [-0.11659855766461291, -0.10016620684205879], [0.27440221372326157, 0.18295373803027726]]",False,True,"[8.898121003670761, 2.145159446109134]",True,10.0,3.0,ok
gaze,gaze_+10,conditional27,capture_3_detections.pkl,14,25321,25321,False,"[false, false, false]",3,0,[],,0,False,,,,,,,,,null,null,False,False,null,False,10.0,3.0,invalid_input
gaze,gaze_+10,conditional27,capture_3_detections.pkl,14,25949,25949,False,"[false, false, false]",3,0,[],,0,False,,,,,,,,,null,null,False,False,null,False,10.0,3.0,invalid_input
gaze,gaze_+10,conditional27,capture_4_detections.pkl,19,20680,20680,False,"[false, false, false]",3,0,[],,0,False,,,,,,,,,null,null,False,False,null,False,10.0,2.0,invalid_input
gaze,gaze_+10,conditional27,capture_4_detections.pkl,19,21343,21343,True,"[true, true, true]",3,3,"[0, 1, 2]",2.540171978332142,3,True,2.540171978332142,3.203914439565273,0.008909142243409439,0.10588073518262264,6.352844110957358,0.0805243592763941,0.14954197127828905,0.11281956826374384,"{""0-1"": {""theta_deg"": 0.0814038013211551, ""A_D"": 0.11281956826374384}, ""0-2"": {""theta_deg"": -0.06813816995713395, ""A_D"": 0.04299086398539487}, ""1-2"": {""theta_deg"": -0.14954197127828905, ""A_D"": -0.06982870427834897}}","[[0.07360202723092613, 0.10879314537977502], [-0.0078017740902289745, -0.0040264228839688165], [0.14174019718806008, 0.06580228139438016]]",False,True,"[9.543008329152979, 1.5992077782442409]",True,10.0,2.0,ok
gaze,gaze_+10,conditional27,capture_4_detections.pkl,19,22005,22005,True,"[true, true, true]",3,3,"[0, 1, 2]",2.5262566917007954,3,True,2.5262566917007954,3.1831108912499437,0.008858338772139008,0.19199086137122245,11.519451682273347,0.13499803348636819,0.27070078063743175,0.16791895980424387,"{""0-1"": {""theta_deg"": 0.1535589541503235, ""A_D"": 0.16791895980424387}, ""0-2"": {""theta_deg"": -0.11714182648710825, ""A_D"": 0.005288514664142152}, ""1-2"": {""theta_deg"": -0.27070078063743175, ""A_D"": -0.16263044514010172}}","[[0.08216307463136907, 0.1128415635398925], [-0.07139587951895443, -0.055077396264351375], [0.19930490111847732, 0.10755304887575035]]",False,True,"[9.489796218371314, 1.4940579403284353]",True,10.0,2.0,ok
gaze,gaze_+10,conditional27,capture_4_detections.pkl,19,22668,22668,True,"[true, true, true]",3,3,"[0, 1, 2]",2.488080795520047,3,True,2.488080795520047,3.1934463361757714,0.008723554564781102,0.1748027077853081,10.488162467118485,0.11314348319596294,0.24703481441523323,0.1426309656401843,"{""0-1"": {""theta_deg"": 0.11549678854462186, ""A_D"": 0.1341205575751161}, ""0-2"": {""theta_deg"": -0.13153802587061136, ""A_D"": -0.008510408065068198}, ""1-2"": {""theta_deg"": -0.24703481441523323, ""A_D"": -0.1426309656401843}}","[[0.06444040126049266, 0.09582137553373826], [-0.0510563872841292, -0.03829918204137783], [0.19597842713110403, 0.10433178359880646]]",False,True,"[9.484039438354593, 1.4374137645023568]",True,10.0,2.0,ok
gaze,gaze_+10,conditional27,capture_4_detections.pkl,19,23331,23331,True,"[true, true, true]",3,3,"[0, 1, 2]",3.170828058913984,3,True,3.170828058913984,3.3532402156800942,0.01111930467512726,0.3482168661214981,20.893011967289887,0.2605021605413711,0.4838763274704423,0.3318849477930321,"{""0-1"": {""theta_deg"": 0.32118621457878405, ""A_D"": 0.3044392231052815}, ""0-2"": {""theta_deg"": -0.16269011289165825, ""A_D"": -0.02744572468775064}, ""1-2"": {""theta_deg"": -0.4838763274704423, ""A_D"": -0.3318849477930321}}","[[0.12187784034882654, 0.14527541620959483], [-0.1993083742299575, -0.15916380689568665], [0.2845679532404848, 0.17272114089734547]]",False,True,"[9.431259225264329, 1.3958205282099272]",True,10.0,2.0,ok
gaze,gaze_+10,conditional27,capture_4_detections.pkl,19,23994,23994,True,"[true, true, true]",3,3,"[0, 1, 2]",4.0279940481094405,3,True,4.0279940481094405,4.66360201682866,0.014125338922705871,0.44454361960169386,26.67261717610163,0.3315604470481897,0.6158883301400895,0.4268054307222915,"{""0-1"": {""theta_deg"": 0.4172131825946952, ""A_D"": 0.38155841196302287}, ""0-2"": {""theta_deg"": -0.19867514754539428, ""A_D"": -0.04524701875926862}, ""1-2"": {""theta_deg"": -0.6158883301400895, ""A_D"": -0.4268054307222915}}","[[0.14831659908749373, 0.16927998654190213], [-0.26889658350720147, -0.21227842542112074], [0.346991746632888, 0.21452700530117075]]",False,True,"[9.2790861702521, 1.294748305853293]",True,10.0,2.0,ok
gaze,gaze_+10,conditional27,capture_4_detections.pkl,19,24656,24656,True,"[true, true, true]",3,3,"[0, 1, 2]",3.931425588290009,3,True,3.931425588290009,4.503384064999498,0.013790821473403953,0.4440815578110882,26.64489346866529,0.32730179398181514,0.6203344693765427,0.4307044823945998,"{""0-1"": {""theta_deg"": 0.3950289136686962, ""A_D"": 0.3621852522999527}, ""0-2"": {""theta_deg"": -0.2253055557078465, ""A_D"": -0.06851923009464711}, ""1-2"": {""theta_deg"": -0.6203344693765427, ""A_D"": -0.4307044823945998}}","[[0.13336216270297996, 0.15520281785805978], [-0.26166675096571623, -0.2069824344418929], [0.35866771841082645, 0.2237220479527069]]",False,True,"[9.300871778757484, 1.3144393196897162]",True,10.0,2.0,ok
gaze,gaze_+10,conditional27,capture_4_detections.pkl,19,25319,25319,True,"[true, true, true]",3,3,"[0, 1, 2]",4.920886996750137,3,True,4.920886996750137,6.267098526180452,0.017263554724484972,0.5287514215752919,31.725085294517513,0.3954203770683024,0.7287322676807442,0.5135960209821204,"{""0-1"": {""theta_deg"": 0.5095524288461277, ""A_D"": 0.4483711227087137}, ""0-2"": {""theta_deg"": -0.21917983883461645, ""A_D"": -0.06522489827340672}, ""1-2"": {""theta_deg"": -0.7287322676807442, ""A_D"": -0.5135960209821204}}","[[0.16889134690035945, 0.18176744276106094], [-0.3406610819457683, -0.26660367994765277], [0.3880711857349759, 0.24699234103446766]]",False,True,"[9.108947086609845, 1.2022541541093805]",True,10.0,2.0,ok
gaze,gaze_+10,conditional37,capture_1_detections.pkl,4,21020,21020,True,"[true, true, true]",3,3,"[0, 1, 2]",6.195052969351081,3,True,6.195052969351081,7.4443076563270525,0.021727947092905736,0.36264124982673657,21.758474989604196,0.22651929711043622,0.49397460732752485,0.3100956321697199,"{""0-1"": {""theta_deg"": 0.1275937125436375, ""A_D"": 0.2246683024883277}, ""0-2"": {""theta_deg"": -0.36638089478388736, ""A_D"": -0.08542732968139222}, ""1-2"": {""theta_deg"": -0.49397460732752485, ""A_D"": -0.3100956321697199}}","[[0.06440708134554285, 0.15456923864973338], [-0.06318663119809464, -0.07009906383859432], [0.4307879761294302, 0.2399965683311256]]",False,True,"[9.53169242829173, 0.7480350650097891]",True,10.0,0.36036036036036034,ok
gaze,gaze_+10,conditional37,capture_1_detections.pkl,4,21614,21614,True,"[true, true, true]",3,3,"[0, 1, 2]",6.417252521971567,3,True,6.417252521971567,7.712405993402567,0.022500769662825267,0.3746634906452094,22.47980943871256,0.2004119945175878,0.47808965804980197,0.28333439850739284,"{""0-1"": {""theta_deg"": 0.04122722115581645, ""A_D"": 0.14788534098711548}, ""0-2"": {""theta_deg"": -0.4368624368939855, ""A_D"": -0.13544905752027736}, ""1-2"": {""theta_deg"": -0.47808965804980197, ""A_D"": -0.28333439850739284}}","[[0.027405642053567547, 0.12272805949063981], [-0.013821579102248904, -0.02515728149647567], [0.46426807894755306, 0.25817711701091717]]",False,True,"[9.558414547521366, 0.810303039684826]",True,10.0,0.36036036036036034,ok
gaze,gaze_+10,conditional37,capture_1_detections.pkl,4,22208,22208,True,"[true, true, true]",3,3,"[0, 1, 2]",6.1806102669898095,3,True,6.1806102669898095,7.148340393032507,0.021672018723082196,0.4121500320278957,24.729001921673742,0.26012901535467226,0.5630661030518187,0.36164377871539377,"{""0-1"": {""theta_deg"": 0.15107656051675278, ""A_D"": 0.23922557016143942}, ""0-2"": {""theta_deg"": -0.4119895425350659, ""A_D"": -0.12241820855395436}, ""1-2"": {""theta_deg"": -0.5630661030518187, ""A_D"": -0.36164377871539377}}","[[0.061148171339148405, 0.14884551581473304], [-0.08992838917760437, -0.09038005434670637], [0.4731377138742143, 0.2712637243686874]]",False,True,"[9.496317802051822, 0.7601397082200375]",True,10.0,0.36036036036036034,ok
gaze,gaze_+10,conditional37,capture_1_detections.pkl,4,22802,22802,True,"[true, true, true]",3,3,"[0, 1, 2]",7.145602945159897,3,True,7.145602945159897,8.927614256024693,0.025018614099537807,0.502482483712314,30.148949022738837,0.29654066268098667,0.6723670564693887,0.4184178912424934,"{""0-1"": {""theta_deg"": 0.136997997415909, ""A_D"": 0.23369155477666148}, ""0-2"": {""theta_deg"": -0.5353690590534796, ""A_D"": -0.18472633646583192}, ""1-2"": {""theta_deg"": -0.6723670564693887, ""A_D"": -0.4184178912424934}}","[[0.051187278538112224, 0.1511257438132524], [-0.08581071887779679, -0.08256581096340909], [0.5865563375915919, 0.3358520802790843]]",False,True,"[9.704425669862832, 0.7942706726035602]",True,10.0,0.36036036036036034,ok
gaze,gaze_+10,conditional37,capture_1_detections.pkl,4,23397,23397,True,"[true, true, true]",3,3,"[0, 1, 2]",7.52117153148243,3,True,7.52117153148243,8.91567407712369,0.026310843409347622,0.5264188246360751,31.585129478164507,0.3389060240175388,0.7235677287697015,0.4707547675099282,"{""0-1"": {""theta_deg"": 0.21008523285136604, ""A_D"": 0.3133414865399635}, ""0-2"": {""theta_deg"": -0.5134824959183355, ""A_D"": -0.15741328096996465}, ""1-2"": {""theta_deg"": -0.7235677287697015, ""A_D"": -0.4707547675099282}}","[[0.08804705072317098, 0.19503859958138625], [-0.12203818212819506, -0.11830288695857727], [0.6015295466415065, 0.3524518805513509]]",False,True,"[9.773715656561887, 0.852000780384106]",True,10.0,0.36036036036036034,ok
gaze,gaze_+10,conditional37,capture_1_detections.pkl,4,23991,23991,True,"[true, true, true]",3,3,"[0, 1, 2]",7.694999409928964,3,True,7.694999409928964,9.030112436365624,0.026908602237567403,0.5550616926422541,33.303701558535245,0.36551280979801404,0.7670466866194587,0.5071840230274322,"{""0-1"": {""theta_deg"": 0.23905964763531884, ""A_D"": 0.3400367700531478}, ""0-2"": {""theta_deg"": -0.5279870389841399, ""A_D"": -0.16714725297428434}, ""1-2"": {""theta_deg"": -0.7670466866194587, ""A_D"": -0.5071840230274322}}","[[0.09427498818707924, 0.20176804116261138], [-0.1447846594482396, -0.13826872889053643], [0.6222620271712191, 0.3689152941368957]]",False,True,"[9.72017570662252, 0.842724727759295]",True,10.0,0.36036036036036034,ok
gaze,gaze_+10,conditional37,capture_1_detections.pkl,4,24585,24585,True,"[true, true, true]",3,3,"[0, 1, 2]",7.265852063164533,3,True,7.265852063164533,8.474834226184798,0.02543371055838394,0.5413688827177146,32.482132963062874,0.3644507968894818,0.7551222936086273,0.5022331096679166,"{""0-1"": {""theta_deg"": 0.26818499751218283, ""A_D"": 0.3514061489852872}, ""0-2"": {""theta_deg"": -0.4869372960964444, ""A_D"": -0.15082696068262935}, ""1-2"": {""theta_deg"": -0.7551222936086273, ""A_D"": -0.5022331096679166}}","[[0.10213444716670494, 0.19842477942164916], [-0.1660505503454779, -0.15298136956363806], [0.5890717432631494, 0.3492517401042785]]",False,True,"[9.70857885724836, 0.8147481802576626]",True,10.0,0.36036036036036034,ok
gaze,gaze_+10,conditional37,capture_1_detections.pkl,4,25179,25179,True,"[true, true, true]",3,3,"[0, 1, 2]",7.730321038826925,3,True,7.730321038826925,8.499014965963758,0.027053460658744123,0.5776476918940425,34.65886151364255,0.40806328820634163,0.8140001957519978,0.5521106399144924,"{""0-1"": {""theta_deg"": 0.34726698383902566, ""A_D"": 0.4214989576405943}, ""0-2"": {""theta_deg"": -0.4667332119129721, ""A_D"": -0.13061168227389808}, ""1-2"": {""theta_deg"": -0.8140001957519978, ""A_D"": -0.5521106399144924}}","[[0.1320090763040902, 0.22727339833864912], [-0.21525790753493546, -0.19422555930194518], [0.5987422882170623, 0.3578850806125472]]",False,True,"[9.60140478841737, 0.7709026676474503]",True,10.0,0.36036036036036034,ok
gaze,gaze_+10,conditional37,capture_2_detections.pkl,9,22329,22329,True,"[true, true, true]",3,3,"[0, 1, 2]",6.4715339121703614,3,True,6.4715339121703614,9.086665328364,0.02274673250446503,0.8373630981668772,50.24178589001263,0.7025710088206764,1.0358371880559787,0.8849271383479991,"{""0-1"": {""theta_deg"": 0.020880942398196822, ""A_D"": 0.05120022625216336}, ""0-2"": {""theta_deg"": -1.0149562456577819, ""A_D"": -0.8337269120958357}, ""1-2"": {""theta_deg"": -1.0358371880559787, ""A_D"": -0.8849271383479991}}","[[-0.0570902994136091, -0.0019239170581881737], [-0.07797124181180592, -0.053124143310351535], [0.9578659462441728, 0.8318029950376475]]",False,True,"[9.007312443746953, 4.016805148913126]",True,10.0,4.0,ok
gaze,gaze_+10,conditional37,capture_2_detections.pkl,9,22933,22933,True,"[true, true, true]",3,3,"[0, 1, 2]",6.335352510297612,3,True,6.335352510297612,8.937816597866767,0.0222690656140994,0.7584988474145944,45.50993084487566,0.6087066137923521,0.9293138082697183,0.764228379957665,"{""0-1"": {""theta_deg"": 0.0006928574530853382, ""A_D"": 0.03896429567272941}, ""0-2"": {""theta_deg"": -0.928620950816633, ""A_D"": -0.7252640842849356}, ""1-2"": {""theta_deg"": -0.9293138082697183, ""A_D"": -0.764228379957665}}","[[-0.0400344528057861, 0.02526378344168201], [-0.04072731025887144, -0.013700512231047401], [0.8885864980108469, 0.7505278677266176]]",False,True,"[8.819425157804533, 3.6550721597018248]",True,10.0,4.0,ok
gaze,gaze_+10,conditional37,capture_2_detections.pkl,9,23538,23538,True,"[true, true, true]",3,3,"[0, 1, 2]",6.079629632768586,3,True,6.079629632768586,8.573324358687758,0.021368055730606957,0.7736342945447306,46.41805767268384,0.6400348811733546,1.00144239562103,0.8548308998065037,"{""0-1"": {""theta_deg"": 0.11914567614646288, ""A_D"": 0.16970422929016404}, ""0-2"": {""theta_deg"": -0.8822967194745672, ""A_D"": -0.6851266705163397}, ""1-2"": {""theta_deg"": -1.00144239562103, ""A_D"": -0.8548308998065037}}","[[-0.0035868061135051477, 0.06255139225181372], [-0.12273248225996802, -0.10715283703835032], [0.8787099133610621, 0.7476780627681534]]",False,True,"[8.6526317590474, 3.496691750683753]",True,10.0,4.0,ok
gaze,gaze_+10,conditional37,capture_2_detections.pkl,9,24142,24142,True,"[true, true, true]",3,3,"[0, 1, 2]",5.690558376102941,3,True,5.690558376102941,7.916958632448976,0.019994127357195426,0.7282389791168762,43.69433874701257,0.6088874974328268,0.9683457403475799,0.8348413435881077,"{""0-1"": {""theta_deg"": 0.1804823839533487, ""A_D"": 0.23467515181608478}, ""0-2"": {""theta_deg"": -0.7878633563942312, ""A_D"": -0.6001661917720229}, ""1-2"": {""theta_deg"": -0.9683457403475799, ""A_D"": -0.8348413435881077}}","[[0.02251724344882078, 0.0867420576230633], [-0.15796514050452792, -0.14793309419302147], [0.810380599843052, 0.6869082493950862]]",False,True,"[8.47792575718493, 3.303624496192031]",True,10.0,4.0,ok
gaze,gaze_+10,conditional37,capture_2_detections.pkl,9,24747,24747,False,"[false, false, false]",3,0,[],,0,False,,,,,,,,,null,null,False,False,null,False,10.0,4.0,insufficient_P4_support
gaze,gaze_+10,conditional37,capture_2_detections.pkl,9,25351,25351,False,"[false, false, false]",3,0,[],,0,False,,,,,,,,,null,null,False,False,null,False,10.0,4.0,insufficient_P4_support
gaze,gaze_+10,conditional37,capture_2_detections.pkl,9,25956,25956,True,"[true, true, true]",3,3,"[0, 1, 2]",6.48352991511578,3,True,6.48352991511578,8.500913010564394,0.022785848958042403,0.8899342860343282,53.39605716205969,0.7985248129357917,1.2312475082299041,1.1246097344964325,"{""0-1"": {""theta_deg"": 0.38979919766153337, ""A_D"": 0.47340872493534913}, ""0-2"": {""theta_deg"": -0.8414483105683708, ""A_D"": -0.6512010095610834}, ""1-2"": {""theta_deg"": -1.2312475082299041, ""A_D"": -1.1246097344964325}}","[[0.07942524387855521, 0.15373437253624989], [-0.31037395378297816, -0.31967435239909925], [0.920873554446926, 0.8049353820973333]]",False,True,"[8.453832693866941, 3.3614781820146136]",True,10.0,4.0,ok
gaze,gaze_+10,conditional37,capture_2_detections.pkl,9,26560,26560,False,"[false, false, false]",3,0,[],,0,False,,,,,,,,,null,null,False,False,null,False,10.0,4.0,insufficient_P4_support
gaze,gaze_+10,conditional37,capture_3_detections.pkl,14,21550,21550,False,"[false, false, false]",3,0,[],,0,False,,,,,,,,,null,null,False,False,null,False,10.0,3.0,insufficient_P4_support
gaze,gaze_+10,conditional37,capture_3_detections.pkl,14,22178,22178,False,"[false, false, false]",3,0,[],,0,False,,,,,,,,,null,null,False,False,null,False,10.0,3.0,invalid_input
gaze,gaze_+10,conditional37,capture_3_detections.pkl,14,22807,22807,False,"[false, false, false]",3,0,[],,0,False,,,,,,,,,null,null,False,False,null,False,10.0,3.0,insufficient_P4_support
gaze,gaze_+10,conditional37,capture_3_detections.pkl,14,23435,23435,True,"[true, true, true]",3,3,"[0, 1, 2]",5.501382725134971,3,True,5.501382725134971,7.766829481901477,0.01933450670130225,0.5199779958077934,31.1986797484676,0.35959403019461234,0.6435282160419238,0.477119414834569,"{""0-1"": {""theta_deg"": 0.013593294096510888, ""A_D"": 0.08614711666985153}, ""0-2"": {""theta_deg"": -0.6299349219454129, ""A_D"": -0.39097229816471746}, ""1-2"": {""theta_deg"": -0.6435282160419238, ""A_D"": -0.477119414834569}}","[[0.008352317994171798, 0.09355214355173258], [-0.00524097610233909, 0.007405026881881049], [0.6382872399395847, 0.48452444171645004]]",False,True,"[8.855571830445623, 2.523237964018766]",True,10.0,3.0,ok
gaze,gaze_+10,conditional37,capture_3_detections.pkl,14,24064,24064,False,"[false, false, false]",3,0,[],,0,False,,,,,,,,,null,null,False,False,null,False,10.0,3.0,invalid_input
gaze,gaze_+10,conditional37,capture_3_detections.pkl,14,24692,24692,True,"[true, true, true]",3,3,"[0, 1, 2]",5.623536636436698,3,True,5.623536636436698,7.236683027618259,0.01975565454180498,0.658083399047077,39.48500394282462,0.569882510435223,0.925908488112448,0.7994037364568243,"{""0-1"": {""theta_deg"": 0.3815248643273925, ""A_D"": 0.4883831128863396}, ""0-2"": {""theta_deg"": -0.5443836237850554, ""A_D"": -0.31102062357048466}, ""1-2"": {""theta_deg"": -0.925908488112448, ""A_D"": -0.7994037364568243}}","[[0.1351407986795774, 0.23264689941388061], [-0.24638406564781512, -0.255736213472459], [0.6795244224646328, 0.5436675229843653]]",False,True,"[8.70185435770348, 2.3730651129974327]",True,10.0,3.0,ok
gaze,gaze_+10,conditional37,capture_3_detections.pkl,14,25321,25321,False,"[false, false, false]",3,0,[],,0,False,,,,,,,,,null,null,False,False,null,False,10.0,3.0,invalid_input
gaze,gaze_+10,conditional37,capture_3_detections.pkl,14,25949,25949,False,"[false, false, false]",3,0,[],,0,False,,,,,,,,,null,null,False,False,null,False,10.0,3.0,invalid_input
gaze,gaze_+10,conditional37,capture_4_detections.pkl,19,20680,20680,False,"[false, false, false]",3,0,[],,0,False,,,,,,,,,null,null,False,False,null,False,10.0,2.0,invalid_input
gaze,gaze_+10,conditional37,capture_4_detections.pkl,19,21343,21343,True,"[true, true, true]",3,3,"[0, 1, 2]",6.104405215273812,3,True,6.104405215273812,7.950998668128534,0.0214099733554236,0.5803153059561319,34.81891835736791,0.45102218753712037,0.8120024719870802,0.6284973659681756,"{""0-1"": {""theta_deg"": 0.3028616674197302, ""A_D"": 0.4084549259006429}, ""0-2"": {""theta_deg"": -0.50914080456735, ""A_D"": -0.2200424400675327}, ""1-2"": {""theta_deg"": -0.8120024719870802, ""A_D"": -0.6284973659681756}}","[[0.12721221948089756, 0.23377775394421385], [-0.17564944793883264, -0.17467717195642907], [0.6363530240482476, 0.45382019401174656]]",False,True,"[9.308588610354699, 1.753426825165882]",True,10.0,2.0,ok
gaze,gaze_+10,conditional37,capture_4_detections.pkl,19,22005,22005,True,"[true, true, true]",3,3,"[0, 1, 2]",6.31571417972791,3,True,6.31571417972791,8.154570360773088,0.02214610097850581,0.6210863740623691,37.26518244374215,0.48354396021276863,0.8704245244946698,0.6758006255039901,"{""0-1"": {""theta_deg"": 0.3332647932371504, ""A_D"": 0.42841151710639047}, ""0-2"": {""theta_deg"": -0.5371597312575194, ""A_D"": -0.24738910839759964}, ""1-2"": {""theta_deg"": -0.8704245244946698, ""A_D"": -0.6758006255039901}}","[[0.12390693688904975, 0.2241659811452963], [-0.20935785634810067, -0.20424553596109418], [0.6610666681465691, 0.47155508954289593]]",False,True,"[9.254180517596897, 1.6331936571421843]",True,10.0,2.0,ok
gaze,gaze_+10,conditional37,capture_4_detections.pkl,19,22668,22668,True,"[true, true, true]",3,3,"[0, 1, 2]",6.298955164117474,3,True,6.298955164117474,8.27817573932101,0.022085005910671498,0.6186478376454537,37.11887025872722,0.469778629899272,0.8611019015589729,0.6608823547812392,"{""0-1"": {""theta_deg"": 0.29651604158141964, ""A_D"": 0.38929545947067656}, ""0-2"": {""theta_deg"": -0.5645858599775533, ""A_D"": -0.2715868953105627}, ""1-2"": {""theta_deg"": -0.8611019015589729, ""A_D"": -0.6608823547812392}}","[[0.10332832657200619, 0.20145401714812072], [-0.19318771500941345, -0.18784144232255584], [0.6679141865495595, 0.4730409124586834]]",False,True,"[9.25683511020624, 1.5772854135125023]",True,10.0,2.0,ok
gaze,gaze_+10,conditional37,capture_4_detections.pkl,19,23331,23331,True,"[true, true, true]",3,3,"[0, 1, 2]",6.915557191123515,3,True,6.915557191123515,8.28668584524061,0.024251137550708686,0.6876747460791786,41.260484764750714,0.556540385793682,0.9708864574754674,0.7710631300001174,"{""0-1"": {""theta_deg"": 0.4366636263341963, ""A_D"": 0.522286962315438}, ""0-2"": {""theta_deg"": -0.5342228311412711, ""A_D"": -0.24877616768467936}, ""1-2"": {""theta_deg"": -0.9708864574754674, ""A_D"": -0.7710631300001174}}","[[0.14934297275947728, 0.24468218397759522], [-0.28732065357471903, -0.2776047783378428], [0.6835658039007484, 0.4934583516622746]]",False,True,"[9.184126897828572, 1.5115098191187328]",True,10.0,2.0,ok
gaze,gaze_+10,conditional37,capture_4_detections.pkl,19,23994,23994,True,"[true, true, true]",3,3,"[0, 1, 2]",7.4672409138224065,3,True,7.4672409138224065,8.632756536012593,0.026186063699558768,0.7285120758062709,43.71072454837625,0.5921023995173444,1.029880497222445,0.8165623090213934,"{""0-1"": {""theta_deg"": 0.49035594520478476, ""A_D"": 0.568896763607488}, ""0-2"": {""theta_deg"": -0.5395245520176601, ""A_D"": -0.2476655454139054}, ""1-2"": {""theta_deg"": -1.029880497222445, ""A_D"": -0.8165623090213934}}","[[0.1643032979661534, 0.25846748421511667], [-0.32605264723863137, -0.3104292793923713], [0.7038278499838135, 0.5061330296290221]]",False,True,"[9.041120113109757, 1.4024571426769792]",True,10.0,2.0,ok
gaze,gaze_+10,conditional37,capture_4_detections.pkl,19,24656,24656,True,"[true, true, true]",3,3,"[0, 1, 2]",7.441254119608564,3,True,7.441254119608564,8.786874691218848,0.026102746903671873,0.7399009787734269,44.39405872640561,0.597456220297483,1.0447857611347455,0.8303448039279355,"{""0-1"": {""theta_deg"": 0.4724206624619054, ""A_D"": 0.5505479267113922}, ""0-2"": {""theta_deg"": -0.5723650986728401, ""A_D"": -0.27979687721654334}, ""1-2"": {""theta_deg"": -1.0447857611347455, ""A_D"": -0.8303448039279355}}","[[0.1502160080908368, 0.2431040761524863], [-0.3222046543710686, -0.3074438505589059], [0.7225811067636769, 0.5229009533690296]]",False,True,"[9.061642290794982, 1.4241060430711174]",True,10.0,2.0,ok
gaze,gaze_+10,conditional37,capture_4_detections.pkl,19,25319,25319,True,"[true, true, true]",3,3,"[0, 1, 2]",7.931385021671452,3,True,7.931385021671452,9.01561204003317,0.027825044438739018,0.7526833996553962,45.16100397932377,0.6191565787654542,1.0643810457152956,0.8500304480410835,"{""0-1"": {""theta_deg"": 0.5430621518394396, ""A_D"": 0.6070000629360929}, ""0-2"": {""theta_deg"": -0.521318893875856, ""A_D"": -0.24303038510499064}, ""1-2"": {""theta_deg"": -1.0643810457152956, ""A_D"": -0.8500304480410835}}","[[0.17468354677214748, 0.2604205166568778], [-0.36837860506729214, -0.34657954627921506], [0.6960024406480034, 0.5034509017618685]]",False,True,"[8.879488335639579, 1.3019294144987545]",True,10.0,2.0,ok
gaze,gaze_+5,conditional27,capture_1_detections.pkl,3,16000,16000,True,"[true, true, true]",3,3,"[0, 1, 2]",7.446006323690266,3,True,7.446006323690266,10.049073729670454,0.02625884818084845,0.5195776542116765,31.174659252700586,0.4317855125653676,0.685964463050718,0.5414165580153136,"{""0-1"": {""theta_deg"": -0.5710852229739976, ""A_D"": -0.5414165580153136}, ""0-2"": {""theta_deg"": 0.11487924007672046, ""A_D"": -0.026149132128739705}, ""1-2"": {""theta_deg"": 0.685964463050718, ""A_D"": 0.5152674258865739}}","[[-0.16785317816272283, -0.19985453158810923], [0.4032320448112747, 0.3415620264272044], [-0.2827324182394433, -0.17370539945936952]]",False,True,"[5.250682298056678, 0.4681007435519215]",True,5.0,0.36036036036036034,ok
gaze,gaze_+5,conditional27,capture_1_detections.pkl,3,16571,16571,True,"[true, true, true]",3,3,"[0, 1, 2]",3.085828466787846,3,True,3.085828466787846,3.74299625083334,0.010894469575575364,0.1794750892504233,10.768505355025399,0.11429485298690163,0.2518430959393987,0.14001841270221121,"{""0-1"": {""theta_deg"": -0.0985673387339121, ""A_D"": -0.13994562895915102}, ""0-2"": {""theta_deg"": 0.15327575720548658, ""A_D"": 7.278374306018964e-05}, ""1-2"": {""theta_deg"": 0.2518430959393987, ""A_D"": 0.14001841270221121}}","[[-0.030073952246241653, -0.08218662014968137], [0.06849338648767045, 0.05775900880946966], [-0.18334970945172824, -0.08225940389274156]]",False,True,"[5.2454536966327705, 0.34492478387931724]",True,5.0,0.36036036036036034,ok
gaze,gaze_+5,conditional27,capture_1_detections.pkl,3,17143,17143,True,"[true, true, true]",3,3,"[0, 1, 2]",3.8502995861836737,3,True,3.8502995861836737,4.460651987386043,0.013598628791541197,0.23522502873050782,14.113501723830469,0.17607920761530282,0.33122294395570595,0.22745593097382796,"{""0-1"": {""theta_deg"": -0.19234613599086803, ""A_D"": -0.22745593097382796}, ""0-2"": {""theta_deg"": 0.13887680796483792, ""A_D"": -0.02595735178123637}, ""1-2"": {""theta_deg"": 0.33122294395570595, ""A_D"": 0.2014985791925916}}","[[-0.0662838640740322, -0.12169658675637615], [0.12606227191683583, 0.10575934421745181], [-0.20516067203887012, -0.09573923497513978]]",False,True,"[5.210581190716525, 0.3449017805307934]",True,5.0,0.36036036036036034,ok
gaze,gaze_+5,conditional27,capture_1_detections.pkl,3,17714,17714,True,"[true, true, true]",3,3,"[0, 1, 2]",3.8047948906393603,3,True,3.8047948906393603,4.702478170741431,0.013437787829012143,0.20874885070404842,12.524931042242905,0.1619219040262529,0.29389169050753683,0.21520928314912924,"{""0-1"": {""theta_deg"": -0.17113013133705568, ""A_D"": -0.21520928314912924}, ""0-2"": {""theta_deg"": 0.12276155917048115, ""A_D"": -0.03984198342083653}, ""1-2"": {""theta_deg"": 0.29389169050753683, ""A_D"": 0.1753672997282927}}","[[-0.06452119925149624, -0.12321728339658056], [0.10660893208555944, 0.09199199975254868], [-0.1872827584219774, -0.08337529997574403]]",False,True,"[5.201624014551473, 0.31825567371072844]",True,5.0,0.36036036036036034,ok
gaze,gaze_+5,conditional27,capture_1_detections.pkl,3,18285,18285,True,"[true, true, true]",3,3,"[0, 1, 2]",3.775507207298307,3,True,3.775507207298307,4.981183040901851,0.013338471744539332,0.1711784238615545,10.270705431693269,0.14074811736609477,0.24112856570779506,0.19378236450343703,"{""0-1"": {""theta_deg"": -0.13916106465519817, ""A_D"": -0.19378236450343703}, ""0-2"": {""theta_deg"": 0.10196750105259689, ""A_D"": -0.05750406229172669}, ""1-2"": {""theta_deg"": 0.24112856570779506, ""A_D"": 0.13627830221171033}}","[[-0.06013545821676214, -0.1227666258295931], [0.07902560643843604, 0.07101573867384392], [-0.16210295926935903, -0.06526256353786641]]",False,True,"[5.108734834121456, 0.26077595066571013]",True,5.0,0.36036036036036034,ok
gaze,gaze_+5,conditional27,capture_1_detections.pkl,3,18856,18856,True,"[true, true, true]",3,3,"[0, 1, 2]",4.069757447207372,3,True,4.069757447207372,4.664954806003973,0.014372943289773834,0.24600008887508518,14.760005332505111,0.1924508893840838,0.3427518328300465,0.2524947313137762,"{""0-1"": {""theta_deg"": -0.22299908377772582, ""A_D"": -0.2524947313137762}, ""0-2"": {""theta_deg"": 0.1197527490523207, ""A_D"": -0.03826540596528277}, ""1-2"": {""theta_deg"": 0.3427518328300465, ""A_D"": 0.21422932534849345}}","[[-0.07901586998464705, -0.13167380595930586], [0.14398321379307877, 0.12082092535447037], [-0.19876861903696774, -0.09340839999402309]]",False,True,"[5.270261271156142, 0.320556085965893]",True,5.0,0.36036036036036034,ok
gaze,gaze_+5,conditional27,capture_1_detections.pkl,3,19428,19428,True,"[true, true, true]",3,3,"[0, 1, 2]",3.751694677703355,3,True,3.751694677703355,4.787555743421013,0.013257244645381654,0.1867567730338261,11.205406382029565,0.1463122775446088,0.2625292006943294,0.1989311461039622,"{""0-1"": {""theta_deg"": -0.1562836430568577, ""A_D"": -0.1989311461039622}, ""0-2"": {""theta_deg"": 0.10624555763747168, ""A_D"": -0.050163208273413085}, ""1-2"": {""theta_deg"": 0.2625292006943294, ""A_D"": 0.14876793783054912}}","[[-0.06277179823770673, -0.11951644261882782], [0.09351184481915098, 0.07941470348513438], [-0.1690173558751784, -0.06935323434541474]]",False,True,"[5.186612699917124, 0.23282110831281963]",True,5.0,0.36036036036036034,ok
gaze,gaze_+5,conditional27,capture_1_detections.pkl,3,19999,19999,True,"[true, true, true]",3,3,"[0, 1, 2]",4.278673274563742,3,True,4.278673274563742,5.668078389509753,0.015136060426852843,0.09140081166623573,5.484048699974144,0.059823130206284145,0.114502972775262,0.08202119617870368,"{""0-1"": {""theta_deg"": 0.005309552662645878, ""A_D"": -0.08202119617870368}, ""0-2"": {""theta_deg"": 0.114502972775262, ""A_D"": -0.058971747678896326}, ""1-2"": {""theta_deg"": 0.10919342011261612, ""A_D"": 0.02304944849980735}}","[[-0.0157903314234229, -0.09082249534362999], [-0.021099884086068776, -0.008801299164926321], [-0.1302933041986849, -0.03185074766473367]]",False,True,"[5.071859912429178, 0.12751072001839103]",True,5.0,0.36036036036036034,ok
gaze,gaze_+5,conditional27,capture_2_detections.pkl,8,17300,17300,True,"[true, true, true]",3,3,"[0, 1, 2]",3.9390547747778824,3,True,3.9390547747778824,5.0024948689632085,0.013695184844459923,0.38661424337138217,23.19685460228293,0.24824376473017917,0.5162750640941436,0.34030464528140136,"{""0-1"": {""theta_deg"": 0.1022500616962434, ""A_D"": 0.09543946303110262}, ""0-2"": {""theta_deg"": 0.5162750640941436, ""A_D"": 0.34030464528140136}, ""1-2"": {""theta_deg"": 0.4140250023979002, ""A_D"": 0.24486518225029874}}","[[0.07210513437288846, 0.029811993843135376], [-0.030144927323354942, -0.06562746918796725], [-0.44416992972125513, -0.310492651438266]]",False,True,"[4.8880062945505065, 3.4796710820525663]",True,5.0,4.0,ok
gaze,gaze_+5,conditional27,capture_2_detections.pkl,8,17871,17871,True,"[true, true, true]",3,3,"[0, 1, 2]",3.8157532467495097,3,True,3.8157532467495097,4.969116504498446,0.013285314881884051,0.34704352812041817,20.82261168722509,0.20829991887741872,0.442783407937517,0.2780399261098454,"{""0-1"": {""theta_deg"": -0.038045158168653614, ""A_D"": -0.054736904714989265}, ""0-2"": {""theta_deg"": 0.4047382497688634, ""A_D"": 0.22330302139485614}, ""1-2"": {""theta_deg"": 0.442783407937517, ""A_D"": 0.2780399261098454}}","[[-0.0093144486008514, -0.062153463671846154], [0.028730709567802215, -0.007416558956856889], [-0.4140526983697148, -0.2854564850667023]]",False,True,"[4.620215756479653, 3.4278115545399137]",True,5.0,4.0,ok
gaze,gaze_+5,conditional27,capture_2_detections.pkl,8,18443,18443,True,"[true, true, true]",3,3,"[0, 1, 2]",4.027180891025299,3,True,4.027180891025299,5.415077164372113,0.014000749825301428,0.4713043804425511,28.278262826553064,0.3140353604665703,0.6093801347956784,0.4251296850478652,"{""0-1"": {""theta_deg"": -0.07084478302416208, ""A_D"": -0.10131793423709379}, ""0-2"": {""theta_deg"": 0.5385353517715163, ""A_D"": 0.3238117508107714}, ""1-2"": {""theta_deg"": 0.6093801347956784, ""A_D"": 0.4251296850478652}}","[[-0.0013442479573440025, -0.06370005495112219], [0.06950053506681808, 0.0376178792859716], [-0.5398795997288603, -0.3875118057618936]]",False,True,"[5.207766838972377, 3.742949242566897]",True,5.0,4.0,ok
gaze,gaze_+5,conditional27,capture_2_detections.pkl,8,19014,19014,True,"[true, true, true]",3,3,"[0, 1, 2]",4.411519199911648,3,True,4.411519199911648,5.853290282411139,0.015341521484090364,0.6134683751177306,36.808102507063836,0.45628629499967344,0.8403294667537375,0.6387059691507706,"{""0-1"": {""theta_deg"": -0.23334941980911772, ""A_D"": -0.23974903847235174}, ""0-2"": {""theta_deg"": 0.6069800469446198, ""A_D"": 0.39895693067841886}, ""1-2"": {""theta_deg"": 0.8403294667537375, ""A_D"": 0.6387059691507706}}","[[-0.02423901473705392, -0.0752579257589594], [0.2091104050720638, 0.16449111271339234], [-0.6312190616816737, -0.47421485643737826]]",False,True,"[5.010420509964901, 3.728667647412333]",True,5.0,4.0,ok
gaze,gaze_+5,conditional27,capture_2_detections.pkl,8,19585,19585,True,"[true, true, true]",3,3,"[0, 1, 2]",4.559440460185386,3,True,4.559440460185386,5.9055108712856885,0.01586065301545237,0.6550007976686545,39.30004786011927,0.5060690420709122,0.9177344701145564,0.7156887095401987,"{""0-1"": {""theta_deg"": -0.34995603640201445, ""A_D"": -0.35681174091681633}, ""0-2"": {""theta_deg"": 0.567778433712542, ""A_D"": 0.35887696862338236}, ""1-2"": {""theta_deg"": 0.9177344701145564, ""A_D"": 0.7156887095401987}}","[[-0.06923386815233368, -0.12246643580466676], [0.28072216824968077, 0.23434530511214957], [-0.6370123018648757, -0.4813434044280491]]",False,True,"[4.973101090493647, 3.630959134028235]",True,5.0,4.0,ok
gaze,gaze_+5,conditional27,capture_2_detections.pkl,8,20156,20156,True,"[true, true, true]",3,3,"[0, 1, 2]",4.677836037606958,3,True,4.677836037606958,6.012164152776912,0.016268516955481194,0.7060507473529463,42.36304484117677,0.5604286310491768,0.9956405084783757,0.7904137461425549,"{""0-1"": {""theta_deg"": -0.43234911430584066, ""A_D"": -0.4457534672310355}, ""0-2"": {""theta_deg"": 0.563291394172535, ""A_D"": 0.3446602789115194}, ""1-2"": {""theta_deg"": 0.9956405084783757, ""A_D"": 0.7904137461425549}}","[[-0.10099486968328009, -0.16041379615337759], [0.3313542446225606, 0.2853396710776579], [-0.6642862638558151, -0.505074075064897]]",False,True,"[5.043736599718992, 3.697945040617236]",True,5.0,4.0,ok
gaze,gaze_+5,conditional27,capture_2_detections.pkl,8,20728,20728,True,"[true, true, true]",3,3,"[0, 1, 2]",5.417482095539982,3,True,5.417482095539982,6.750717953606295,0.018832355915530945,0.8572738043478421,51.43642826087052,0.7059859188976406,1.2118093747893601,0.9934371021166939,"{""0-1"": {""theta_deg"": -0.5740284766569195, ""A_D"": -0.5829520690551679}, ""0-2"": {""theta_deg"": 0.6377808981324407, ""A_D"": 0.41048503306152595}, ""1-2"": {""theta_deg"": 1.2118093747893601, ""A_D"": 0.9934371021166939}}","[[-0.11587362734768725, -0.17536726020683302], [0.4581548493092322, 0.4075848088483349], [-0.7536545254801279, -0.585852293268359]]",False,True,"[5.0032296220942865, 3.4832533812038764]",True,5.0,4.0,ok
gaze,gaze_+5,conditional27,capture_2_detections.pkl,8,21299,21299,True,"[true, true, true]",3,3,"[0, 1, 2]",4.5942158855841235,3,True,4.5942158855841235,6.026691679066007,0.01596531547114128,0.6134598152739266,36.80758891643559,0.45107376010144246,0.8402647399183625,0.6308722097821535,"{""0-1"": {""theta_deg"": -0.23314094616834247, ""A_D"": -0.2335734346956979}, ""0-2"": {""theta_deg"": 0.60712379375002, ""A_D"": 0.3972987750864556}, ""1-2"": {""theta_deg"": 0.8402647399183625, ""A_D"": 0.6308722097821535}}","[[-0.023226859490643292, -0.07216656742745808], [0.20991408667769917, 0.16140686726823983], [-0.6303506532406633, -0.4694653425139137]]",False,True,"[5.002528917001769, 3.5930062903151345]",True,5.0,4.0,ok
gaze,gaze_+5,conditional27,capture_3_detections.pkl,13,16500,16500,True,"[true, true, true]",3,3,"[0, 1, 2]",6.683372796643604,3,True,6.683372796643604,8.2399209104238,0.023406314602169204,0.4880665715303269,29.283994291819614,0.47191917861893573,0.690127231321978,0.6594188838226025,"{""0-1"": {""theta_deg"": 0.690127231321978, ""A_D"": 0.6594188838226025}, ""0-2"": {""theta_deg"": 0.3553966117873504, ""A_D"": 0.2406217409297895}, ""1-2"": {""theta_deg"": -0.33473061953462757, ""A_D"": -0.418797142892813}}","[[0.2816725118296679, 0.2511507562863273], [-0.40845471949231005, -0.40826812753627517], [-0.07372409995768248, 0.01052901535653783]]",False,True,"[5.144071486119675, 1.8779653378825958]",True,5.0,3.0,ok
gaze,gaze_+5,conditional27,capture_3_detections.pkl,13,17071,17071,True,"[true, true, true]",3,3,"[0, 1, 2]",4.160466877692374,3,True,4.160466877692374,5.20784356513149,0.014566239438857173,0.5251130839605207,31.506785037631243,0.4099546964015542,0.6985963210601733,0.5323775479794062,"{""0-1"": {""theta_deg"": -0.13115139440533596, ""A_D"": -0.0673800984795232}, ""0-2"": {""theta_deg"": 0.5674449266548374, ""A_D"": 0.464997449499883}, ""1-2"": {""theta_deg"": 0.6985963210601733, ""A_D"": 0.5323775479794062}}","[[0.08536967990171718, 0.09844715654895309], [0.21652107430705314, 0.16582725502847628], [-0.4820752467531202, -0.3665502929509299]]",False,True,"[4.952239051218747, 2.370834926381248]",True,5.0,3.0,ok
gaze,gaze_+5,conditional27,capture_3_detections.pkl,13,17643,17643,True,"[true, true, true]",3,3,"[0, 1, 2]",2.9137190924234355,3,True,2.9137190924234355,3.953616045956645,0.010206615527815719,0.3734226679653087,22.405360077918523,0.2765229463445477,0.5084316296009828,0.3853912529069441,"{""0-1"": {""theta_deg"": -0.13056432090955372, ""A_D"": -0.13522740549861467}, ""0-2"": {""theta_deg"": 0.37786730869142904, ""A_D"": 0.2501638474083294}, ""1-2"": {""theta_deg"": 0.5084316296009828, ""A_D"": 0.3853912529069441}}","[[0.012769370138888014, -0.015285266109704043], [0.14333369104844174, 0.11994213938891063], [-0.365097938552541, -0.26544911351803346]]",False,True,"[4.781698432921125, 2.175542491664496]",True,5.0,3.0,ok
gaze,gaze_+5,conditional27,capture_3_detections.pkl,13,18214,18214,True,"[true, true, true]",3,3,"[0, 1, 2]",1.6821741233251546,3,True,1.6821741233251546,2.3271063984447227,0.005888901481002398,0.20325437848903008,12.195262709341804,0.14078554343810448,0.251189130736309,0.17830911413291428,"{""0-1"": {""theta_deg"": 0.004571720366080889, ""A_D"": -0.012439182306275498}, ""0-2"": {""theta_deg"": 0.251189130736309, ""A_D"": 0.16586993182663878}, ""1-2"": {""theta_deg"": 0.2466174103702281, ""A_D"": 0.17830911413291428}}","[[0.035996785351514404, 0.012179281126917463], [0.031425064985433515, 0.02461846343319296], [-0.2151923453847946, -0.15369065069972132]]",False,True,"[4.784622121174399, 2.172078819324389]",True,5.0,3.0,ok
gaze,gaze_+5,conditional27,capture_3_detections.pkl,13,18785,18785,True,"[true, true, true]",3,3,"[0, 1, 2]",2.1060190244260237,3,True,2.1060190244260237,2.799827601819652,0.007370521067940922,0.22856402936464346,13.713841761878607,0.153944672004944,0.30104688451914985,0.2058381625475021,"{""0-1"": {""theta_deg"": 0.04859035994530547, ""A_D"": 0.04150710208918351}, ""0-2"": {""theta_deg"": 0.30104688451914985, ""A_D"": 0.2058381625475021}, ""1-2"": {""theta_deg"": 0.2524565245738444, ""A_D"": 0.16433106045831858}}","[[0.058727377954840065, 0.03758927834596282], [0.010137018009534593, -0.003917823743220694], [-0.24231950656430978, -0.16824888420153927]]",False,True,"[4.738670634870632, 2.185728043023669]",True,5.0,3.0,ok
gaze,gaze_+5,conditional27,capture_3_detections.pkl,13,19356,19356,True,"[true, true, true]",3,3,"[0, 1, 2]",1.6011885662084238,3,True,1.6011885662084238,1.7742717005799375,0.005605057085398234,0.1976837451694351,11.861024710166106,0.17484874831298286,0.27943147396493107,0.24094617201922208,"{""0-1"": {""theta_deg"": -0.13217695892095183, ""A_D"": -0.16860658600584877}, ""0-2"": {""theta_deg"": 0.14725451504397924, ""A_D"": 0.07233958601337331}, ""1-2"": {""theta_deg"": 0.27943147396493107, ""A_D"": 0.24094617201922208}}","[[-0.031820568216779144, -0.06459890411853886], [0.10035639070417268, 0.10400768188730991], [-0.17907508326075838, -0.13693849013191217]]",False,True,"[4.7894866478388565, 2.2637617555722165]",True,5.0,3.0,ok
gaze,gaze_+5,conditional27,capture_3_detections.pkl,13,19928,19928,True,"[true, true, true]",3,3,"[0, 1, 2]",1.7899975130619754,3,True,1.7899975130619754,1.9701805789705975,0.006267248056218513,0.15962692551237373,9.577615530742424,0.11697274365705174,0.2240887935851923,0.15616753769347413,"{""0-1"": {""theta_deg"": 0.13569376179356762, ""A_D"": 0.12533532190116592}, ""0-2"": {""theta_deg"": 0.2240887935851923, ""A_D"": 0.15616753769347413}, ""1-2"": {""theta_deg"": 0.08839503179162467, ""A_D"": 0.030832215792308215}}","[[0.0759821297126333, 0.0593416339303392], [-0.05971163208093433, -0.06599368797082672], [-0.148106663872559, -0.09682590376313494]]",False,True,"[4.744723401665224, 2.2169033667294897]",True,5.0,3.0,ok
gaze,gaze_+5,conditional27,capture_3_detections.pkl,13,20499,20499,True,"[true, true, true]",3,3,"[0, 1, 2]",1.8649026804500275,3,True,1.8649026804500275,2.265851184893062,0.00652950103149216,0.10657967050949452,6.394780230569671,0.0682600255525455,0.1308719524513391,0.09542605828563344,"{""0-1"": {""theta_deg"": 0.13019119450998584, ""A_D"": 0.09542605828563344}, ""0-2"": {""theta_deg"": 0.1308719524513391, ""A_D"": 0.060344227926044436}, ""1-2"": {""theta_deg"": 0.0006807579413532494, ""A_D"": -0.035081830359589006}}","[[0.04594556270952932, 0.015172214360321234], [-0.08424563180045652, -0.08025384392531221], [-0.08492638974180977, -0.0451720135657232]]",False,True,"[4.6313522671998655, 2.0747312331136185]",True,5.0,3.0,ok
gaze,gaze_+5,conditional27,capture_4_detections.pkl,18,15690,15690,True,"[true, true, true]",3,3,"[0, 1, 2]",4.92719940140979,3,True,4.92719940140979,6.0528531490603585,0.017269920816936724,0.2867142716131368,17.202856296788205,0.2662848948554361,0.3968009126127763,0.34630108976918494,"{""0-1"": {""theta_deg"": 0.3968009126127763, ""A_D"": 0.34630108976918494}, ""0-2"": {""theta_deg"": 0.12615513028298153, ""A_D"": 0.04501727730445859}, ""1-2"": {""theta_deg"": -0.27064578232979475, ""A_D"": -0.30128381246472635}}","[[0.13253770526676067, 0.09625195043447166], [-0.2642632073460156, -0.2500491393347133], [0.0063825749837791435, 0.051234673130013064]]",False,True,"[4.916075503472116, 1.2821102987933821]",True,5.0,2.0,ok
gaze,gaze_+5,conditional27,capture_4_detections.pkl,18,16250,16250,True,"[true, true, true]",3,3,"[0, 1, 2]",1.932787095423951,3,True,1.932787095423951,2.548802155200479,0.0067761658036299185,0.14765718822780138,8.859431293668083,0.07406131170003095,0.1891681904338922,0.09369521176410966,"{""0-1"": {""theta_deg"": 0.017997447235815756, ""A_D"": 0.006307227178190988}, ""0-2"": {""theta_deg"": 0.1891681904338922, ""A_D"": 0.09369521176410966}, ""1-2"": {""theta_deg"": 0.17117074319807646, ""A_D"": 0.08738798458591868}}","[[0.023841443901434722, -0.00046918773610071796], [0.005843996665618967, -0.006776414914291706], [-0.1653267465324575, -0.09416439950021038]]",False,True,"[5.164830429526328, 1.3640070341516088]",True,5.0,2.0,ok
gaze,gaze_+5,conditional27,capture_4_detections.pkl,18,16810,16810,True,"[true, true, true]",3,3,"[0, 1, 2]",1.6114207478164035,3,True,1.6114207478164035,1.9225405848641877,0.005657761428798891,0.16241241441725063,9.744744865035038,0.1230683725728994,0.22966038878493933,0.16581877750403273,"{""0-1"": {""theta_deg"": -0.11186912995142428, ""A_D"": -0.1287006134780928}, ""0-2"": {""theta_deg"": 0.11779125883351504, ""A_D"": 0.037118164025939926}, ""1-2"": {""theta_deg"": 0.22966038878493933, ""A_D"": 0.16581877750403273}}","[[-0.030615449361206082, -0.056804429819698354], [0.0812536805902182, 0.07189618365839445], [-0.14840670819472113, -0.09392259384563828]]",False,True,"[5.153224408340293, 1.3115042257198708]",True,5.0,2.0,ok
gaze,gaze_+5,conditional27,capture_4_detections.pkl,18,17370,17370,True,"[true, true, true]",3,3,"[0, 1, 2]",1.8455053383336602,3,True,1.8455053383336602,2.310223021067849,0.006480400842981656,0.19230458758167715,11.538275254900629,0.1389644978238014,0.2706904039784952,0.19363495562133348,"{""0-1"": {""theta_deg"": -0.1126161346324972, ""A_D"": -0.1259005562975657}, ""0-2"": {""theta_deg"": 0.158074269345998, ""A_D"": 0.06773439932376779}, ""1-2"": {""theta_deg"": 0.2706904039784952, ""A_D"": 0.19363495562133348}}","[[-0.020184652673282955, -0.045909587277368935], [0.09243148195921425, 0.07999096902019676], [-0.17825892201928095, -0.11364398660113673]]",False,True,"[5.163268626557894, 1.210387286864836]",True,5.0,2.0,ok
gaze,gaze_+5,conditional27,capture_4_detections.pkl,18,17929,17929,True,"[true, true, true]",3,3,"[0, 1, 2]",1.7415052797877473,3,True,1.7415052797877473,2.082771605855032,0.006111910742598813,0.18792534581880346,11.275520749128209,0.1441759701356641,0.2654981264525835,0.20025851368897363,"{""0-1"": {""theta_deg"": -0.12240681785590546, ""A_D"": -0.13333258978189289}, ""0-2"": {""theta_deg"": 0.14309130859667807, ""A_D"": 0.06692592390708074}, ""1-2"": {""theta_deg"": 0.2654981264525835, ""A_D"": 0.20025851368897363}}","[[-0.02242127009419903, -0.044014638739825696], [0.09998554776170643, 0.08931795104206719], [-0.1655125786908771, -0.11094056264690644]]",False,True,"[5.068843564888424, 1.2759602362213314]",True,5.0,2.0,ok
gaze,gaze_+5,conditional27,capture_4_detections.pkl,18,18489,18489,True,"[true, true, true]",3,3,"[0, 1, 2]",1.9485908251257875,3,True,1.9485908251257875,2.3980569863408823,0.006836848583794086,0.2093561488179875,12.56136892907925,0.1622266681425778,0.29607102412003616,0.22606204708325972,"{""0-1"": {""theta_deg"": -0.14924260743061257, ""A_D"": -0.14691613732862563}, ""0-2"": {""theta_deg"": 0.1468284166894236, ""A_D"": 0.07914590975463409}, ""1-2"": {""theta_deg"": 0.29607102412003616, ""A_D"": 0.22606204708325972}}","[[-0.025464652148645683, -0.03934168672601235], [0.12377795528196689, 0.10757445060261328], [-0.17229306883806927, -0.11848759648064644]]",False,True,"[5.050848148703325, 1.2514807375522654]",True,5.0,2.0,ok
gaze,gaze_+5,conditional27,capture_4_detections.pkl,18,19049,19049,True,"[true, true, true]",3,3,"[0, 1, 2]",2.0422568999825685,3,True,2.0422568999825685,2.3260644457110664,0.007164570949151527,0.11286356625787597,6.771813975472558,0.06226635875568469,0.15897755834726635,0.07791349793449465,"{""0-1"": {""theta_deg"": 0.09181269247765655, ""A_D"": 0.07449214369906465}, ""0-2"": {""theta_deg"": 0.15897755834726635, ""A_D"": 0.07791349793449465}, ""1-2"": {""theta_deg"": 0.06716486586960979, ""A_D"": 0.0034213542354299964}}","[[0.04588710396351381, 0.023157417671759495], [-0.045925588514142746, -0.051334726027305155], [-0.11309045438375254, -0.05475608026273515]]",False,True,"[4.90664590330778, 1.0818037328785395]",True,5.0,2.0,ok
gaze,gaze_+5,conditional27,capture_4_detections.pkl,18,19609,19609,True,"[true, true, true]",3,3,"[0, 1, 2]",1.5390334227600249,3,True,1.5390334227600249,1.8532287561528482,0.005400057370998261,0.16114067392606068,9.66844043556364,0.12025906698138128,0.22763987603198288,0.1671323980950572,"{""0-1"": {""theta_deg"": -0.10462535699643816, ""A_D"": -0.11083222033951423}, ""0-2"": {""theta_deg"": 0.12301451903554472, ""A_D"": 0.05630017775554297}, ""1-2"": {""theta_deg"": 0.22763987603198288, ""A_D"": 0.1671323980950572}}","[[-0.01940055195003687, -0.03695269554405001], [0.08522480504640129, 0.07387952479546422], [-0.1424150709855816, -0.09325287329959298]]",False,True,"[5.019764600012719, 1.1834291624605873]",True,5.0,2.0,ok
gaze,gaze_+5,conditional37,capture_1_detections.pkl,3,16000,16000,True,"[true, true, true]",3,3,"[0, 1, 2]",8.120060873064961,3,True,8.120060873064961,10.806424631267841,0.02863594743489101,0.7860557109947657,47.16334265968594,0.7848333055405381,1.053421451372616,0.9850021535287324,"{""0-1"": {""theta_deg"": -0.8342051248584532, ""A_D"": -0.9355282140667565}, ""0-2"": {""theta_deg"": 0.21921632651416267, ""A_D"": 0.04947393946197598}, ""1-2"": {""theta_deg"": 1.053421451372616, ""A_D"": 0.9850021535287324}}","[[-0.22499676591486484, -0.305647225844379], [0.6092083589435884, 0.6298809882223775], [-0.4442130924290275, -0.35512116530635496]]",False,True,"[5.277586128547343, 0.9547819090484682]",True,5.0,0.36036036036036034,ok
gaze,gaze_+5,conditional37,capture_1_detections.pkl,3,16571,16571,True,"[true, true, true]",3,3,"[0, 1, 2]",3.5063891089289383,3,True,3.5063891089289383,3.963776543907164,0.012379252404499073,0.2774461890846188,16.64677134507713,0.23396195867480427,0.392129524311283,0.3064142964464951,"{""0-1"": {""theta_deg"": -0.18421533689859793, ""A_D"": -0.2613274810026365}, ""0-2"": {""theta_deg"": 0.20791418741268508, ""A_D"": 0.04508681544385862}, ""1-2"": {""theta_deg"": 0.392129524311283, ""A_D"": 0.3064142964464951}}","[[-0.05757750018429597, -0.13015392142250393], [0.12663783671430195, 0.13117355958013255], [-0.26549168759698105, -0.17524073686636255]]",False,True,"[5.245126180590935, 0.7793538335951613]",True,5.0,0.36036036036036034,ok
gaze,gaze_+5,conditional37,capture_1_detections.pkl,3,17143,17143,True,"[true, true, true]",3,3,"[0, 1, 2]",4.361802202870333,3,True,4.361802202870333,4.651703310201932,0.015405172426530968,0.35869784716706155,21.521870830023694,0.33060869148459615,0.5032612526750357,0.4114987408333748,"{""0-1"": {""theta_deg"": -0.3067876930687383, ""A_D"": -0.3979855533977943}, ""0-2"": {""theta_deg"": 0.19647355960629742, ""A_D"": 0.013513187435580498}, ""1-2"": {""theta_deg"": 0.5032612526750357, ""A_D"": 0.4114987408333748}}","[[-0.10261505834244478, -0.18774779039350153], [0.20417263472629354, 0.21023776300429275], [-0.2990886179487422, -0.20126097782908203]]",False,True,"[5.206724593992921, 0.7751460346285163]",True,5.0,0.36036036036036034,ok
gaze,gaze_+5,conditional37,capture_1_detections.pkl,3,17714,17714,True,"[true, true, true]",3,3,"[0, 1, 2]",4.275535807502425,3,True,4.275535807502425,4.903242446460096,0.01510035223657145,0.3213273972984703,19.279643837908218,0.3014786663166432,0.45046772388434064,0.37414580947944587,"{""0-1"": {""theta_deg"": -0.27706113937172105, ""A_D"": -0.37414580947944587}, ""0-2"": {""theta_deg"": 0.1734065845126196, ""A_D"": -0.01002696634287481}, ""1-2"": {""theta_deg"": 0.45046772388434064, ""A_D"": 0.36411884313657106}}","[[-0.10020062053018641, -0.18889099715088453], [0.17686051884153464, 0.18525481232856134], [-0.273607205042806, -0.17886403080800972]]",False,True,"[5.189296043769501, 0.7344802661047405]",True,5.0,0.36036036036036034,ok
gaze,gaze_+5,conditional37,capture_1_detections.pkl,3,18285,18285,True,"[true, true, true]",3,3,"[0, 1, 2]",4.18389601935999,3,True,4.18389601935999,5.1992524645057765,0.0147812666675475,0.2672187543679365,16.03312526207619,0.25619743412814755,0.37489577930497475,0.33106876860126494,"{""0-1"": {""theta_deg"": -0.2286626931023905, ""A_D"": -0.33106876860126494}, ""0-2"": {""theta_deg"": 0.14623308620258424, ""A_D"": -0.03805579502619272}, ""1-2"": {""theta_deg"": 0.37489577930497475, ""A_D"": 0.2930129735750722}}","[[-0.09196868222523591, -0.18441176315872837], [0.1366940108771546, 0.14665700544253657], [-0.23820176842782015, -0.14635596813253565]]",False,True,"[5.078220625862842, 0.6452150758566869]",True,5.0,0.36036036036036034,ok
gaze,gaze_+5,conditional37,capture_1_detections.pkl,3,18856,18856,True,"[true, true, true]",3,3,"[0, 1, 2]",4.6051860098370865,3,True,4.6051860098370865,4.842053218042953,0.016263887520782665,0.3739470349461744,22.436822096770463,0.35337062340246567,0.5201455363138834,0.43448299587347505,"{""0-1"": {""theta_deg"": -0.34278336727888004, ""A_D"": -0.43448299587347505}, ""0-2"": {""theta_deg"": 0.17736216903500335, ""A_D"": -0.0034084066052547657}, ""1-2"": {""theta_deg"": 0.5201455363138834, ""A_D"": 0.4310745892682203}}","[[-0.11602509715904485, -0.20117247294836993], [0.22675827011983518, 0.23331052292510512], [-0.2933872661940482, -0.19776406634311516]]",False,True,"[5.255658580842372, 0.7367516752884553]",True,5.0,0.36036036036036034,ok
gaze,gaze_+5,conditional37,capture_1_detections.pkl,3,19428,19428,True,"[true, true, true]",3,3,"[0, 1, 2]",4.200710231108903,3,True,4.200710231108903,5.003028316642122,0.014843916683609138,0.28591864884445917,17.15511893066755,0.2656071526201846,0.40102406250582145,0.3374740554538518,"{""0-1"": {""theta_deg"": -0.24533375147934766, ""A_D"": -0.3374740554538518}, ""0-2"": {""theta_deg"": 0.1556903110264738, ""A_D"": -0.025893807005216596}, ""1-2"": {""theta_deg"": 0.40102406250582145, ""A_D"": 0.3115802484486352}}","[[-0.09206959798815628, -0.1785319531058105], [0.15326415349119138, 0.1589421023480413], [-0.24775990901463008, -0.1526381461005939]]",False,True,"[5.144828833958987, 0.602262679872966]",True,5.0,0.36036036036036034,ok
gaze,gaze_+5,conditional37,capture_1_detections.pkl,3,19999,19999,True,"[true, true, true]",3,3,"[0, 1, 2]",4.4083654391943785,3,True,4.4083654391943785,6.005148549504566,0.015594854149759583,0.13411776069470577,8.047065641682346,0.10588601326361112,0.1802787851292207,0.1478863100136194,"{""0-1"": {""theta_deg"": -0.03909009947555031, ""A_D"": -0.1478863100136194}, ""0-2"": {""theta_deg"": 0.14118868565367038, ""A_D"": -0.053571577006831794}, ""1-2"": {""theta_deg"": 0.1802787851292207, ""A_D"": 0.09431473300678761}}","[[-0.03762962673010506, -0.13459809478402246], [0.0014604727454452515, 0.013288215229596945], [-0.17881831238377544, -0.08102651777719067]]",False,True,"[5.007552428373766, 0.45001365578552766]",True,5.0,0.36036036036036034,ok
gaze,gaze_+5,conditional37,capture_2_detections.pkl,8,17300,17300,True,"[true, true, true]",3,3,"[0, 1, 2]",3.8435592683161417,3,True,3.8435592683161417,4.839518788738606,0.013363168996093714,0.3453610118473446,20.721660710840673,0.23024185568144706,0.43288859184314266,0.2819875319255356,"{""0-1"": {""theta_deg"": 0.020569481191912153, ""A_D"": 1.7763568394002505e-15}, ""0-2"": {""theta_deg"": 0.43288859184314266, ""A_D"": 0.2819875319255356}, ""1-2"": {""theta_deg"": 0.4123191106512305, ""A_D"": 0.28198753192553383}}","[[0.05798232514152346, 0.0], [0.03741284394961131, -1.7763568394002505e-15], [-0.3749062667016192, -0.2819875319255356]]",False,True,"[6.483369317873438, 5.999999999999999]",False,5.0,4.0,ok
gaze,gaze_+5,conditional37,capture_2_detections.pkl,8,17871,17871,True,"[true, true, true]",3,3,"[0, 1, 2]",3.683780521902042,3,True,3.683780521902042,4.689492156777042,0.01282582521050333,0.3648337987179246,21.890027923075476,0.266674375067992,0.48805788641686476,0.3719720947787639,"{""0-1"": {""theta_deg"": -0.09909731912261144, ""A_D"": -0.1321306483445337}, ""0-2"": {""theta_deg"": 0.3889605672942533, ""A_D"": 0.23984144643423022}, ""1-2"": {""theta_deg"": 0.48805788641686476, ""A_D"": 0.3719720947787639}}","[[-0.06222123882018682, -0.1321306483445337], [0.03687608030242462, 0.0], [-0.45118180611444014, -0.3719720947787639]]",False,True,"[6.280667334181174, 5.999999999999999]",False,5.0,4.0,ok
gaze,gaze_+5,conditional37,capture_2_detections.pkl,8,18443,18443,True,"[true, true, true]",3,3,"[0, 1, 2]",4.361895892721142,3,True,4.361895892721142,5.584434277869034,0.015164407760797279,0.17331574518006765,10.39894471080406,0.0,0.23656514078824475,0.0,"{""0-1"": {""theta_deg"": 0.06273779643777555, ""A_D"": 0.0}, ""0-2"": {""theta_deg"": 0.23656514078824475, ""A_D"": 0.0}, ""1-2"": {""theta_deg"": 0.1738273443504692, ""A_D"": 0.0}}","[[0.09542561932724603, 0.0], [0.032687822889470475, 0.0], [-0.14113952146099873, 0.0]]",True,True,"[6.53207321892809, 5.999999999999999]",False,5.0,4.0,ok
gaze,gaze_+5,conditional37,capture_2_detections.pkl,8,19014,19014,True,"[true, true, true]",3,3,"[0, 1, 2]",4.382120581878825,3,True,4.382120581878825,5.500966275086831,0.01523928470131445,0.18467286273478498,11.080371764087099,0.02322944578030925,0.24254790140411053,0.02845014458470274,"{""0-1"": {""theta_deg"": 0.03740508884416727, ""A_D"": 0.0}, ""0-2"": {""theta_deg"": 0.24254790140411053, ""A_D"": 0.02845014458470274}, ""1-2"": {""theta_deg"": 0.20514281255994327, ""A_D"": 0.02845014458470274}}","[[0.07930285080493782, 5.329070518200751e-15], [0.04189776196077055, 5.329070518200751e-15], [-0.16324505059917271, -0.028450144584697412]]",False,True,"[6.363262626891231, 5.999999999999994]",False,5.0,4.0,ok
gaze,gaze_+5,conditional37,capture_2_detections.pkl,8,19585,19585,True,"[true, true, true]",3,3,"[0, 1, 2]",4.38106829471496,3,True,4.38106829471496,5.493664797945058,0.015240160424564091,0.33113350424282456,19.868010254569473,0.19362067715235978,0.41832266802094953,0.23713593133771926,"{""0-1"": {""theta_deg"": 0.026873908462043516, ""A_D"": 0.0}, ""0-2"": {""theta_deg"": 0.41832266802094953, ""A_D"": 0.23713593133771926}, ""1-2"": {""theta_deg"": 0.391448759558906, ""A_D"": 0.23713593133771926}}","[[0.06890144800895204, 0.0], [0.04202753954690852, 0.0], [-0.3494212200119975, -0.23713593133771926]]",False,True,"[6.421491525640981, 5.999999999999999]",False,5.0,4.0,ok
gaze,gaze_+5,conditional37,capture_2_detections.pkl,8,20156,20156,True,"[true, true, true]",3,3,"[0, 1, 2]",4.45065533041157,3,True,4.45065533041157,5.532771990885939,0.015478430864978314,0.23254521056489577,13.952712633893746,0.07911442102503696,0.3021986505910821,0.09689498140352892,"{""0-1"": {""theta_deg"": 0.038747671455001687, ""A_D"": 0.0}, ""0-2"": {""theta_deg"": 0.3021986505910821, ""A_D"": 0.09689498140352892}, ""1-2"": {""theta_deg"": 0.2634509791360804, ""A_D"": 0.09689498140352892}}","[[0.07834283230472394, 0.0], [0.039595160849722255, 0.0], [-0.22385581828635814, -0.09689498140352892]]",False,True,"[6.4241979648407845, 5.999999999999999]",False,5.0,4.0,ok
gaze,gaze_+5,conditional37,capture_2_detections.pkl,8,20728,20728,True,"[true, true, true]",3,3,"[0, 1, 2]",4.971623372384367,3,True,4.971623372384367,6.339816510044451,0.017282453208990703,0.7291829604420994,43.750977626525966,0.6315366440012915,0.90230484203913,0.7734712658364433,"{""0-1"": {""theta_deg"": 0.018779707121923117, ""A_D"": -1.1546319456101628e-14}, ""0-2"": {""theta_deg"": 0.90230484203913, ""A_D"": 0.7734712658364318}, ""1-2"": {""theta_deg"": 0.8835251349172069, ""A_D"": 0.7734712658364433}}","[[0.0588784199606911, -1.1546319456101628e-14], [0.04009871283876798, 0.0], [-0.8434264220784389, -0.7734712658364433]]",False,True,"[6.591177385938339, 5.999999999999999]",False,5.0,4.0,ok
gaze,gaze_+5,conditional37,capture_2_detections.pkl,8,21299,21299,True,"[true, true, true]",3,3,"[0, 1, 2]",4.499160450085142,3,True,4.499160450085142,5.701149124034263,0.015634989240771936,0.39637760717913784,23.78265643074827,0.2603288277706591,0.4956371025712647,0.31883639668749897,"{""0-1"": {""theta_deg"": 0.02103515655475796, ""A_D"": 0.0}, ""0-2"": {""theta_deg"": 0.4956371025712647, ""A_D"": 0.31883639668749897}, ""1-2"": {""theta_deg"": 0.47460194601650674, ""A_D"": 0.31883639668749897}}","[[0.06664195912674131, 0.0], [0.04560680257198335, 0.0], [-0.4289951434445234, -0.31883639668749897]]",False,True,"[6.484404148217056, 5.999999999999999]",False,5.0,4.0,ok
gaze,gaze_+5,conditional37,capture_3_detections.pkl,13,16500,16500,True,"[true, true, true]",3,3,"[0, 1, 2]",5.985183595905055,3,True,5.985183595905055,7.322134610720826,0.020961136608726953,0.6262585857930852,37.575515147585115,0.6982913438852678,0.8838268816703065,0.9682781454643759,"{""0-1"": {""theta_deg"": 0.8838268816703065, ""A_D"": 0.9682781454643759}, ""0-2"": {""theta_deg"": 0.3925448592569971, ""A_D"": 0.31607873779353657}, ""1-2"": {""theta_deg"": -0.4912820224133094, ""A_D"": -0.6521994076708393}}","[[0.32028625992662274, 0.32491194057186146], [-0.5635406217436838, -0.6433662048925144], [-0.07225859933037437, 0.008833202778324889]]",False,True,"[5.8940938348847, 3.3486816973039897]",True,5.0,3.0,ok
gaze,gaze_+5,conditional37,capture_3_detections.pkl,13,17071,17071,True,"[true, true, true]",3,3,"[0, 1, 2]",4.438644723012366,3,True,4.438644723012366,5.745126348250257,0.015540169822305829,0.9718788986277369,58.31273391766422,0.9639894695666925,1.3259553846389096,1.3065880089449182,"{""0-1"": {""theta_deg"": -0.3496015144483451, ""A_D"": -0.3163453773581386}, ""0-2"": {""theta_deg"": 0.9763538701905645, ""A_D"": 0.9902426315867796}, ""1-2"": {""theta_deg"": 1.3259553846389096, ""A_D"": 1.3065880089449182}}","[[0.11606451201358592, 0.14812897212447496], [0.465666026461931, 0.46447434948261357], [-0.8602893581769786, -0.8421136594623047]]",False,True,"[6.085120408628181, 4.3015638705724015]",True,5.0,3.0,ok
gaze,gaze_+5,conditional37,capture_3_detections.pkl,13,17643,17643,True,"[true, true, true]",3,3,"[0, 1, 2]",3.099455692043208,3,True,3.099455692043208,3.9901285277468634,0.010857241755543836,0.6753675548762463,40.52205329257478,0.6616677041187249,0.9502510714672834,0.9352410679105079,"{""0-1"": {""theta_deg"": -0.3917638109989685, ""A_D"": -0.44117559718417443}, ""0-2"": {""theta_deg"": 0.5584872604683149, ""A_D"": 0.49406547072633344}, ""1-2"": {""theta_deg"": 0.9502510714672834, ""A_D"": 0.9352410679105079}}","[[-0.05933444043841529, -0.09515984971915126], [0.3324293705605532, 0.34601574746502317], [-0.6178217009067302, -0.5892253204454847]]",False,True,"[5.742243842735646, 3.8902979055969067]",True,5.0,3.0,ok
gaze,gaze_+5,conditional37,capture_3_detections.pkl,13,18214,18214,True,"[true, true, true]",3,3,"[0, 1, 2]",1.6421203845720693,3,True,1.6421203845720693,2.2601708150992046,0.005748682630770367,0.3598225381011427,21.58935228606856,0.3479742008914237,0.49827591664331194,0.48875926689972893,"{""0-1"": {""theta_deg"": -0.15969959094907438, ""A_D"": -0.19473236772689617}, ""0-2"": {""theta_deg"": 0.33857632569423757, ""A_D"": 0.29402689917283276}, ""1-2"": {""theta_deg"": 0.49827591664331194, ""A_D"": 0.48875926689972893}}","[[-0.01880335455176141, -0.04556388236711939], [0.14089623639731297, 0.14916848535977678], [-0.357379680245999, -0.33959078153995215]]",False,True,"[5.738944072474527, 3.8799519829286124]",True,5.0,3.0,ok
gaze,gaze_+5,conditional37,capture_3_detections.pkl,13,18785,18785,True,"[true, true, true]",3,3,"[0, 1, 2]",1.9573178306379797,3,True,1.9573178306379797,2.6953276525890697,0.006850105407431184,0.376050447076,22.563026824559998,0.34658929636214986,0.4976396430452885,0.46641241239703746,"{""0-1"": {""theta_deg"": -0.08637907118145804, ""A_D"": -0.10270407326308684}, ""0-2"": {""theta_deg"": 0.41126057186383047, ""A_D"": 0.3637083391339506}, ""1-2"": {""theta_deg"": 0.4976396430452885, ""A_D"": 0.46641241239703746}}","[[0.015797995189223535, -0.004794324322891175], [0.10217706637068158, 0.09790974894019566], [-0.39546257667460694, -0.3685026634568418]]",False,True,"[5.690491734455407, 3.8903393816314535]",True,5.0,3.0,ok
gaze,gaze_+5,conditional37,capture_3_detections.pkl,13,19356,19356,True,"[true, true, true]",3,3,"[0, 1, 2]",1.852325551149205,3,True,1.852325551149205,2.276623119210719,0.006484177238111492,0.41901320197525277,25.140792118515165,0.45738741813023975,0.57556901603881,0.6084091071015534,"{""0-1"": {""theta_deg"": -0.4098432069163618, ""A_D"": -0.494424542491708}, ""0-2"": {""theta_deg"": 0.16572580912244828, ""A_D"": 0.1139845646098454}, ""1-2"": {""theta_deg"": 0.57556901603881, ""A_D"": 0.6084091071015534}}","[[-0.1401750979156713, -0.18974137056521823], [0.2696681090006905, 0.30468317192648975], [-0.30590090703811956, -0.30372593517506363]]",False,True,"[5.821809414804426, 4.06601889531178]",True,5.0,3.0,ok
gaze,gaze_+5,conditional37,capture_3_detections.pkl,13,19928,19928,True,"[true, true, true]",3,3,"[0, 1, 2]",1.354014395550366,3,True,1.354014395550366,1.7474407669817427,0.004740757474064216,0.20607971682318482,12.36478300939109,0.17912090458119184,0.27709161603643295,0.24249904867948135,"{""0-1"": {""theta_deg"": 0.06032527509607011, ""A_D"": 0.05782944684738389}, ""0-2"": {""theta_deg"": 0.27709161603643295, ""A_D"": 0.24249904867948135}, ""1-2"": {""theta_deg"": 0.21676634094036284, ""A_D"": 0.18466960183209746}}","[[0.0442664550242009, 0.03149821666461783], [-0.016058820071869206, -0.026331230182766063], [-0.23282516101223205, -0.21100083201486353]]",False,True,"[5.714586162368559, 3.944767793945904]",True,5.0,3.0,ok
gaze,gaze_+5,conditional37,capture_3_detections.pkl,13,20499,20499,True,"[true, true, true]",3,3,"[0, 1, 2]",1.3599353844873876,3,True,1.3599353844873876,1.7662582757299905,0.004761481437535542,0.07622235795412584,4.57334147724755,0.036538558536085335,0.10701155009330243,0.04889873732037753,"{""0-1"": {""theta_deg"": 0.04227332704535591, ""A_D"": 0.009982699859219402}, ""0-2"": {""theta_deg"": 0.10701155009330243, ""A_D"": 0.04889873732037753}, ""1-2"": {""theta_deg"": 0.06473822304794652, ""A_D"": 0.038916037461158126}}","[[-0.013310862300349058, -0.048809639870495136], [-0.05558418934570497, -0.05879233972971454], [-0.12032241239365149, -0.09770837719087266]]",False,True,"[5.492374803393163, 3.6639812183948526]",True,5.0,3.0,ok
gaze,gaze_+5,conditional37,capture_4_detections.pkl,18,15690,15690,True,"[true, true, true]",3,3,"[0, 1, 2]",4.306149080820232,3,True,4.306149080820232,5.127517576255083,0.01509312848804376,0.34642937963709125,20.785762778225475,0.3786216497071151,0.4654120181093635,0.4769755493503043,"{""0-1"": {""theta_deg"": 0.4654120181093635, ""A_D"": 0.4769755493503043}, ""0-2"": {""theta_deg"": 0.10017785105368571, ""A_D"": 0.02776930269918232}, ""1-2"": {""theta_deg"": -0.3652341670556778, ""A_D"": -0.44920624665112197}}","[[0.12967154571706452, 0.10755943279297986], [-0.335740472392299, -0.3694161165573244], [0.02949369466337881, 0.07979013009379754]]",False,True,"[5.333115719605852, 2.304073958547829]",True,5.0,2.0,ok
gaze,gaze_+5,conditional37,capture_4_detections.pkl,18,16250,16250,True,"[true, true, true]",3,3,"[0, 1, 2]",1.8891201480801794,3,True,1.8891201480801794,2.576893182847234,0.006623073682909364,0.24831835732809904,14.899101439685943,0.20387215934518033,0.3358842307861263,0.2839823154176879,"{""0-1"": {""theta_deg"": -0.0791764265763959, ""A_D"": -0.09884814632105954}, ""0-2"": {""theta_deg"": 0.2567078042097304, ""A_D"": 0.1851341690966284}, ""1-2"": {""theta_deg"": 0.3358842307861263, ""A_D"": 0.2839823154176879}}","[[-0.008369022942699367, -0.035472648999778755], [0.07080740363369653, 0.06337549732128078], [-0.26507682715242975, -0.22060681809640714]]",False,True,"[5.635619399131163, 2.4637969802836115]",True,5.0,2.0,ok
gaze,gaze_+5,conditional37,capture_4_detections.pkl,18,16810,16810,True,"[true, true, true]",3,3,"[0, 1, 2]",2.0045577646932475,3,True,2.0045577646932475,2.248253803393784,0.007038080909811487,0.31853736160914276,19.112241696548566,0.31809955985509625,0.4465202821958867,0.4306630893854324,"{""0-1"": {""theta_deg"": -0.27487219688096687, ""A_D"": -0.3279280479721485}, ""0-2"": {""theta_deg"": 0.17164808531491982, ""A_D"": 0.10273504141328393}, ""1-2"": {""theta_deg"": 0.4465202821958867, ""A_D"": 0.4306630893854324}}","[[-0.08388024359768931, -0.12363445035852072], [0.19099195328327756, 0.20429359761362775], [-0.2555283289126091, -0.22636949177180465]]",False,True,"[5.59551532797698, 2.372346376519426]",True,5.0,2.0,ok
gaze,gaze_+5,conditional37,capture_4_detections.pkl,18,17370,17370,True,"[true, true, true]",3,3,"[0, 1, 2]",2.270624601687976,3,True,2.270624601687976,2.6774852513867025,0.007973186138903115,0.355949642459648,21.35697854757888,0.34465904110333223,0.5030298333491707,0.47922832218821676,"{""0-1"": {""theta_deg"": -0.2679758407451249, ""A_D"": -0.31668518892495223}, ""0-2"": {""theta_deg"": 0.2350539926040458, ""A_D"": 0.16254313326326453}, ""1-2"": {""theta_deg"": 0.5030298333491707, ""A_D"": 0.47922832218821676}}","[[-0.06388541589694441, -0.10069001663858312], [0.20409042484818052, 0.2159951722863691], [-0.2989394085009902, -0.26323314990184765]]",False,True,"[5.551573550897526, 2.198798403586257]",True,5.0,2.0,ok
gaze,gaze_+5,conditional37,capture_4_detections.pkl,18,17929,17929,True,"[true, true, true]",3,3,"[0, 1, 2]",2.226878970739992,3,True,2.226878970739992,2.6755259136148077,0.007815357014244583,0.3598590253028736,21.591541518172416,0.3587495637892459,0.5075254029560803,0.4975785859029185,"{""0-1"": {""theta_deg"": -0.28633955144243384, ""A_D"": -0.3346003494453651}, ""0-2"": {""theta_deg"": 0.22118585151364645, ""A_D"": 0.16297823645755338}, ""1-2"": {""theta_deg"": 0.5075254029560803, ""A_D"": 0.4975785859029185}}","[[-0.06575639388623689, -0.09789751137063529], [0.22058315755619695, 0.2367028380747298], [-0.28694224539988333, -0.2608757478281887]]",False,True,"[5.488189485071705, 2.3039118638156335]",True,5.0,2.0,ok
gaze,gaze_+5,conditional37,capture_4_detections.pkl,18,18489,18489,True,"[true, true, true]",3,3,"[0, 1, 2]",2.4969307454319685,3,True,2.4969307454319685,3.18976869555938,0.008760760448328846,0.3964877200371828,23.78926320223097,0.3942264448075795,0.5588824119111431,0.5493627752898638,"{""0-1"": {""theta_deg"": -0.3187044897295088, ""A_D"": -0.35697440389053625}, ""0-2"": {""theta_deg"": 0.24017792218163425, ""A_D"": 0.19238837139932752}, ""1-2"": {""theta_deg"": 0.5588824119111431, ""A_D"": 0.5493627752898638}}","[[-0.06286645198624896, -0.08623812202738135], [0.25583803774325986, 0.2707362818631549], [-0.3030443741678832, -0.27862649342670887]]",False,True,"[5.454280731316352, 2.258121501145379]",True,5.0,2.0,ok
gaze,gaze_+5,conditional37,capture_4_detections.pkl,18,19049,19049,True,"[true, true, true]",3,3,"[0, 1, 2]",1.7665626943711183,3,True,1.7665626943711183,2.2466289681774647,0.0061973906221368105,0.16029569920800923,9.617741952480554,0.11256848778185115,0.2155958784831551,0.15262262530426596,"{""0-1"": {""theta_deg"": 0.04712768571743009, ""A_D"": 0.03710356665514425}, ""0-2"": {""theta_deg"": 0.2155958784831551, ""A_D"": 0.15262262530426596}, ""1-2"": {""theta_deg"": 0.168468192765725, ""A_D"": 0.11551905864912171}}","[[0.03294897325152579, 0.0125213184825399], [-0.014178712465904297, -0.02458224817260435], [-0.1826469052316293, -0.14010130682172606]]",False,True,"[5.218448394134439, 1.9607417540322365]",True,5.0,2.0,ok
gaze,gaze_+5,conditional37,capture_4_detections.pkl,18,19609,19609,True,"[true, true, true]",3,3,"[0, 1, 2]",2.0344715561951467,3,True,2.0344715561951467,2.459306002923334,0.00713841750325064,0.3142230239951218,18.85338143970731,0.3089351176024492,0.44346100836630065,0.4292938572143137,"{""0-1"": {""theta_deg"": -0.2464471738013696, ""A_D"": -0.2849423655188157}, ""0-2"": {""theta_deg"": 0.19701383456493105, ""A_D"": 0.144351491695498}, ""1-2"": {""theta_deg"": 0.44346100836630065, ""A_D"": 0.4292938572143137}}","[[-0.05478765300398436, -0.08159993344939398], [0.19165952079738524, 0.2033424320694217], [-0.2518014875689154, -0.22595142514489197]]",False,True,"[5.384957153793936, 2.1381081176393857]",True,5.0,2.0,ok
gaze,gaze_-10,conditional27,capture_1_detections.pkl,0,1380,1380,True,"[true, true, true]",3,3,"[0, 1, 2]",1.9642082013101985,3,True,1.9642082013101985,2.2693118856269745,0.006848901960219218,0.05718644725215531,3.431186835129319,0.23492539552435376,0.08008706788113429,0.3022607465298859,"{""0-1"": {""theta_deg"": 0.030297724962485617, ""A_D"": 0.031699460081596076}, ""0-2"": {""theta_deg"": -0.04978934291864867, ""A_D"": 0.3022607465298859}, ""1-2"": {""theta_deg"": -0.08008706788113429, ""A_D"": 0.2705612864482898}}","[[-0.014371412404914352, 0.11186143302718055], [-0.04466913736739997, 0.08016197294558447], [0.03541793051373432, -0.19039931350270534]]",False,True,"[-11.624514692490575, 2.370775005567446]",True,-10.0,0.36036036036036034,ok
gaze,gaze_-10,conditional27,capture_1_detections.pkl,0,1928,1928,True,"[true, true, true]",3,3,"[0, 1, 2]",2.75837864722922,3,True,2.75837864722922,3.341467565131356,0.009620872027020706,0.06578901803618473,3.9473410821710835,0.2826232162808125,0.09131165206927072,0.3496759877599802,"{""0-1"": {""theta_deg"": -0.09131165206927072, ""A_D"": 0.3496759877599802}, ""0-2"": {""theta_deg"": -0.06111315402279338, ""A_D"": 0.34249493903714123}, ""1-2"": {""theta_deg"": 0.03019849804647734, ""A_D"": -0.0071810487228389785}}","[[-0.05524862482192994, 0.21036481602355273], [0.036063027247340784, -0.13931117173642749], [0.005864529200863444, -0.1321301230135885]]",False,True,"[-11.808003099171678, 1.9818927638816228]",True,-10.0,0.36036036036036034,ok
gaze,gaze_-10,conditional27,capture_1_detections.pkl,0,2477,2477,True,"[true, true, true]",3,3,"[0, 1, 2]",2.309982822347018,3,True,2.309982822347018,2.969712311111772,0.008052787952214438,0.0777336187027937,4.664017122167622,0.31483457716648977,0.1018860484956221,0.43101446218610273,"{""0-1"": {""theta_deg"": -0.08669492009135737, ""A_D"": 0.3122084022815228}, ""0-2"": {""theta_deg"": -0.1018860484956221, ""A_D"": 0.43101446218610273}, ""1-2"": {""theta_deg"": -0.015191128404264731, ""A_D"": 0.11880605990457993}}","[[-0.07402890993273914, 0.23748337899390348], [0.012666010158618235, -0.07472502328761932], [0.027857138562882966, -0.19353108319219925]]",False,True,"[-11.859116514442096, 2.073190150801802]",True,-10.0,0.36036036036036034,ok
gaze,gaze_-10,conditional27,capture_1_detections.pkl,0,3025,3025,True,"[true, true, true]",3,3,"[0, 1, 2]",2.33437915468337,3,True,2.33437915468337,2.9918661827100697,0.008138908495970817,0.07410909216185951,4.446545529711571,0.3089540014272053,0.09645859503668142,0.42400317473295757,"{""0-1"": {""theta_deg"": -0.08372635224467828, ""A_D"": 0.3033517015377385}, ""0-2"": {""theta_deg"": -0.09645859503668142, ""A_D"": 0.42400317473295757}, ""1-2"": {""theta_deg"": -0.012732242792003134, ""A_D"": 0.12065147319521907}}","[[-0.07035335872500426, 0.22985697796237137], [0.013372993519674026, -0.07349472357536713], [0.02610523631167716, -0.1941461967705862]]",False,True,"[-11.78280105394287, 2.0268342105056867]",True,-10.0,0.36036036036036034,ok
gaze,gaze_-10,conditional27,capture_1_detections.pkl,0,3574,3574,True,"[true, true, true]",3,3,"[0, 1, 2]",3.319096183687494,3,True,3.319096183687494,4.028667965087879,0.011572592850167217,0.1123649149378598,6.741894896271588,0.3633491106190344,0.15718319610968834,0.45940754882419244,"{""0-1"": {""theta_deg"": -0.15718319610968834, ""A_D"": 0.45940754882419244}, ""0-2"": {""theta_deg"": -0.09881270853488822, ""A_D"": 0.4290587150179799}, ""1-2"": {""theta_deg"": 0.05837048757480012, ""A_D"": -0.03034883380621256}}","[[-0.09298763984086911, 0.27914603186192566], [0.06419555626881923, -0.18026151696226678], [0.005825068694019109, -0.14991268315605422]]",False,True,"[-11.692452543570502, 1.8971766410652589]",True,-10.0,0.36036036036036034,ok
gaze,gaze_-10,conditional27,capture_1_detections.pkl,0,4122,4122,False,"[false, false, false]",3,0,[],,0,False,,,,,,,,,null,null,False,False,null,False,-10.0,0.36036036036036034,invalid_input
gaze,gaze_-10,conditional27,capture_1_detections.pkl,0,4671,4671,True,"[true, true, true]",3,3,"[0, 1, 2]",3.1350818609447604,3,True,3.1350818609447604,3.7748113756546613,0.010933029020520818,0.09312710666406084,5.58762639984365,0.32540299077492457,0.13082952371469503,0.413049005491936,"{""0-1"": {""theta_deg"": -0.13082952371469503, ""A_D"": 0.413049005491936}, ""0-2"": {""theta_deg"": -0.07851872258945392, ""A_D"": 0.38223320743782563}, ""1-2"": {""theta_deg"": 0.05231080112524111, ""A_D"": -0.030815798054110388}}","[[-0.07523127491808346, 0.2452499193695028], [0.05559824879661157, -0.16779908612243322], [0.003287447671370458, -0.13698328806832283]]",False,True,"[-11.698915603529503, 1.8987163884880942]",True,-10.0,0.36036036036036034,ok
gaze,gaze_-10,conditional27,capture_1_detections.pkl,0,5219,5219,True,"[true, true, true]",3,3,"[0, 1, 2]",10.980297779338676,3,True,10.980297779338676,15.78802062260771,0.038330649522378954,0.21511038038118033,12.906622822870819,1.4352385052993735,0.2896856078185124,1.8659155077251395,"{""0-1"": {""theta_deg"": -0.2896856078185124, ""A_D"": -1.6247914326930353}, ""0-2"": {""theta_deg"": -0.06440400674819458, ""A_D"": 0.2411240750321042}, ""1-2"": {""theta_deg"": 0.2252816010703178, ""A_D"": 1.8659155077251395}}","[[-0.02240389733728776, -0.36809806304834014], [0.2672817104812246, 1.2566933696446951], [0.042000109410906816, -0.6092221380804443]]",False,True,"[-11.47898984192963, 3.3073299432074363]",True,-10.0,0.36036036036036034,ok
gaze,gaze_-10,conditional27,capture_2_detections.pkl,5,2660,2660,True,"[true, true, true]",3,3,"[0, 1, 2]",4.1240669748872385,3,True,4.1240669748872385,5.361432932591631,0.01438318424699968,0.18184949332720196,10.910969599632118,0.0,0.23567749946350425,0.0,"{""0-1"": {""theta_deg"": 0.23567749946350425, ""A_D"": 0.0}, ""0-2"": {""theta_deg"": 0.20697877732885672, ""A_D"": 0.0}, ""1-2"": {""theta_deg"": -0.028698722134647525, ""A_D"": 0.0}}","[[0.15096319042903517, 0.0], [-0.08471430903446908, 0.0], [-0.05601558689982156, 0.0]]",True,True,"[-10.931508747158333, 5.999999999999999]",False,-10.0,4.0,ok
gaze,gaze_-10,conditional27,capture_2_detections.pkl,5,3186,3186,True,"[true, true, true]",3,3,"[0, 1, 2]",2.541734416884788,3,True,2.541734416884788,2.9012191796220757,0.008863128645870738,0.18066040000474634,10.83962400028478,0.021347773257899518,0.2533303299876213,0.02614557581324295,"{""0-1"": {""theta_deg"": 0.09794099179274873, ""A_D"": 0.0}, ""0-2"": {""theta_deg"": 0.2533303299876213, ""A_D"": 0.02614557581324295}, ""1-2"": {""theta_deg"": 0.15538933819487255, ""A_D"": 0.02614557581324295}}","[[0.09948448036903379, 1.7763568394002505e-15], [0.001543488576285057, 1.7763568394002505e-15], [-0.1538458496185875, -0.026145575813241173]]",False,True,"[-10.97955555640179, 5.999999999999997]",False,-10.0,4.0,ok
gaze,gaze_-10,conditional27,capture_2_detections.pkl,5,3711,3711,True,"[true, true, true]",3,3,"[0, 1, 2]",3.5241755363959517,3,True,3.5241755363959517,4.23223987296556,0.012295017269497584,0.2892379039949845,17.35427423969907,0.13112538718197986,0.37172406917259515,0.16059514546037068,"{""0-1"": {""theta_deg"": 0.0380318618899107, ""A_D"": 8.881784197001252e-15}, ""0-2"": {""theta_deg"": 0.37172406917259515, ""A_D"": 0.16059514546037068}, ""1-2"": {""theta_deg"": 0.33369220728268445, ""A_D"": 0.1605951454603618}}","[[0.08176427510263728, 0.0], [0.043732413212726584, -8.881784197001252e-15], [-0.28995979406995787, -0.16059514546037068]]",False,True,"[-10.811304255352347, 5.999999999999999]",False,-10.0,4.0,ok
gaze,gaze_-10,conditional27,capture_2_detections.pkl,5,4237,4237,True,"[true, true, true]",3,3,"[0, 1, 2]",3.5345139001426205,3,True,3.5345139001426205,4.142775234031819,0.012325993078991822,0.18907449441462018,11.344469664877211,0.025183303427492424,0.2553850724793989,0.03084312171753112,"{""0-1"": {""theta_deg"": 0.1963044537412202, ""A_D"": 0.030843121717508026}, ""0-2"": {""theta_deg"": 0.2553850724793989, ""A_D"": -2.3092638912203256e-14}, ""1-2"": {""theta_deg"": 0.059080618738178714, ""A_D"": -0.03084312171753112}}","[[0.13454468103343054, -2.3092638912203256e-14], [-0.06175977270778965, -0.03084312171753112], [-0.12084039144596836, 0.0]]",False,True,"[-10.779942109636844, 5.999999999999999]",False,-10.0,4.0,ok
gaze,gaze_-10,conditional27,capture_2_detections.pkl,5,4762,4762,False,"[false, false, false]",3,0,[],,0,False,,,,,,,,,null,null,False,False,null,False,-10.0,4.0,insufficient_P4_support
gaze,gaze_-10,conditional27,capture_2_detections.pkl,5,5288,5288,True,"[true, true, true]",3,3,"[0, 1, 2]",4.022098055277441,3,True,4.022098055277441,4.517549340976315,0.01402264447956211,0.23414613007211532,14.04876780432692,4.351167857633658e-15,0.32990675686700754,5.329070518200751e-15,"{""0-1"": {""theta_deg"": 0.18960625193218128, ""A_D"": 5.329070518200751e-15}, ""0-2"": {""theta_deg"": 0.32990675686700754, ""A_D"": 0.0}, ""1-2"": {""theta_deg"": 0.14030050493482626, ""A_D"": -5.329070518200751e-15}}","[[0.1585542991104827, 0.0], [-0.031051952821698592, -5.329070518200751e-15], [-0.17135245775652486, 0.0]]",True,True,"[-10.66409208236391, 5.999999999999999]",False,-10.0,4.0,ok
gaze,gaze_-10,conditional27,capture_2_detections.pkl,5,5813,5813,True,"[true, true, true]",3,3,"[0, 1, 2]",4.438881351866515,3,True,4.438881351866515,5.816772324660365,0.01545541587298552,0.24183965961361145,14.510379576816687,0.0,0.33902194396121565,0.0,"{""0-1"": {""theta_deg"": 0.20859706384983845, ""A_D"": 0.0}, ""0-2"": {""theta_deg"": 0.33902194396121565, ""A_D"": 0.0}, ""1-2"": {""theta_deg"": 0.1304248801113772, ""A_D"": 0.0}}","[[0.17040775537242503, 0.0], [-0.03818930847741342, 0.0], [-0.16861418858879063, 0.0]]",True,True,"[-10.984525442876723, 5.999999999999999]",False,-10.0,4.0,ok
gaze,gaze_-10,conditional27,capture_2_detections.pkl,5,6339,6339,True,"[true, true, true]",3,3,"[0, 1, 2]",6.747404111487441,3,True,6.747404111487441,8.032731931748353,0.02352495121725971,0.45176519000323523,27.105911400194113,0.5582905133539688,0.6323310841254006,0.7059846831493095,"{""0-1"": {""theta_deg"": 0.6323310841254006, ""A_D"": 0.7059846831493095}, ""0-2"": {""theta_deg"": 0.3952587173977786, ""A_D"": 0.04685239592808621}, ""1-2"": {""theta_deg"": -0.237072366727622, ""A_D"": -0.6591322872212233}}","[[0.18867460025398408, 0.0005253650179630753], [-0.44365648387141654, -0.7054593181313464], [-0.20658411714379454, -0.046327030910123135]]",False,True,"[-11.045075121121933, 5.999474634981929]",False,-10.0,4.0,ok
gaze,gaze_-10,conditional27,capture_3_detections.pkl,10,1770,1770,True,"[true, true, true]",3,3,"[0, 1, 2]",2.587768662029835,3,True,2.587768662029835,2.8479158032401495,0.009015690608082164,0.24769869592093816,14.86192175525629,0.34529722612235836,0.3157376413274786,0.4872068216242047,"{""0-1"": {""theta_deg"": 0.02647524270758339, ""A_D"": -0.2150132678634762}, ""0-2"": {""theta_deg"": 0.3157376413274786, ""A_D"": 0.2721935537607285}, ""1-2"": {""theta_deg"": 0.2892623986198952, ""A_D"": 0.4872068216242047}}","[[0.05404293070521149, -0.08649919659241956], [0.0275676879976281, 0.12851407127105663], [-0.2616947106222671, -0.35869275035314807]]",False,True,"[-10.682433264029942, 5.301968286587201]",True,-10.0,3.0,ok
gaze,gaze_-10,conditional27,capture_3_detections.pkl,10,2307,2307,True,"[true, true, true]",3,3,"[0, 1, 2]",2.954921443172563,3,True,2.954921443172563,3.5617326524392525,0.010301934040476387,0.3458018603988884,20.748111623933305,0.5677957613465302,0.47677945582893244,0.8003105720979669,"{""0-1"": {""theta_deg"": -0.14415914446302658, ""A_D"": -0.4568587343197681}, ""0-2"": {""theta_deg"": 0.33262031136590586, ""A_D"": 0.34345183777819877}, ""1-2"": {""theta_deg"": 0.47677945582893244, ""A_D"": 0.8003105720979669}}","[[0.016053952242835123, -0.12263245501848452], [0.1602130967058617, 0.33422627930128357], [-0.31656635912307074, -0.4660842927966833]]",False,True,"[-11.11356003227781, 5.5623744659423595]",True,-10.0,3.0,ok
gaze,gaze_-10,conditional27,capture_3_detections.pkl,10,2844,2844,True,"[true, true, true]",3,3,"[0, 1, 2]",2.814428224466582,3,True,2.814428224466582,3.510524193588122,0.009813187195089074,0.3326000260121285,19.95600156072771,0.5194030244775517,0.45640284355178196,0.7345358252085328,"{""0-1"": {""theta_deg"": -0.12967985432343632, ""A_D"": -0.3707455365858179}, ""0-2"": {""theta_deg"": 0.32672298922834564, ""A_D"": 0.3637902886227149}, ""1-2"": {""theta_deg"": 0.45640284355178196, ""A_D"": 0.7345358252085328}}","[[0.009198208368838223, -0.0945952841207287], [0.13887806269227454, 0.2761502524650892], [-0.3175247808595074, -0.4583855727434436]]",False,True,"[-10.435947352390599, 5.72384974753491]",False,-10.0,3.0,ok
gaze,gaze_-10,conditional27,capture_3_detections.pkl,10,3381,3381,True,"[true, true, true]",3,3,"[0, 1, 2]",2.7265519191453595,3,True,2.7265519191453595,3.3126192054744603,0.009508623194187429,0.2138826565352553,12.832959392115317,0.2218873660020633,0.2801759485968418,0.27175541353761545,"{""0-1"": {""theta_deg"": 0.04137240044727086, ""A_D"": 0.0}, ""0-2"": {""theta_deg"": 0.2801759485968418, ""A_D"": 0.27175541353761545}, ""1-2"": {""theta_deg"": 0.23880354814957094, ""A_D"": 0.27175541353761545}}","[[0.044088340815237714, 0.0], [0.0027159403679668515, 0.0], [-0.2360876077816041, -0.27175541353761545]]",False,True,"[-10.77105985461434, 5.999999999999999]",False,-10.0,3.0,ok
gaze,gaze_-10,conditional27,capture_3_detections.pkl,10,3918,3918,False,"[false, false, false]",3,0,[],,0,False,,,,,,,,,null,null,False,False,null,False,-10.0,3.0,invalid_input
gaze,gaze_-10,conditional27,capture_3_detections.pkl,10,4455,4455,True,"[true, true, true]",3,3,"[0, 1, 2]",2.410975844007089,3,True,2.410975844007089,2.9444494092140725,0.008402797931944444,0.012730398297764742,0.7638238978658846,0.023273487385557238,0.01744297055056876,0.02850408431485807,"{""0-1"": {""theta_deg"": 0.012581750163681349, ""A_D"": -0.02850408431485807}, ""0-2"": {""theta_deg"": -0.00486122038688741, ""A_D"": -0.02850408431485807}, ""1-2"": {""theta_deg"": -0.01744297055056876, ""A_D"": 0.0}}","[[0.0018140146536911317, -0.02850408431485807], [-0.010767735509990217, 0.0], [0.006675235040578542, 0.0]]",False,True,"[-10.418560012990525, 5.999999999999999]",False,-10.0,3.0,ok
gaze,gaze_-10,conditional27,capture_3_detections.pkl,10,4992,4992,True,"[true, true, true]",3,3,"[0, 1, 2]",2.2621190905057924,3,True,2.2621190905057924,3.0613766669759603,0.007880899041614747,0.030893066819603847,1.8535840091762308,0.04135011450668475,0.0407005494691397,0.055460644793852154,"{""0-1"": {""theta_deg"": 0.006596318177878757, ""A_D"": -0.055460644793852154}, ""0-2"": {""theta_deg"": 0.0407005494691397, ""A_D"": -0.011673061925054462}, ""1-2"": {""theta_deg"": 0.034104231291260945, ""A_D"": 0.04378758286879769}}","[[-0.0011397731662228239, -0.055460644793852154], [-0.007736091344101581, 0.0], [-0.041840322635362526, -0.04378758286879769]]",False,True,"[-10.46666268470994, 5.999999999999999]",False,-10.0,3.0,ok
gaze,gaze_-10,conditional27,capture_3_detections.pkl,10,5529,5529,True,"[true, true, true]",3,3,"[0, 1, 2]",2.9330886450591973,3,True,2.9330886450591973,3.9636351940165504,0.0102217561073923,0.175270822420702,10.51624934524212,0.2416601513256242,0.23083604780657296,0.33443702213690596,"{""0-1"": {""theta_deg"": -0.03721424482052704, ""A_D"": -0.10628123367411568}, ""0-2"": {""theta_deg"": 0.19362180298604592, ""A_D"": 0.22815578846279028}, ""1-2"": {""theta_deg"": 0.23083604780657296, ""A_D"": 0.33443702213690596}}","[[-0.038625590447345814, -0.10628123367411568], [-0.0014113456268187718, 0.0], [-0.23224739343339174, -0.33443702213690596]]",False,True,"[-10.689807149111036, 5.999999999999999]",False,-10.0,3.0,ok
gaze,gaze_-10,conditional27,capture_4_detections.pkl,15,980,980,True,"[true, true, true]",3,3,"[0, 1, 2]",2.995190191352716,3,True,2.995190191352716,3.6875322696136523,0.010443248899506184,0.21749602068815313,13.049761241289188,0.5405397313345025,0.29819449940276144,0.7567730121593197,"{""0-1"": {""theta_deg"": -0.08377643435722959, ""A_D"": -0.2848677497938388}, ""0-2"": {""theta_deg"": 0.21441806504553185, ""A_D"": 0.4719052623654809}, ""1-2"": {""theta_deg"": 0.29819449940276144, ""A_D"": 0.7567730121593197}}","[[0.024951051375721178, 0.020561674239242045], [0.10872748573295077, 0.3054294240330808], [-0.18946701366981067, -0.45134358812623887]]",False,True,"[-11.429719738075052, 4.211561184165648]",True,-10.0,2.0,ok
gaze,gaze_-10,conditional27,capture_4_detections.pkl,15,1528,1528,True,"[true, true, true]",3,3,"[0, 1, 2]",2.030335840704555,3,True,2.030335840704555,2.8058990954386656,0.007081012147479856,0.17291824631120442,10.375094778672265,0.38370859643429905,0.2214108416257421,0.5173581320002354,"{""0-1"": {""theta_deg"": -0.020794302095834993, ""A_D"": -0.11689100971084532}, ""0-2"": {""theta_deg"": 0.2006165395299071, ""A_D"": 0.4004671222893901}, ""1-2"": {""theta_deg"": 0.2214108416257421, ""A_D"": 0.5173581320002354}}","[[0.03682732495205343, 0.05123808087152337], [0.057621627047888424, 0.1681290905823687], [-0.16378921457785367, -0.3492290414178667]]",False,True,"[-11.034959340806406, 4.161827750245896]",True,-10.0,2.0,ok
gaze,gaze_-10,conditional27,capture_4_detections.pkl,15,2077,2077,True,"[true, true, true]",3,3,"[0, 1, 2]",2.569612528639019,3,True,2.569612528639019,3.3431414882773516,0.008960607662356481,0.15827658812461184,9.49659528747671,0.4470234926289018,0.21866608005087684,0.6319993192943087,"{""0-1"": {""theta_deg"": -0.06790748512342581, ""A_D"": -0.3026711281503802}, ""0-2"": {""theta_deg"": 0.15075859492745103, ""A_D"": 0.32932819114392853}, ""1-2"": {""theta_deg"": 0.21866608005087684, ""A_D"": 0.6319993192943087}}","[[0.01676379974847464, -0.017469797821560107], [0.08467128487190045, 0.2852013303288201], [-0.1339947951789764, -0.34679798896548863]]",False,True,"[-11.029380345386809, 4.097932451887839]",True,-10.0,2.0,ok
gaze,gaze_-10,conditional27,capture_4_detections.pkl,15,2625,2625,True,"[true, true, true]",3,3,"[0, 1, 2]",3.833811128086758,3,True,3.833811128086758,5.4065445537026955,0.013373272889096186,0.1853880132795136,11.123280796770816,0.6007412636163474,0.2604592690517986,0.8427164323940044,"{""0-1"": {""theta_deg"": -0.15618729380673102, ""A_D"": -0.5146687710495468}, ""0-2"": {""theta_deg"": 0.1042719752450676, ""A_D"": 0.3280476613444576}, ""1-2"": {""theta_deg"": 0.2604592690517986, ""A_D"": 0.8427164323940044}}","[[-0.012950616463049514, -0.06257945562618916], [0.1432366773436815, 0.4520893154233576], [-0.11722259170811711, -0.3906271169706468]]",False,True,"[-11.053185579075429, 4.0017775294207185]",True,-10.0,2.0,ok
gaze,gaze_-10,conditional27,capture_4_detections.pkl,15,3174,3174,True,"[true, true, true]",3,3,"[0, 1, 2]",2.2635694387390144,3,True,2.2635694387390144,2.789686396884195,0.007892943893269897,0.1353580970974815,8.12148582584889,0.4001011380908987,0.18576756256199722,0.5523549974985071,"{""0-1"": {""theta_deg"": -0.052877141836930264, ""A_D"": -0.1698791045644552}, ""0-2"": {""theta_deg"": 0.13289042072506696, ""A_D"": 0.38247589293405193}, ""1-2"": {""theta_deg"": 0.18576756256199722, ""A_D"": 0.5523549974985071}}","[[0.014270242505476816, 0.05261304301327163], [0.06714738434240708, 0.22249214757772684], [-0.11862017821959014, -0.3298628499207803]]",False,True,"[-11.086100644405708, 3.9029643988985194]",True,-10.0,2.0,ok
gaze,gaze_-10,conditional27,capture_4_detections.pkl,15,3722,3722,True,"[true, true, true]",3,3,"[0, 1, 2]",2.519891128254203,3,True,2.519891128254203,3.18508126859716,0.008787591458580536,0.11889155791863582,7.133493475118149,0.42670939904015504,0.16452593007071314,0.5956101888062406,"{""0-1"": {""theta_deg"": -0.05224267910641167, ""A_D"": -0.21379471357752688}, ""0-2"": {""theta_deg"": 0.11228325096430147, ""A_D"": 0.38181547522871373}, ""1-2"": {""theta_deg"": 0.16452593007071314, ""A_D"": 0.5956101888062406}}","[[0.011096321404203024, 0.043040326797957995], [0.0633390005106147, 0.2568350403754849], [-0.10118692956009845, -0.33877514843075573]]",False,True,"[-11.134671700093532, 3.753220686149537]",True,-10.0,2.0,ok
gaze,gaze_-10,conditional27,capture_4_detections.pkl,15,4271,4271,True,"[true, true, true]",3,3,"[0, 1, 2]",2.21237227642477,3,True,2.21237227642477,2.7389994547626633,0.007718430826484174,0.10233683934926496,6.140210360955898,0.372197932973251,0.14082375820651372,0.5100665627235128,"{""0-1"": {""theta_deg"": -0.04150262668398952, ""A_D"": -0.14246761982189549}, ""0-2"": {""theta_deg"": 0.0993211315225242, ""A_D"": 0.3675989429016173}, ""1-2"": {""theta_deg"": 0.14082375820651372, ""A_D"": 0.5100665627235128}}","[[0.008360817125181441, 0.060754162777341136], [0.04986344380917096, 0.20322178259923662], [-0.09096031439734276, -0.3068447801242762]]",False,True,"[-11.13198100740071, 3.5937355904559762]",True,-10.0,2.0,ok
gaze,gaze_-10,conditional27,capture_4_detections.pkl,15,4819,4819,True,"[true, true, true]",3,3,"[0, 1, 2]",2.1899714680904983,3,True,2.1899714680904983,2.795298645550467,0.007640903957813141,0.11048175747877224,6.628905448726335,0.3774060209433195,0.14825151887981391,0.5175833383005806,"{""0-1"": {""theta_deg"": -0.03140055065436087, ""A_D"": -0.14594853510295858}, ""0-2"": {""theta_deg"": 0.11685096822545304, ""A_D"": 0.371634803197622}, ""1-2"": {""theta_deg"": 0.14825151887981391, ""A_D"": 0.5175833383005806}}","[[0.016150713519492044, 0.05393503230139629], [0.047551264173852914, 0.19988356740435487], [-0.100700254705961, -0.3176997708962257]]",False,True,"[-11.103911406854907, 3.6312104105750294]",True,-10.0,2.0,ok
gaze,gaze_-10,conditional37,capture_1_detections.pkl,0,1380,1380,True,"[true, true, true]",3,3,"[0, 1, 2]",6.9001548125083945,3,True,6.9001548125083945,8.939387975717802,0.02405981391874939,0.2769964109263218,16.61978465557931,0.0071518398030337325,0.3907514199895168,0.009275874969651099,"{""0-1"": {""theta_deg"": 0.2193655689194749, ""A_D"": 0.008129617096837016}, ""0-2"": {""theta_deg"": 0.3907514199895168, ""A_D"": 0.009275874969651099}, ""1-2"": {""theta_deg"": 0.1713858510700419, ""A_D"": 0.0011462578728140826}}","[[0.24243114241516572, -0.07878968118798535], [0.023065573495690828, -0.08691929828482237], [-0.14832027757435107, -0.08806555615763645]]",False,True,"[-11.023241724976705, 1.0481848624519086]",True,-10.0,0.36036036036036034,ok
gaze,gaze_-10,conditional37,capture_1_detections.pkl,0,1928,1928,True,"[true, true, true]",3,3,"[0, 1, 2]",7.7114755037531175,3,True,7.7114755037531175,10.212057950387992,0.026896640544849946,0.15420951280807083,9.252570768484249,0.11920829867310039,0.2170596195941279,0.15067706419673602,"{""0-1"": {""theta_deg"": 0.2170596195941279, ""A_D"": 0.009853843410154939}, ""0-2"": {""theta_deg"": 0.12682467019536148, ""A_D"": 0.15067706419673602}, ""1-2"": {""theta_deg"": -0.09023494939876642, ""A_D"": 0.14082322078658108}}","[[0.30473113938688456, -0.09478443227654879], [0.08767151979275667, -0.10463827568670372], [0.1779064691915231, -0.2454614964732848]]",False,True,"[-10.53199942096699, 0.2518757524559289]",True,-10.0,0.36036036036036034,ok
gaze,gaze_-10,conditional37,capture_1_detections.pkl,0,2477,2477,True,"[true, true, true]",3,3,"[0, 1, 2]",7.246826988620366,3,True,7.246826988620366,9.58644468849925,0.025263028149469843,0.09066967400482823,5.440180440289693,0.17664062558770108,0.1235930148546256,0.245237019647847,"{""0-1"": {""theta_deg"": 0.1235930148546256, ""A_D"": 0.0814242255395386}, ""0-2"": {""theta_deg"": 0.03221509965873359, ""A_D"": 0.245237019647847}, ""1-2"": {""theta_deg"": -0.091377915195892, ""A_D"": 0.1638127941083084}}","[[0.2039637594083228, -0.022557878416260335], [0.0803707445536972, -0.10398210395579893], [0.1717486597495892, -0.26779489806410733]]",False,True,"[-10.703075177709007, 0.3876428917373107]",True,-10.0,0.36036036036036034,ok
gaze,gaze_-10,conditional37,capture_1_detections.pkl,0,3025,3025,True,"[true, true, true]",3,3,"[0, 1, 2]",7.215216215493664,3,True,7.215216215493664,9.552689588113365,0.025156146737659243,0.09333021236927701,5.599812742156621,0.1894296790161126,0.11479334911222239,0.26274940643157396,"{""0-1"": {""theta_deg"": 0.11479334911222239, ""A_D"": 0.08612575844231357}, ""0-2"": {""theta_deg"": 0.0009816228319383669, ""A_D"": 0.26274940643157396}, ""1-2"": {""theta_deg"": -0.11381172628028402, ""A_D"": 0.17662364798926036}}","[[0.19959621818883022, -0.020835686241487295], [0.08480286907660783, -0.10696144468380087], [0.19861459535689185, -0.2835850926730612]]",False,True,"[-10.637165639273618, 0.3673006473368854]",True,-10.0,0.36036036036036034,ok
gaze,gaze_-10,conditional37,capture_1_detections.pkl,0,3574,3574,True,"[true, true, true]",3,3,"[0, 1, 2]",7.646040351425712,3,True,7.646040351425712,10.174600209506494,0.02665921895782288,0.1485143800862534,8.910862805175203,0.06684033790159043,0.19338751252533726,0.09365554127102789,"{""0-1"": {""theta_deg"": 0.16765666303834337, ""A_D"": 0.03574057765797125}, ""0-2"": {""theta_deg"": 0.19338751252533726, ""A_D"": 0.09365554127102789}, ""1-2"": {""theta_deg"": 0.02573084948699389, ""A_D"": 0.05791496361305664}}","[[0.2484270024597599, -0.05378052813827111], [0.08077033942141654, -0.08952110579624237], [0.05503948993442265, -0.147436069409299]]",False,True,"[-10.34203808942565, 0.14743606940929901]",False,-10.0,0.36036036036036034,ok
gaze,gaze_-10,conditional37,capture_1_detections.pkl,0,4122,4122,False,"[false, false, false]",3,0,[],,0,False,,,,,,,,,null,null,False,False,null,False,-10.0,0.36036036036036034,invalid_input
gaze,gaze_-10,conditional37,capture_1_detections.pkl,0,4671,4671,True,"[true, true, true]",3,3,"[0, 1, 2]",7.670130541320679,3,True,7.670130541320679,10.21869333595194,0.02674818825119017,0.1617148235064523,9.702889410387138,0.06660270278259182,0.20084610983891338,0.0895321117422426,"{""0-1"": {""theta_deg"": 0.19514980053290998, ""A_D"": 0.01943069023037443}, ""0-2"": {""theta_deg"": 0.20084610983891338, ""A_D"": 0.0895321117422426}, ""1-2"": {""theta_deg"": 0.0056963093060034, ""A_D"": 0.07010142151186817}}","[[0.279955477140831, -0.07577670265453151], [0.08480567660792104, -0.09520739288490594], [0.07910936730191764, -0.1653088143967741]]",False,True,"[-10.369106017747487, 0.1653088143967741]",False,-10.0,0.36036036036036034,ok
gaze,gaze_-10,conditional37,capture_1_detections.pkl,0,5219,5219,True,"[true, true, true]",3,3,"[0, 1, 2]",7.390899620002591,3,True,7.390899620002591,9.991508987008427,0.025800573780656214,0.9023662102543002,54.14197261525801,0.8628181105316411,1.1619458851292084,1.0567320558174087,"{""0-1"": {""theta_deg"": -0.12401727060447065, ""A_D"": 0.0}, ""0-2"": {""theta_deg"": 1.0379286145247377, ""A_D"": 1.0567320558174087}, ""1-2"": {""theta_deg"": 1.1619458851292084, ""A_D"": 1.0567320558174087}}","[[0.020155893057840046, 8.881784197001252e-16], [0.1441731636623107, 8.881784197001252e-16], [-1.0177727214668977, -1.0567320558174078]]",False,True,"[-10.075086388361342, 5.999999999999998]",False,-10.0,0.36036036036036034,ok
gaze,gaze_-10,conditional37,capture_2_detections.pkl,5,2660,2660,True,"[true, true, true]",3,3,"[0, 1, 2]",13.694332509010936,3,True,13.694332509010936,16.164577232385497,0.04776064715150928,0.7963547354500726,47.781284127004355,0.0,1.1229055210733776,0.0,"{""0-1"": {""theta_deg"": 0.4867286675824918, ""A_D"": 0.0}, ""0-2"": {""theta_deg"": 1.1229055210733776, ""A_D"": 0.0}, ""1-2"": {""theta_deg"": 0.6361768534908858, ""A_D"": 0.0}}","[[0.36522679330714247, 0.0], [-0.12150187427534931, 0.0], [-0.7576787277662351, 0.0]]",True,True,"[-10.075838534719438, 5.999999999999999]",False,-10.0,4.0,ok
gaze,gaze_-10,conditional37,capture_2_detections.pkl,5,3186,3186,True,"[true, true, true]",3,3,"[0, 1, 2]",18.810514494124114,3,True,18.810514494124114,24.514671766072112,0.06559300954061688,1.3998904299751793,83.99342579851076,4.218600623530463,1.897751571426321,5.166709478118294,"{""0-1"": {""theta_deg"": 0.46056845035372085, ""A_D"": 0.0}, ""0-2"": {""theta_deg"": 1.897751571426321, ""A_D"": 5.166709478118294}, ""1-2"": {""theta_deg"": 1.4371831210726, ""A_D"": 5.166709478118294}}","[[0.35145848865105833, 0.0], [-0.10910996170266252, 0.0], [-1.5462930827752626, -5.166709478118294]]",False,True,"[-10.077756238238917, 5.999999999999999]",False,-10.0,4.0,ok
gaze,gaze_-10,conditional37,capture_2_detections.pkl,5,3711,3711,True,"[true, true, true]",3,3,"[0, 1, 2]",19.27501128276644,3,True,19.27501128276644,25.28932974432623,0.06724596835313483,1.4105377224912543,84.63226334947525,4.272930081136639,1.8963735724563708,5.233249202686946,"{""0-1"": {""theta_deg"": 0.41222927380484187, ""A_D"": 0.0}, ""0-2"": {""theta_deg"": 1.8963735724563708, ""A_D"": 5.233249202686946}, ""1-2"": {""theta_deg"": 1.484144298651529, ""A_D"": 5.233249202686946}}","[[0.3368854972856301, 0.0], [-0.07534377651921176, 0.0], [-1.5594880751707407, -5.233249202686946]]",False,True,"[-9.93106321630214, 5.999999999999999]",False,-10.0,4.0,ok
gaze,gaze_-10,conditional37,capture_2_detections.pkl,5,4237,4237,True,"[true, true, true]",3,3,"[0, 1, 2]",18.713519992030392,3,True,18.713519992030392,23.90520851216892,0.06526009641553096,1.4204133296775774,85.22479978065465,4.237405734082285,1.9398310163206567,5.189740940822589,"{""0-1"": {""theta_deg"": 0.5180828380501552, ""A_D"": 0.0}, ""0-2"": {""theta_deg"": 1.9398310163206567, ""A_D"": 5.189740940822589}, ""1-2"": {""theta_deg"": 1.4217481782705015, ""A_D"": 5.189740940822589}}","[[0.36660043883837545, 0.0], [-0.15148239921177975, 0.0], [-1.5732305774822812, -5.189740940822589]]",False,True,"[-9.903823312869534, 5.999999999999999]",False,-10.0,4.0,ok
gaze,gaze_-10,conditional37,capture_2_detections.pkl,5,4762,4762,False,"[false, false, false]",3,0,[],,0,False,,,,,,,,,null,null,False,False,null,False,-10.0,4.0,insufficient_P4_support
gaze,gaze_-10,conditional37,capture_2_detections.pkl,5,5288,5288,True,"[true, true, true]",3,3,"[0, 1, 2]",19.48496547311818,3,True,19.48496547311818,25.12327027551732,0.0679323924406989,1.4972738747943122,89.83643248765873,4.229660925478811,2.036855869400034,5.180255526205576,"{""0-1"": {""theta_deg"": 0.5172720610635455, ""A_D"": 0.0}, ""0-2"": {""theta_deg"": 2.036855869400034, ""A_D"": 5.180255526205576}, ""1-2"": {""theta_deg"": 1.5195838083364883, ""A_D"": 5.180255526205576}}","[[0.3752380826682611, 0.0], [-0.14203397839528442, 0.0], [-1.6616177867317727, -5.180255526205576]]",False,True,"[-9.788051568615606, 5.999999999999999]",False,-10.0,4.0,ok
gaze,gaze_-10,conditional37,capture_2_detections.pkl,5,5813,5813,True,"[true, true, true]",3,3,"[0, 1, 2]",16.038391963626555,3,True,16.038391963626555,18.102430387570163,0.055842902317622366,0.8379772926899881,50.278637561399286,0.0,1.181218908409317,0.0,"{""0-1"": {""theta_deg"": 0.5078427192908705, ""A_D"": 0.0}, ""0-2"": {""theta_deg"": 1.181218908409317, ""A_D"": 0.0}, ""1-2"": {""theta_deg"": 0.6733761891184464, ""A_D"": 0.0}}","[[0.37334907000932027, 0.0], [-0.13449364928155028, 0.0], [-0.8078698383999967, 0.0]]",True,True,"[-10.038033885792586, 5.999999999999999]",False,-10.0,4.0,ok
gaze,gaze_-10,conditional37,capture_2_detections.pkl,5,6339,6339,True,"[true, true, true]",3,3,"[0, 1, 2]",22.47172554150127,3,True,22.47172554150127,24.177884872531187,0.07834809334028879,0.8482535824692895,50.89521494815737,4.474436259329513,1.0454726668225014,5.500378777928842,"{""0-1"": {""theta_deg"": 0.013284287136764661, ""A_D"": -5.4594779916582254}, ""0-2"": {""theta_deg"": 1.0454726668225014, ""A_D"": 0.04090078627061661}, ""1-2"": {""theta_deg"": 1.0321883796857367, ""A_D"": 5.500378777928842}}","[[-0.20562827033493392, -5.4594779916582254], [-0.21891255747169858, 0.0], [-1.2511009371574353, -5.500378777928842]]",False,True,"[-10.09409896509974, 5.999999999999999]",False,-10.0,4.0,ok
gaze,gaze_-10,conditional37,capture_3_detections.pkl,10,1770,1770,True,"[true, true, true]",3,3,"[0, 1, 2]",10.481161876690718,3,True,10.481161876690718,11.415199385930284,0.03651598154038542,0.5918788991622375,35.51273394973425,0.0,0.8337774609737494,0.0,"{""0-1"": {""theta_deg"": 0.35291759567296843, ""A_D"": 0.0}, ""0-2"": {""theta_deg"": 0.8337774609737494, ""A_D"": 0.0}, ""1-2"": {""theta_deg"": 0.48085986530078095, ""A_D"": 0.0}}","[[0.27432060132880487, 0.0], [-0.07859699434416356, 0.0], [-0.5594568596449445, 0.0]]",True,True,"[-9.579823860502394, 5.999999999999999]",False,-10.0,3.0,ok
gaze,gaze_-10,conditional37,capture_3_detections.pkl,10,2307,2307,True,"[true, true, true]",3,3,"[0, 1, 2]",11.813154763777051,3,True,11.813154763777051,13.013392311977261,0.04118496668246743,0.7020038360996652,42.12023016597991,0.0,0.98255574027222,0.0,"{""0-1"": {""theta_deg"": 0.3681834275663878, ""A_D"": 0.0}, ""0-2"": {""theta_deg"": 0.98255574027222, ""A_D"": 0.0}, ""1-2"": {""theta_deg"": 0.6143723127058323, ""A_D"": 0.0}}","[[0.297565804104158, 0.0], [-0.07061762346222977, 0.0], [-0.684989936168062, 0.0]]",True,True,"[-10.06945616028447, 5.999999999999999]",False,-10.0,3.0,ok
gaze,gaze_-10,conditional37,capture_3_detections.pkl,10,2844,2844,True,"[true, true, true]",3,3,"[0, 1, 2]",10.661585504919008,3,True,10.661585504919008,12.055099525984076,0.037174205917455176,0.6161343718584652,36.968062311507914,0.0,0.862846508355041,0.0,"{""0-1"": {""theta_deg"": 0.3262839487643028, ""A_D"": 0.0}, ""0-2"": {""theta_deg"": 0.862846508355041, ""A_D"": 0.0}, ""1-2"": {""theta_deg"": 0.5365625595907382, ""A_D"": 0.0}}","[[0.27010582459804766, 0.0], [-0.05617812416625512, 0.0], [-0.5927406837569933, 0.0]]",True,True,"[-9.555323811393864, 5.999999999999999]",False,-10.0,3.0,ok
gaze,gaze_-10,conditional37,capture_3_detections.pkl,10,3381,3381,True,"[true, true, true]",3,3,"[0, 1, 2]",12.874763420528094,3,True,12.874763420528094,14.685949428228414,0.04489966731258225,0.745231737579805,44.7139042547883,0.0,1.0355183065467664,0.0,"{""0-1"": {""theta_deg"": 0.34795959011372446, ""A_D"": 0.0}, ""0-2"": {""theta_deg"": 1.0355183065467664, ""A_D"": 0.0}, ""1-2"": {""theta_deg"": 0.6875587164330419, ""A_D"": 0.0}}","[[0.29874768865694534, 0.0], [-0.04921190145677912, 0.0], [-0.736770617889821, 0.0]]",True,True,"[-9.955137971395219, 5.999999999999999]",False,-10.0,3.0,ok
gaze,gaze_-10,conditional37,capture_3_detections.pkl,10,3918,3918,False,"[false, false, false]",3,0,[],,0,False,,,,,,,,,null,null,False,False,null,False,-10.0,3.0,invalid_input
gaze,gaze_-10,conditional37,capture_3_detections.pkl,10,4455,4455,True,"[true, true, true]",3,3,"[0, 1, 2]",11.357747510421353,3,True,11.357747510421353,12.396564721540859,0.039584327453691025,0.6156226545235836,36.93735927141501,0.0,0.8601243682091742,0.0,"{""0-1"": {""theta_deg"": 0.3133298725812903, ""A_D"": 0.0}, ""0-2"": {""theta_deg"": 0.8601243682091742, ""A_D"": 0.0}, ""1-2"": {""theta_deg"": 0.5467944956278838, ""A_D"": 0.0}}","[[0.2587265880469989, 0.0], [-0.05460328453429142, 0.0], [-0.6013977801621753, 0.0]]",True,True,"[-9.660650676586318, 5.999999999999999]",False,-10.0,3.0,ok
gaze,gaze_-10,conditional37,capture_3_detections.pkl,10,4992,4992,True,"[true, true, true]",3,3,"[0, 1, 2]",11.624641555494133,3,True,11.624641555494133,12.999415067233812,0.040498586868529904,0.651530494482779,39.09182966896674,0.0,0.9085871523067546,0.0,"{""0-1"": {""theta_deg"": 0.3216662114853399, ""A_D"": 0.0}, ""0-2"": {""theta_deg"": 0.9085871523067546, ""A_D"": 0.0}, ""1-2"": {""theta_deg"": 0.5869209408214147, ""A_D"": 0.0}}","[[0.2711328207872956, 0.0], [-0.0505333906980443, 0.0], [-0.637454331519459, 0.0]]",True,True,"[-9.704221312585888, 5.999999999999999]",False,-10.0,3.0,ok
gaze,gaze_-10,conditional37,capture_3_detections.pkl,10,5529,5529,True,"[true, true, true]",3,3,"[0, 1, 2]",11.878799601777793,3,True,11.878799601777793,13.669961445708967,0.04139738244273581,0.686197327574785,41.1718396544871,0.0,0.9526353780207799,0.0,"{""0-1"": {""theta_deg"": 0.31611614106665265, ""A_D"": 0.0}, ""0-2"": {""theta_deg"": 0.9526353780207799, ""A_D"": 0.0}, ""1-2"": {""theta_deg"": 0.6365192369541273, ""A_D"": 0.0}}","[[0.2743797988564882, 0.0], [-0.04173634221016442, 0.0], [-0.6782555791642917, 0.0]]",True,True,"[-9.905907711215734, 5.999999999999999]",False,-10.0,3.0,ok
gaze,gaze_-10,conditional37,capture_4_detections.pkl,15,980,980,True,"[true, true, true]",3,3,"[0, 1, 2]",8.217198244335778,3,True,8.217198244335778,9.305845860348104,0.028650683609319487,0.4930912490800081,29.585474944800488,0.0,0.6732815901293616,0.0,"{""0-1"": {""theta_deg"": 0.17939132710506378, ""A_D"": 0.0}, ""0-2"": {""theta_deg"": 0.6732815901293616, ""A_D"": 0.0}, ""1-2"": {""theta_deg"": 0.49389026302429784, ""A_D"": 0.0}}","[[0.18024916972846405, 0.0], [0.0008578426234002734, 0.0], [-0.49303242040089756, 0.0]]",True,True,"[-9.97087116718198, 5.999999999999999]",False,-10.0,2.0,ok
gaze,gaze_-10,conditional37,capture_4_detections.pkl,15,1528,1528,True,"[true, true, true]",3,3,"[0, 1, 2]",7.231457758054545,3,True,7.231457758054545,7.645627737489364,0.025220477914137823,0.3990947692395712,23.945686154374272,0.0,0.550858257703565,0.0,"{""0-1"": {""theta_deg"": 0.1689803750242973, ""A_D"": 0.0}, ""0-2"": {""theta_deg"": 0.550858257703565, ""A_D"": 0.0}, ""1-2"": {""theta_deg"": 0.3818778826792677, ""A_D"": 0.0}}","[[0.15834568219519163, 0.0], [-0.010634692829105674, 0.0], [-0.3925125755083734, 0.0]]",True,True,"[-9.573630230326705, 5.999999999999999]",False,-10.0,2.0,ok
gaze,gaze_-10,conditional37,capture_4_detections.pkl,15,2077,2077,True,"[true, true, true]",3,3,"[0, 1, 2]",6.321681251188442,3,True,6.321681251188442,7.075763324703374,0.022044609771721797,0.3667701604901331,22.006209629407987,0.0,0.5043685694026454,0.0,"{""0-1"": {""theta_deg"": 0.14735210649260821, ""A_D"": 0.0}, ""0-2"": {""theta_deg"": 0.5043685694026454, ""A_D"": 0.0}, ""1-2"": {""theta_deg"": 0.3570164629100372, ""A_D"": 0.0}}","[[0.14383598856271718, 0.0], [-0.0035161179298910383, 0.0], [-0.36053258083992823, 0.0]]",True,True,"[-9.569253974033398, 5.999999999999999]",False,-10.0,2.0,ok
gaze,gaze_-10,conditional37,capture_4_detections.pkl,15,2625,2625,True,"[true, true, true]",3,3,"[0, 1, 2]",5.534505318913176,3,True,5.534505318913176,6.820501136045261,0.01930571107004865,0.3406738187364616,20.440429124187695,0.0,0.45492282568999975,0.0,"{""0-1"": {""theta_deg"": 0.090086403624273, ""A_D"": 0.0}, ""0-2"": {""theta_deg"": 0.45492282568999975, ""A_D"": 0.0}, ""1-2"": {""theta_deg"": 0.36483642206572675, ""A_D"": 0.0}}","[[0.11571804810244757, 0.0], [0.025631644478174564, 0.0], [-0.3392047775875522, 0.0]]",True,True,"[-9.593437983105025, 5.999999999999999]",False,-10.0,2.0,ok
gaze,gaze_-10,conditional37,capture_4_detections.pkl,15,3174,3174,True,"[true, true, true]",3,3,"[0, 1, 2]",6.1613993249601124,3,True,6.1613993249601124,6.565755357358902,0.02148446535089853,0.33676188245049055,20.205712947029433,0.0,0.4588075323879295,0.0,"{""0-1"": {""theta_deg"": 0.11879371070409839, ""A_D"": 0.0}, ""0-2"": {""theta_deg"": 0.4588075323879295, ""A_D"": 0.0}, ""1-2"": {""theta_deg"": 0.3400138216838311, ""A_D"": 0.0}}","[[0.12428964351139804, 0.0], [0.005495932807299653, 0.0], [-0.33451788887653144, 0.0]]",True,True,"[-9.586997621275412, 5.999999999999999]",False,-10.0,2.0,ok
gaze,gaze_-10,conditional37,capture_4_detections.pkl,15,3722,3722,True,"[true, true, true]",3,3,"[0, 1, 2]",5.665235468552215,3,True,5.665235468552215,6.0973372726239745,0.019756319729887478,0.312400075302335,18.7440045181401,0.0,0.42419703870918646,0.0,"{""0-1"": {""theta_deg"": 0.10517160582893048, ""A_D"": 0.0}, ""0-2"": {""theta_deg"": 0.42419703870918646, ""A_D"": 0.0}, ""1-2"": {""theta_deg"": 0.319025432880256, ""A_D"": 0.0}}","[[0.11400747276295498, 0.0], [0.008835866934024494, 0.0], [-0.3101895659462315, 0.0]]",True,True,"[-9.620059929648912, 5.999999999999999]",False,-10.0,2.0,ok
gaze,gaze_-10,conditional37,capture_4_detections.pkl,15,4271,4271,True,"[true, true, true]",3,3,"[0, 1, 2]",9.073394652293723,3,True,9.073394652293723,13.645784642920745,0.03165487550688982,1.386789114081618,83.20734684489707,3.6626596066770434,1.739827136758226,4.485823568930844,"{""0-1"": {""theta_deg"": 0.0859957021120703, ""A_D"": 0.0}, ""0-2"": {""theta_deg"": 1.739827136758226, ""A_D"": 4.485823568930844}, ""1-2"": {""theta_deg"": 1.6538314346461558, ""A_D"": 4.485823568930844}}","[[0.10014030970609156, 0.0], [0.014144607594021252, 0.0], [-1.6396868270521345, -4.485823568930844]]",False,True,"[-9.59669496777326, 5.999999999999999]",False,-10.0,2.0,ok
gaze,gaze_-10,conditional37,capture_4_detections.pkl,15,4819,4819,True,"[true, true, true]",3,3,"[0, 1, 2]",5.678937848151476,3,True,5.678937848151476,5.912144189713858,0.019814056626934248,0.295192749274635,17.7115649564781,0.0,0.4002153501055812,0.0,"{""0-1"": {""theta_deg"": 0.09725392455541382, ""A_D"": 0.0}, ""0-2"": {""theta_deg"": 0.4002153501055812, ""A_D"": 0.0}, ""1-2"": {""theta_deg"": 0.30296142555016736, ""A_D"": 0.0}}","[[0.10719232582548166, 0.0], [0.009938401270067843, 0.0], [-0.2930230242800995, 0.0]]",True,True,"[-9.56992046938126, 5.999999999999999]",False,-10.0,2.0,ok
gaze,gaze_-5,conditional27,capture_1_detections.pkl,1,6180,6180,True,"[true, true, true]",3,3,"[0, 1, 2]",1.5811609505414683,3,True,1.5811609505414683,1.8103756662724442,0.005521300195860436,0.06427474701712005,3.8564848210272027,0.11234475045935431,0.08666231562831861,0.1549237831938779,"{""0-1"": {""theta_deg"": -0.019580432696272076, ""A_D"": 0.04694991879388799}, ""0-2"": {""theta_deg"": -0.08666231562831861, ""A_D"": -0.1079738643999899}, ""1-2"": {""theta_deg"": -0.06708188293204653, ""A_D"": -0.1549237831938779}}","[[-0.023119575405991633, 0.003765130821099749], [-0.003539142709719556, -0.04318478797278824], [0.06354274022232698, 0.11173899522108965]]",False,True,"[-4.737269401631672, 1.1087021057215356]",True,-5.0,0.36036036036036034,ok
gaze,gaze_-5,conditional27,capture_1_detections.pkl,1,6728,6728,True,"[true, true, true]",3,3,"[0, 1, 2]",1.9598641787292543,3,True,1.9598641787292543,2.3494614001005956,0.006845955007727174,0.08461294399587024,5.0767766397522145,0.08609204668174726,0.11957135437299371,0.12093594621606729,"{""0-1"": {""theta_deg"": -0.05578019999540196, ""A_D"": -0.048276441727744146}, ""0-2"": {""theta_deg"": -0.11957135437299371, ""A_D"": -0.12093594621606729}, ""1-2"": {""theta_deg"": -0.06379115437759175, ""A_D"": -0.07265950448832315}}","[[-0.039863573292097776, -0.019974633005880538], [0.015916626703304182, 0.02830180872186361], [0.07970778108089593, 0.10096131321018675]]",False,True,"[-4.633975432737487, 1.2101458946357815]",True,-5.0,0.36036036036036034,ok
gaze,gaze_-5,conditional27,capture_1_detections.pkl,1,7277,7277,True,"[true, true, true]",3,3,"[0, 1, 2]",2.144416437243963,3,True,2.144416437243963,2.535622135972855,0.007492708474502547,0.09482534264306365,5.689520558583819,0.11039549934896296,0.13367066840431718,0.15580664561522028,"{""0-1"": {""theta_deg"": -0.05751424428096641, ""A_D"": -0.0693029564572627}, ""0-2"": {""theta_deg"": -0.13367066840431718, ""A_D"": -0.15580664561522028}, ""1-2"": {""theta_deg"": -0.07615642412335077, ""A_D"": -0.08650368915795759}}","[[-0.042629538046368154, -0.03682520624091512], [0.014884706234598255, 0.03247775021634758], [0.09104113035794903, 0.11898143937430516]]",False,True,"[-4.678441536885503, 1.1457696503064425]",True,-5.0,0.36036036036036034,ok
gaze,gaze_-5,conditional27,capture_1_detections.pkl,1,7825,7825,True,"[true, true, true]",3,3,"[0, 1, 2]",1.7147970532862187,3,True,1.7147970532862187,2.3016041271602004,0.005991513774796329,0.08331325241014836,4.998795144608902,0.13688885255730318,0.11426591380300177,0.1845640815201096,"{""0-1"": {""theta_deg"": -0.032250779589027445, ""A_D"": -0.04168646989499403}, ""0-2"": {""theta_deg"": -0.11426591380300177, ""A_D"": -0.1845640815201096}, ""1-2"": {""theta_deg"": -0.08201513421397433, ""A_D"": -0.14287761162511559}}","[[-0.0302434977341699, -0.04847224896293556], [0.0020072818548575455, -0.006785779067941533], [0.08402241606883187, 0.13609183255717405]]",False,True,"[-4.711948145212127, 1.0447901078817092]",True,-5.0,0.36036036036036034,ok
gaze,gaze_-5,conditional27,capture_1_detections.pkl,1,8374,8374,True,"[true, true, true]",3,3,"[0, 1, 2]",2.248345345055395,3,True,2.248345345055395,2.6188647677181187,0.007854960459266595,0.10051483039533239,6.030889823719943,0.13592541774244032,0.140965429821291,0.19210365499746151,"{""0-1"": {""theta_deg"": -0.05462688347304301, ""A_D"": -0.09007536657711723}, ""0-2"": {""theta_deg"": -0.140965429821291, ""A_D"": -0.19210365499746151}, ""1-2"": {""theta_deg"": -0.086338546348248, ""A_D"": -0.10202828842034428}}","[[-0.04221330477051044, -0.05669311224495144], [0.012413578702532568, 0.033382254332165795], [0.09875212505078057, 0.13541054275251008]]",False,True,"[-4.7160866935236365, 1.0842885064336578]",True,-5.0,0.36036036036036034,ok
gaze,gaze_-5,conditional27,capture_1_detections.pkl,1,8922,8922,True,"[true, true, true]",3,3,"[0, 1, 2]",2.1739117806664474,3,True,2.1739117806664474,2.735942232312246,0.007593623656951685,0.10085504913356601,6.05130294801396,0.15430124510965637,0.13994165758012578,0.21632779202172647,"{""0-1"": {""theta_deg"": -0.04609907227957244, ""A_D"": -0.08336417498745508}, ""0-2"": {""theta_deg"": -0.13994165758012578, ""A_D"": -0.21632779202172647}, ""1-2"": {""theta_deg"": -0.09384258530055334, ""A_D"": -0.1329636170342714}}","[[-0.03870543146614658, -0.06514570320047197], [0.007393640813425861, 0.018218471786983104], [0.1012362261139792, 0.1511820888212545]]",False,True,"[-4.7589547949138975, 1.0385682831482044]",True,-5.0,0.36036036036036034,ok
gaze,gaze_-5,conditional27,capture_1_detections.pkl,1,9471,9471,True,"[true, true, true]",3,3,"[0, 1, 2]",2.285772501962621,3,True,2.285772501962621,3.1663333956669337,0.007984250280200876,0.11152862411815094,6.691717447089056,0.1747891048851122,0.1516609495291661,0.23208778300569022,"{""0-1"": {""theta_deg"": -0.03831823292987657, ""A_D"": -0.04236694453545331}, ""0-2"": {""theta_deg"": -0.1516609495291661, ""A_D"": -0.23208778300569022}, ""1-2"": {""theta_deg"": -0.11334271659928952, ""A_D"": -0.1897208384702369}}","[[-0.038407727014585724, -0.053302173591288415], [-8.949408470915188e-05, -0.010935229055835105], [0.11325322251458037, 0.1787856094144018]]",False,True,"[-4.776914702450007, 1.000379417955311]",True,-5.0,0.36036036036036034,ok
gaze,gaze_-5,conditional27,capture_1_detections.pkl,1,10019,10019,True,"[true, true, true]",3,3,"[0, 1, 2]",2.0517752624693073,3,True,2.0517752624693073,2.91453982621886,0.007166672845745116,0.09359571966916515,5.6157431801499085,0.17302761850658732,0.12429982571721787,0.21598330492750228,"{""0-1"": {""theta_deg"": -0.02274936583721132, ""A_D"": -0.008386210124806337}, ""0-2"": {""theta_deg"": -0.12429982571721787, ""A_D"": -0.21598330492750228}, ""1-2"": {""theta_deg"": -0.10155045988000655, ""A_D"": -0.20759709480269595}}","[[-0.028246533900642135, -0.04580586737443271], [-0.005497168063430813, -0.03741965724962637], [0.09605329181657574, 0.17017743755306958]]",False,True,"[-4.772333798340528, 0.9563278983399115]",True,-5.0,0.36036036036036034,ok
gaze,gaze_-5,conditional27,capture_2_detections.pkl,6,7300,7300,False,"[false, false, false]",3,0,[],,0,False,,,,,,,,,null,null,False,False,null,False,-5.0,4.0,insufficient_P4_support
gaze,gaze_-5,conditional27,capture_2_detections.pkl,6,7871,7871,True,"[true, true, true]",3,3,"[0, 1, 2]",3.1994479129044406,3,True,3.1994479129044406,3.797566272509927,0.011167379544301232,0.15150244277351183,9.09014656641071,0.27166053545777,0.19563805185148464,0.38398369646464214,"{""0-1"": {""theta_deg"": 0.17347482378901713, ""A_D"": 0.1811955328971857}, ""0-2"": {""theta_deg"": -0.02216322806246751, ""A_D"": -0.20278816356745644}, ""1-2"": {""theta_deg"": -0.19563805185148464, ""A_D"": -0.38398369646464214}}","[[0.00029460918803625447, -0.09068605956907483], [-0.17318021460098088, -0.27188159246626054], [0.022457837250503765, 0.11210210399838161]]",False,True,"[-4.398665914262032, 4.328034556281385]",True,-5.0,4.0,ok
gaze,gaze_-5,conditional27,capture_2_detections.pkl,6,8443,8443,True,"[true, true, true]",3,3,"[0, 1, 2]",3.119722166107662,3,True,3.119722166107662,3.742832096350525,0.01088357812483809,0.17315084516272072,10.389050709763243,0.3103308630096061,0.24060562038796984,0.43337385837762543,"{""0-1"": {""theta_deg"": 0.1597175834286091, ""A_D"": 0.15670200641152032}, ""0-2"": {""theta_deg"": -0.08088803695936075, ""A_D"": -0.2766718519661051}, ""1-2"": {""theta_deg"": -0.24060562038796984, ""A_D"": -0.43337385837762543}}","[[-0.015975540580788206, -0.11455271919494159], [-0.1756931240093973, -0.2712547256064619], [0.06491249637857255, 0.16211913277116352]]",False,True,"[-4.361246203761374, 4.408347298874757]",True,-5.0,4.0,ok
gaze,gaze_-5,conditional27,capture_2_detections.pkl,6,9014,9014,True,"[true, true, true]",3,3,"[0, 1, 2]",2.467596196859767,3,True,2.467596196859767,3.178751689031694,0.00859803530794103,0.1682308594293179,10.093851565759074,0.2810048638819687,0.23612535812441582,0.39498989802793005,"{""0-1"": {""theta_deg"": 0.14328260242554602, ""A_D"": 0.15964213366424929}, ""0-2"": {""theta_deg"": -0.0928427556988698, ""A_D"": -0.23534776436368077}, ""1-2"": {""theta_deg"": -0.23612535812441582, ""A_D"": -0.39498989802793005}}","[[-0.004555085055265806, -0.0675046097190437], [-0.14783768748081183, -0.227146743383293], [0.08828767064360399, 0.16784315464463706]]",False,True,"[-4.353942740075209, 4.317236540297042]",True,-5.0,4.0,ok
gaze,gaze_-5,conditional27,capture_2_detections.pkl,6,9585,9585,True,"[true, true, true]",3,3,"[0, 1, 2]",2.296453795998039,3,True,2.296453795998039,3.05669237002699,0.007993137867135177,0.20851785290358565,12.51107117421514,0.32030520110171373,0.2948636198172254,0.44800878949394285,"{""0-1"": {""theta_deg"": 0.1440961314927378, ""A_D"": 0.16604556296662132}, ""0-2"": {""theta_deg"": -0.1507674883244876, ""A_D"": -0.28196322652732153}, ""1-2"": {""theta_deg"": -0.2948636198172254, ""A_D"": -0.44800878949394285}}","[[-0.010363212919578757, -0.06251878448600312], [-0.15445934441231657, -0.22856434745262444], [0.14040427540490885, 0.2194444420413184]]",False,True,"[-4.20744905132593, 4.583422173063898]",True,-5.0,4.0,ok
gaze,gaze_-5,conditional27,capture_2_detections.pkl,6,10156,10156,True,"[true, true, true]",3,3,"[0, 1, 2]",1.9136586684575658,3,True,1.9136586684575658,2.563340938564862,0.006652830970279583,0.19733970171436785,11.84038210286207,0.2894510742210663,0.27742438439276906,0.3989386925178504,"{""0-1"": {""theta_deg"": 0.11242112874711818, ""A_D"": 0.12004122617098112}, ""0-2"": {""theta_deg"": -0.16500325564565088, ""A_D"": -0.2788974663468693}, ""1-2"": {""theta_deg"": -0.27742438439276906, ""A_D"": -0.3989386925178504}}","[[-0.017353172044242804, -0.06502789444343815], [-0.12977430079136099, -0.18506912061441927], [0.14765008360140808, 0.21386957190343114]]",False,True,"[-4.1742090299120385, 4.648237258034659]",True,-5.0,4.0,ok
gaze,gaze_-5,conditional27,capture_2_detections.pkl,6,10728,10728,True,"[true, true, true]",3,3,"[0, 1, 2]",2.6095372886319455,3,True,2.6095372886319455,3.615889744943506,0.009067167755210865,0.26584094228362987,15.950456537017793,0.39311263486978903,0.37564270714659465,0.5527524952814824,"{""0-1"": {""theta_deg"": 0.17453499526653538, ""A_D"": 0.22485125602042988}, ""0-2"": {""theta_deg"": -0.20110771188005927, ""A_D"": -0.3279012392610525}, ""1-2"": {""theta_deg"": -0.37564270714659465, ""A_D"": -0.5527524952814824}}","[[-0.00040679724089009994, -0.037146459226851114], [-0.17494179250742548, -0.261997715247281], [0.20070091463916917, 0.2907547800342014]]",False,True,"[-4.229391310721393, 4.410735141905933]",True,-5.0,4.0,ok
gaze,gaze_-5,conditional27,capture_2_detections.pkl,6,11299,11299,True,"[true, true, true]",3,3,"[0, 1, 2]",1.6901370914161378,3,True,1.6901370914161378,2.263327924105745,0.005868389596745625,0.2243069337859829,13.458416027158973,0.3044856221085196,0.3125008419630304,0.42473003637712825,"{""0-1"": {""theta_deg"": 0.10905064718966528, ""A_D"": 0.15096030944785976}, ""0-2"": {""theta_deg"": -0.20345019477336512, ""A_D"": -0.2737697269292685}, ""1-2"": {""theta_deg"": -0.3125008419630304, ""A_D"": -0.42473003637712825}}","[[-0.007470815290797628, -0.01833516634660537], [-0.11652146248046291, -0.16929547579446513], [0.1959793794825675, 0.2554345605826631]]",False,True,"[-3.936786882972459, 4.485406085823466]",True,-5.0,4.0,ok
gaze,gaze_-5,conditional27,capture_3_detections.pkl,11,6590,6590,True,"[true, true, true]",3,3,"[0, 1, 2]",3.737879306229807,3,True,3.737879306229807,5.016102959282078,0.01302786948280559,0.27295805679798446,16.37748340787907,0.4085576368759375,0.36264891140065947,0.5730052210247445,"{""0-1"": {""theta_deg"": -0.29588219856974485, ""A_D"": -0.3507503846626365}, ""0-2"": {""theta_deg"": 0.06676671283091462, ""A_D"": 0.22225483636210797}, ""1-2"": {""theta_deg"": 0.36264891140065947, ""A_D"": 0.5730052210247445}}","[[-0.033493534510485645, 0.0239728344715866], [0.2623886640592592, 0.37472321913422313], [-0.10026024734140027, -0.19828200189052136]]",False,True,"[-3.90842984923568, 4.393473794508296]",True,-5.0,3.0,ok
gaze,gaze_-5,conditional27,capture_3_detections.pkl,11,7150,7150,False,"[false, false, false]",3,0,[],,0,False,,,,,,,,,null,null,False,False,null,False,-5.0,3.0,invalid_input
gaze,gaze_-5,conditional27,capture_3_detections.pkl,11,7710,7710,True,"[true, true, true]",3,3,"[0, 1, 2]",2.9874295567544955,3,True,2.9874295567544955,3.609944067653583,0.010326755724014484,0.05637730650914187,3.3826383905485122,0.09866411387417795,0.07971182927952869,0.13385826056046124,"{""0-1"": {""theta_deg"": -0.07971182927952869, ""A_D"": 0.03282069130010612}, ""0-2"": {""theta_deg"": -0.04131167510153322, ""A_D"": 0.13385826056046124}, ""1-2"": {""theta_deg"": 0.03840015417799547, ""A_D"": 0.10103756926035512}}","[[0.040750463163006234, 0.17255598829770236], [0.12046229244253492, 0.13973529699759624], [0.08206213826453945, 0.03869772773724112]]",False,True,"[-3.275094602949577, 4.943882579581335]",True,-5.0,3.0,ok
gaze,gaze_-5,conditional27,capture_3_detections.pkl,11,8270,8270,True,"[true, true, true]",3,3,"[0, 1, 2]",2.2681942765032415,3,True,2.2681942765032415,2.7280488988981615,0.007840949246360826,0.18997449657323107,11.398469794393865,0.2596434236430415,0.26853142150373843,0.31924680279261874,"{""0-1"": {""theta_deg"": 0.14158833127085302, ""A_D"": 0.3167321864518815}, ""0-2"": {""theta_deg"": -0.1269430902328854, ""A_D"": -0.0025146163407372413}, ""1-2"": {""theta_deg"": -0.26853142150373843, ""A_D"": -0.31924680279261874}}","[[0.08652667975672435, 0.21692542858400454], [-0.05506165151412867, -0.09980675786787696], [0.21346976998960976, 0.21944004492474178]]",False,True,"[-3.260667577818392, 5.072076111366266]",True,-5.0,3.0,ok
gaze,gaze_-5,conditional27,capture_3_detections.pkl,11,8829,8829,True,"[true, true, true]",3,3,"[0, 1, 2]",2.450907746263199,3,True,2.450907746263199,2.762880928431952,0.00847867152778252,0.2061954710989797,12.371728265938783,0.29476254178646855,0.29151640018360325,0.3709848617187754,"{""0-1"": {""theta_deg"": 0.15196301842840176, ""A_D"": 0.35012872194447997}, ""0-2"": {""theta_deg"": -0.1395533817552015, ""A_D"": -0.020856139774295457}, ""1-2"": {""theta_deg"": -0.29151640018360325, ""A_D"": -0.3709848617187754}}","[[0.07895742160421948, 0.21694360280496827], [-0.07300559682418228, -0.1331851191395117], [0.21851080335942097, 0.23779974257926373]]",False,True,"[-3.438339144646636, 4.507527672248548]",True,-5.0,3.0,ok
gaze,gaze_-5,conditional27,capture_3_detections.pkl,11,9389,9389,True,"[true, true, true]",3,3,"[0, 1, 2]",1.3464981334722774,3,True,1.3464981334722774,1.5921217169698014,0.004667118379920489,0.10156121605796886,6.093672963478132,0.1121224102776073,0.12816229097800402,0.15851645194123165,"{""0-1"": {""theta_deg"": 0.007930978176586834, ""A_D"": 0.08265722253762586}, ""0-2"": {""theta_deg"": -0.12023131280141719, ""A_D"": -0.07585922940360579}, ""1-2"": {""theta_deg"": -0.12816229097800402, ""A_D"": -0.15851645194123165}}","[[0.003958674272649176, 0.0608306766112765], [-0.003972303903937657, -0.02182654592634936], [0.12418998707406637, 0.1366899060148823]]",False,True,"[-3.7842681183372733, 4.409039002534292]",True,-5.0,3.0,ok
gaze,gaze_-5,conditional27,capture_3_detections.pkl,11,9949,9949,True,"[true, true, true]",3,3,"[0, 1, 2]",1.5588197136818736,3,True,1.5588197136818736,1.8578508028892915,0.005408217949819531,0.11055815287844542,6.633489172706725,0.12485472642361714,0.14085266131567575,0.17577205935566997,"{""0-1"": {""theta_deg"": 0.011646626660120951, ""A_D"": 0.10241845644952541}, ""0-2"": {""theta_deg"": -0.1292060346555548, ""A_D"": -0.07335360290614457}, ""1-2"": {""theta_deg"": -0.14085266131567575, ""A_D"": -0.17577205935566997}}","[[0.006898557300921482, 0.07663833213370896], [-0.004748069359199469, -0.025780124315816444], [0.13610459195647628, 0.14999193503985353]]",False,True,"[-3.926734068246387, 4.2536595287051995]",True,-5.0,3.0,ok
gaze,gaze_-5,conditional27,capture_3_detections.pkl,11,10509,10509,True,"[true, true, true]",3,3,"[0, 1, 2]",1.7462628500499908,3,True,1.7462628500499908,2.218268243790439,0.006058586794074827,0.2125889730056072,12.755338380336433,0.2655364572837661,0.29196635716582575,0.3754952837737906,"{""0-1"": {""theta_deg"": 0.08387165084565407, ""A_D"": 0.19185667071988677}, ""0-2"": {""theta_deg"": -0.20809470632017169, ""A_D"": -0.18363861305390383}, ""1-2"": {""theta_deg"": -0.29196635716582575, ""A_D"": -0.3754952837737906}}","[[0.013463188922146152, 0.07757872548834488], [-0.07040846192350791, -0.11427794523154189], [0.22155789524231784, 0.2612173385422487]]",False,True,"[-4.100073348295526, 4.0074660990777655]",True,-5.0,3.0,ok
gaze,gaze_-5,conditional27,capture_4_detections.pkl,16,5790,5790,True,"[true, true, true]",3,3,"[0, 1, 2]",0.9380310580854311,3,True,0.9380310580854311,1.0302226209812546,0.003274426660844304,0.06741667856915774,4.045000714149465,0.10180118520839085,0.08623981802110592,0.13485536897675,"{""0-1"": {""theta_deg"": -0.007912904526919284, ""A_D"": 0.023772855908272827}, ""0-2"": {""theta_deg"": -0.08623981802110592, ""A_D"": -0.11108251306847716}, ""1-2"": {""theta_deg"": -0.07832691349418663, ""A_D"": -0.13485536897675}}","[[-0.017891632104130473, -0.009756823834262462], [-0.009978727577211188, -0.03352967974253529], [0.06834818591697545, 0.1013256892342147]]",False,True,"[-4.238751474356851, 2.3669572692468206]",True,-5.0,2.0,ok
gaze,gaze_-5,conditional27,capture_4_detections.pkl,16,6350,6350,True,"[true, true, true]",3,3,"[0, 1, 2]",2.8442166257087913,3,True,2.8442166257087913,3.4849791183200067,0.009924657641777933,0.13487351620986568,8.09241097259194,0.1827814177826401,0.1803005034962979,0.2582340178634821,"{""0-1"": {""theta_deg"": -0.1803005034962979, ""A_D"": -0.2582340178634821}, ""0-2"": {""theta_deg"": -0.14404917930200156, ""A_D"": -0.11911880691787236}, ""1-2"": {""theta_deg"": 0.03625132419429633, ""A_D"": 0.13911521094560975}}","[[-0.07152925063269411, -0.07159389435222385], [0.10877125286360378, 0.18664012351125825], [0.07251992866930745, 0.0475249125656485]]",False,True,"[-4.12594842439186, 2.764328591303752]",True,-5.0,2.0,ok
gaze,gaze_-5,conditional27,capture_4_detections.pkl,16,6910,6910,True,"[true, true, true]",3,3,"[0, 1, 2]",3.4851796561982504,3,True,3.4851796561982504,4.500095211816809,0.012163392056404135,0.16337808817181268,9.80268529030876,0.24531762523462458,0.22942506487151482,0.3371167617640545,"{""0-1"": {""theta_deg"": -0.22942506487151482, ""A_D"": -0.3371167617640545}, ""0-2"": {""theta_deg"": -0.13841283303597773, ""A_D"": -0.0975983739808024}, ""1-2"": {""theta_deg"": 0.09101223183553708, ""A_D"": 0.23951838778325207}}","[[-0.08237549660151267, -0.08544814033373394], [0.14704956827000215, 0.25166862143032054], [0.05603733643446507, 0.012150233647068465]]",False,True,"[-4.0972669063694065, 2.8390107948661427]",True,-5.0,2.0,ok
gaze,gaze_-5,conditional27,capture_4_detections.pkl,16,7470,7470,True,"[true, true, true]",3,3,"[0, 1, 2]",3.7635547854444216,3,True,3.7635547854444216,4.9062204748294205,0.01314071851694765,0.17089375247476238,10.253625148485742,0.2663471504767437,0.23999022603221487,0.366339763515644,"{""0-1"": {""theta_deg"": -0.23999022603221487, ""A_D"": -0.366339763515644}, ""0-2"": {""theta_deg"": -0.14470402859556675, ""A_D"": -0.10729109617780486}, ""1-2"": {""theta_deg"": 0.09528619743664812, ""A_D"": 0.25904866733783916}}","[[-0.08734747156144262, -0.09742186500750805], [0.15264275447077225, 0.26891789850813597], [0.05735655703412412, 0.00986923117029681]]",False,True,"[-4.176032994124054, 2.7171696256288764]",True,-5.0,2.0,ok
gaze,gaze_-5,conditional27,capture_4_detections.pkl,16,8029,8029,True,"[true, true, true]",3,3,"[0, 1, 2]",3.26442314312452,3,True,3.26442314312452,4.318171229397919,0.011397202909762094,0.15099874985120143,9.059924991072085,0.24505110913371692,0.2099726733781475,0.34459238550648985,"{""0-1"": {""theta_deg"": -0.2099726733781475, ""A_D"": -0.34459238550648985}, ""0-2"": {""theta_deg"": -0.1386692850571114, ""A_D"": -0.140403638454361}, ""1-2"": {""theta_deg"": 0.07130338832103611, ""A_D"": 0.20418874705212886}}","[[-0.08375370325749376, -0.1166594324468484], [0.12621897012065375, 0.22793295305964145], [0.05491558179961764, 0.02374420600751259]]",False,True,"[-4.194890229717936, 2.5686294100970963]",True,-5.0,2.0,ok
gaze,gaze_-5,conditional27,capture_4_detections.pkl,16,8589,8589,True,"[true, true, true]",3,3,"[0, 1, 2]",3.736599500497662,3,True,3.736599500497662,4.705837695823774,0.013047642636014389,0.166535913369402,9.99215480216412,0.25227484224893804,0.2237935661777808,0.3561647670801613,"{""0-1"": {""theta_deg"": -0.2237935661777808, ""A_D"": -0.3561647670801613}, ""0-2"": {""theta_deg"": -0.17544712113476457, ""A_D"": -0.16008549309643172}, ""1-2"": {""theta_deg"": 0.04834644504301622, ""A_D"": 0.1960792739837296}}","[[-0.09046094638768842, -0.11001763238959006], [0.13333261979009237, 0.24614713469057126], [0.08498617474707615, 0.05006786070684166]]",False,True,"[-4.25734039665189, 2.524887981680213]",True,-5.0,2.0,ok
gaze,gaze_-5,conditional27,capture_4_detections.pkl,16,9149,9149,True,"[true, true, true]",3,3,"[0, 1, 2]",4.035139577359565,3,True,4.035139577359565,5.247681682981942,0.014092562043957764,0.17828495992292911,10.697097595375746,0.2870855496665123,0.24685666968906883,0.40168913931213135,"{""0-1"": {""theta_deg"": -0.24685666968906883, ""A_D"": -0.40168913931213135}, ""0-2"": {""theta_deg"": -0.16786513124793334, ""A_D"": -0.1497412844388255}, ""1-2"": {""theta_deg"": 0.07899153844113549, ""A_D"": 0.25194785487330584}}","[[-0.09542817227805056, -0.12227015739688074], [0.15142849741101827, 0.2794189819152506], [0.07243695896988278, 0.027471127041944765]]",False,True,"[-4.246609981221976, 2.55096246716757]",True,-5.0,2.0,ok
gaze,gaze_-5,conditional27,capture_4_detections.pkl,16,9709,9709,True,"[true, true, true]",3,3,"[0, 1, 2]",2.658892624774587,3,True,2.658892624774587,3.064307493443473,0.00928331647673689,0.1304166412195632,7.8249984731737925,0.17746647258260104,0.16567590244370223,0.24322069885245856,"{""0-1"": {""theta_deg"": -0.15302606967923005, ""A_D"": -0.24322069885245856}, ""0-2"": {""theta_deg"": -0.16567590244370223, ""A_D"": -0.17522277404644093}, ""1-2"": {""theta_deg"": -0.01264983276447218, ""A_D"": 0.06799792480601763}}","[[-0.07146250291616596, -0.08992189556774832], [0.08156356676306409, 0.15329880328471024], [0.09421339952753627, 0.08530087847869261]]",False,True,"[-4.254461368038497, 2.430765938966521]",True,-5.0,2.0,ok
gaze,gaze_-5,conditional37,capture_1_detections.pkl,1,6180,6180,True,"[true, true, true]",3,3,"[0, 1, 2]",1.6964083992184682,3,True,1.6964083992184682,1.9380201972599198,0.0059237359888357375,0.04889170019079357,2.9335020114476142,0.08977699729911948,0.06847873913395919,0.12639210039052,"{""0-1"": {""theta_deg"": -0.025957205822701113, ""A_D"": 0.07361917761574616}, ""0-2"": {""theta_deg"": -0.06847873913395919, ""A_D"": -0.052772922774773856}, ""1-2"": {""theta_deg"": -0.042521533311258075, ""A_D"": -0.12639210039052}}","[[-0.024146073752078223, 0.027629545268741618], [0.0018111320706228895, -0.04598963234700454], [0.044332665381880965, 0.08040246804351547]]",False,True,"[-4.923481263128199, 0.3383572047258851]",True,-5.0,0.36036036036036034,ok
gaze,gaze_-5,conditional37,capture_1_detections.pkl,1,6728,6728,True,"[true, true, true]",3,3,"[0, 1, 2]",1.863422568453236,3,True,1.863422568453236,2.2934467157062657,0.006509077109764639,0.06346220549804373,3.8077323298826236,0.045658597187083615,0.08971507051948446,0.06308070955572759,"{""0-1"": {""theta_deg"": -0.04699806820198926, ""A_D"": -0.01959551040474644}, ""0-2"": {""theta_deg"": -0.08971507051948446, ""A_D"": -0.06308070955572759}, ""1-2"": {""theta_deg"": -0.0427170023174952, ""A_D"": -0.043485199150981146}}","[[-0.03445411974616164, 0.00039774860159369485], [0.012543948455827625, 0.019993259006340136], [0.055260950773322826, 0.06347845815732128]]",False,True,"[-4.838921273675424, 0.4054000891430991]",True,-5.0,0.36036036036036034,ok
gaze,gaze_-5,conditional37,capture_1_detections.pkl,1,7277,7277,True,"[true, true, true]",3,3,"[0, 1, 2]",1.971930241391743,3,True,1.971930241391743,2.4066135895178054,0.0068900322596822435,0.06870629066122272,4.122377439673363,0.06292563072338393,0.09709925448050072,0.08816197747565208,"{""0-1"": {""theta_deg"": -0.04544597630387681, ""A_D"": -0.03359043114585397}, ""0-2"": {""theta_deg"": -0.09709925448050072, ""A_D"": -0.08816197747565208}, ""1-2"": {""theta_deg"": -0.05165327817662391, ""A_D"": -0.054571546329798104}}","[[-0.03464932139232957, -0.011739979921095933], [0.010796654911547243, 0.02185045122475804], [0.06244993308817115, 0.07642199755455614]]",False,True,"[-4.874004105608651, 0.3532569126723683]",True,-5.0,0.36036036036036034,ok
gaze,gaze_-5,conditional37,capture_1_detections.pkl,1,7825,7825,True,"[true, true, true]",3,3,"[0, 1, 2]",1.5621842526442593,3,True,1.5621842526442593,2.0196555715803517,0.005458283503899704,0.05713527011801612,3.428116207080967,0.087914555513151,0.0793014430609773,0.10828878732571101,"{""0-1"": {""theta_deg"": -0.026229861516207542, ""A_D"": 0.0012425268597117678}, ""0-2"": {""theta_deg"": -0.0793014430609773, ""A_D"": -0.10704626046599924}, ""1-2"": {""theta_deg"": -0.053071581544769764, ""A_D"": -0.10828878732571101}}","[[-0.02320071239217203, -0.013874610882257832], [0.003029149124035513, -0.0151171377419696], [0.056100730668805276, 0.09317164958374141]]",False,True,"[-4.8917539266037, 0.2839681972438819]",True,-5.0,0.36036036036036034,ok
gaze,gaze_-5,conditional37,capture_1_detections.pkl,1,8374,8374,True,"[true, true, true]",3,3,"[0, 1, 2]",2.000411662061989,3,True,2.000411662061989,2.402131412236747,0.006988763777908661,0.06978880006611748,4.187328003967049,0.08083897242727475,0.0980939564156289,0.11369752855375398,"{""0-1"": {""theta_deg"": -0.03961847312751132, ""A_D"": -0.046501629638594}, ""0-2"": {""theta_deg"": -0.0980939564156289, ""A_D"": -0.11369752855375398}, ""1-2"": {""theta_deg"": -0.05847548328811758, ""A_D"": -0.06719589891515998}}","[[-0.03149364558042045, -0.02546354948957058], [0.008124827547090874, 0.02103808014902342], [0.06660031083520845, 0.0882339790641834]]",False,True,"[-4.90229658920904, 0.30484665846164366]",True,-5.0,0.36036036036036034,ok
gaze,gaze_-5,conditional37,capture_1_detections.pkl,1,8922,8922,True,"[true, true, true]",3,3,"[0, 1, 2]",1.910123254395471,3,True,1.910123254395471,2.361832482535613,0.00667219215667727,0.06847840311278905,4.108704186767343,0.09541979733385254,0.09532443457018136,0.13049991783978726,"{""0-1"": {""theta_deg"": -0.03286773622887029, ""A_D"": -0.03550546081172551}, ""0-2"": {""theta_deg"": -0.09532443457018136, ""A_D"": -0.13049991783978726}, ""1-2"": {""theta_deg"": -0.06245669834131107, ""A_D"": -0.09499445702806175}}","[[-0.0277257354157463, -0.028947915874045993], [0.0051420008131239925, 0.006557544937679516], [0.06759869915443506, 0.10155200196574127]]",False,True,"[-4.937054483502309, 0.271395931381623]",True,-5.0,0.36036036036036034,ok
gaze,gaze_-5,conditional37,capture_1_detections.pkl,1,9471,9471,True,"[true, true, true]",3,3,"[0, 1, 2]",2.107729088034146,3,True,2.107729088034146,2.8689406450555626,0.0073623409798108455,0.07870914643847078,4.722548786308247,0.11849287763034709,0.10837098003239376,0.14713738520828537,"{""0-1"": {""theta_deg"": -0.03217429707435837, ""A_D"": 0.004115215518887272}, ""0-2"": {""theta_deg"": -0.10837098003239376, ""A_D"": -0.1430221696893981}, ""1-2"": {""theta_deg"": -0.07619668295803539, ""A_D"": -0.14713738520828537}}","[[-0.030356606280887988, -0.016211790731891967], [0.0018176907934703834, -0.02032700625077924], [0.07801437375150577, 0.12681037895750613]]",False,True,"[-4.948654776913667, 0.2461208596119529]",True,-5.0,0.36036036036036034,ok
gaze,gaze_-5,conditional37,capture_1_detections.pkl,1,10019,10019,True,"[true, true, true]",3,3,"[0, 1, 2]",2.016568950352579,3,True,2.016568950352579,2.7186968966114273,0.0070437002543209835,0.06456735264419769,3.8740411586518615,0.12400114929802886,0.08826287095152718,0.16699782607646815,"{""0-1"": {""theta_deg"": -0.023866595240375155, ""A_D"": 0.03714999605899569}, ""0-2"": {""theta_deg"": -0.08826287095152718, ""A_D"": -0.12984783001747247}, ""1-2"": {""theta_deg"": -0.06439627571115203, ""A_D"": -0.16699782607646815}}","[[-0.02339441503610651, -0.006928245706271735], [0.00047218020426864626, -0.04407824176526742], [0.06486845591542068, 0.12291958431120073]]",False,True,"[-4.937487245405055, 0.2196893651795803]",True,-5.0,0.36036036036036034,ok
gaze,gaze_-5,conditional37,capture_2_detections.pkl,6,7300,7300,False,"[false, false, false]",3,0,[],,0,False,,,,,,,,,null,null,False,False,null,False,-5.0,4.0,insufficient_P4_support
gaze,gaze_-5,conditional37,capture_2_detections.pkl,6,7871,7871,True,"[true, true, true]",3,3,"[0, 1, 2]",1.9638844999033758,3,True,1.9638844999033758,2.2412075819305826,0.006854758754825915,0.135041367460086,8.102482047605159,0.20681834241204095,0.19046972679948126,0.27675760532596794,"{""0-1"": {""theta_deg"": 0.0831841884006721, ""A_D"": 0.05643576721900523}, ""0-2"": {""theta_deg"": -0.10728553839880917, ""A_D"": -0.2203218381069627}, ""1-2"": {""theta_deg"": -0.19046972679948126, ""A_D"": -0.27675760532596794}}","[[-0.023573040398217948, -0.08643750789509008], [-0.10675722879889005, -0.1428732751140953], [0.08371249800059122, 0.13388433021187263]]",False,True,"[-4.717038846272565, 3.1142356068264947]",True,-5.0,4.0,ok
gaze,gaze_-5,conditional37,capture_2_detections.pkl,6,8443,8443,True,"[true, true, true]",3,3,"[0, 1, 2]",1.9358293815286578,3,True,1.9358293815286578,2.201095704163382,0.006753405972850039,0.1646084669725967,9.876508018355802,0.2400624833159882,0.2266956022082418,0.3089724675151011,"{""0-1"": {""theta_deg"": 0.06751387204294801, ""A_D"": 0.032637948656852434}, ""0-2"": {""theta_deg"": -0.1591817301652938, ""A_D"": -0.27633451885824867}, ""1-2"": {""theta_deg"": -0.2266956022082418, ""A_D"": -0.3089724675151011}}","[[-0.037968158685584896, -0.10523804569389172], [-0.1054820307285329, -0.13787599435074416], [0.1212135714797089, 0.17109647316435694]]",False,True,"[-4.684783706488633, 3.1784105324062564]",True,-5.0,4.0,ok
gaze,gaze_-5,conditional37,capture_2_detections.pkl,6,9014,9014,True,"[true, true, true]",3,3,"[0, 1, 2]",1.442546574519072,3,True,1.442546574519072,1.759235676908549,0.005026376032208334,0.15669069924459328,9.401441954675597,0.20598537896562066,0.2122895660534878,0.26684679445093185,"{""0-1"": {""theta_deg"": 0.051119171233182215, ""A_D"": 0.03223270723937022}, ""0-2"": {""theta_deg"": -0.1611703948203056, ""A_D"": -0.23461408721156163}, ""1-2"": {""theta_deg"": -0.2122895660534878, ""A_D"": -0.26684679445093185}}","[[-0.027943453759240455, -0.06859108554822413], [-0.07906262499242267, -0.10082379278759435], [0.13322694106106514, 0.1660230016633375]]",False,True,"[-4.689258384507182, 3.0821629190453983]",True,-5.0,4.0,ok
gaze,gaze_-5,conditional37,capture_2_detections.pkl,6,9585,9585,True,"[true, true, true]",3,3,"[0, 1, 2]",1.4134979276336954,3,True,1.4134979276336954,1.718825528737747,0.004919882921300299,0.19202507925168838,11.521504755101303,0.22865206789420742,0.25151004754093265,0.2896248862669393,"{""0-1"": {""theta_deg"": 0.03705627190836758, ""A_D"": 0.020270397343332025}, ""0-2"": {""theta_deg"": -0.21445377563256507, ""A_D"": -0.26935448892360725}, ""1-2"": {""theta_deg"": -0.25151004754093265, ""A_D"": -0.2896248862669393}}","[[-0.036400794065926334, -0.06802040029871881], [-0.07345706597429391, -0.08829079764205083], [0.17805298156663873, 0.20133408862488844]]",False,True,"[-4.560823614034347, 3.2950884720941733]",True,-5.0,4.0,ok
gaze,gaze_-5,conditional37,capture_2_detections.pkl,6,10156,10156,True,"[true, true, true]",3,3,"[0, 1, 2]",1.33029760572408,3,True,1.33029760572408,1.6404123071723158,0.004624777269283531,0.1801535014884226,10.809210089305356,0.2026783089573202,0.22169573205458892,0.2626075015600202,"{""0-1"": {""theta_deg"": -0.002122625446307147, ""A_D"": -0.0318265148111645}, ""0-2"": {""theta_deg"": -0.22169573205458892, ""A_D"": -0.2626075015600202}, ""1-2"": {""theta_deg"": -0.21957310660828178, ""A_D"": -0.23078098674885572}}","[[-0.04557053993646587, -0.07537559510926117], [-0.04344791449015872, -0.043549080298096676], [0.17612519211812305, 0.18723190645075904]]",False,True,"[-4.538775061847162, 3.337880598365429]",True,-5.0,4.0,ok
gaze,gaze_-5,conditional37,capture_2_detections.pkl,6,10728,10728,True,"[true, true, true]",3,3,"[0, 1, 2]",1.879374406126442,3,True,1.879374406126442,2.332304679694222,0.006530124359377065,0.2518377931428708,15.110267588572249,0.29173474750268114,0.34051881264669426,0.39329286453192847,"{""0-1"": {""theta_deg"": 0.0798790170905539, ""A_D"": 0.08869141208680675}, ""0-2"": {""theta_deg"": -0.26063979555614036, ""A_D"": -0.3046014524451217}, ""1-2"": {""theta_deg"": -0.34051881264669426, ""A_D"": -0.39329286453192847}}","[[-0.023143125469387016, -0.040468677714313284], [-0.10302214255994091, -0.12916008980112004], [0.23749667008675335, 0.26413277473080843]]",False,True,"[-4.579283451175076, 3.1472442302067787]",True,-5.0,4.0,ok
gaze,gaze_-5,conditional37,capture_2_detections.pkl,6,11299,11299,True,"[true, true, true]",3,3,"[0, 1, 2]",1.4792793909706579,3,True,1.4792793909706579,2.1158633396831434,0.005136262515473675,0.20133378549416253,12.080027129649752,0.20360426333689158,0.24679981867901635,0.2504912740748302,"{""0-1"": {""theta_deg"": 0.0004351709096734879, ""A_D"": 0.00227151259363767}, ""0-2"": {""theta_deg"": -0.24636464776934286, ""A_D"": -0.2482197614811925}, ""1-2"": {""theta_deg"": -0.24679981867901635, ""A_D"": -0.2504912740748302}}","[[-0.03442247238610907, -0.03410514031848555], [-0.03485764329578256, -0.03637665291212322], [0.2119421753832338, 0.21411462116270696]]",False,True,"[-4.334312312589826, 3.156663754604943]",True,-5.0,4.0,ok
gaze,gaze_-5,conditional37,capture_3_detections.pkl,11,6590,6590,True,"[true, true, true]",3,3,"[0, 1, 2]",5.064529738278956,3,True,5.064529738278956,6.68192755078785,0.01765172896624001,0.36037579845919643,21.622547907551784,0.4939788226512713,0.4607646634679936,0.6742547986695171,"{""0-1"": {""theta_deg"": -0.4190036927912084, ""A_D"": -0.49542447983610893}, ""0-2"": {""theta_deg"": 0.04176097067678519, ""A_D"": 0.17883031883340816}, ""1-2"": {""theta_deg"": 0.4607646634679936, ""A_D"": 0.6742547986695171}}","[[-0.07743743671515535, -0.041140545897079495], [0.34156625607605307, 0.45428393393902944], [-0.11919840739194054, -0.21997086473048766]]",False,True,"[-4.371288022680239, 2.985740707860629]",True,-5.0,3.0,ok
gaze,gaze_-5,conditional37,capture_3_detections.pkl,11,7150,7150,False,"[false, false, false]",3,0,[],,0,False,,,,,,,,,null,null,False,False,null,False,-5.0,3.0,invalid_input
gaze,gaze_-5,conditional37,capture_3_detections.pkl,11,7710,7710,True,"[true, true, true]",3,3,"[0, 1, 2]",4.109272812031063,3,True,4.109272812031063,4.647334386231885,0.01420467185150307,0.16514912915183222,9.908947749109933,0.1850127413454622,0.23108877225525148,0.25803454967257,"{""0-1"": {""theta_deg"": -0.23108877225525148, ""A_D"": -0.16654326678453124}, ""0-2"": {""theta_deg"": -0.08622141232578873, ""A_D"": 0.09149128288803876}, ""1-2"": {""theta_deg"": 0.14486735992946276, ""A_D"": 0.25803454967257}}","[[-0.01833899510847381, 0.08713398985045684], [0.21274977714677767, 0.2536772566349881], [0.06788241721731492, -0.004357293037581922]]",False,True,"[-3.8004844767630352, 3.421652161612394]",True,-5.0,3.0,ok
gaze,gaze_-5,conditional37,capture_3_detections.pkl,11,8270,8270,True,"[true, true, true]",3,3,"[0, 1, 2]",2.8592519045031572,3,True,2.8592519045031572,3.670860350572463,0.009884183774739257,0.14087474023454438,8.452484414072662,0.08479951859161117,0.18311751945536914,0.11596280074265142,"{""0-1"": {""theta_deg"": -0.023591714730789803, ""A_D"": 0.08445608947230676}, ""0-2"": {""theta_deg"": -0.18311751945536914, ""A_D"": -0.031506711270344656}, ""1-2"": {""theta_deg"": -0.15952580472457933, ""A_D"": -0.11596280074265142}}","[[0.02463566037968823, 0.13170123880796902], [0.04822737511047803, 0.04724514933566226], [0.20775317983505737, 0.16320795007831368]]",False,True,"[-3.766560710683266, 3.561552514841061]",True,-5.0,3.0,ok
gaze,gaze_-5,conditional37,capture_3_detections.pkl,11,8829,8829,True,"[true, true, true]",3,3,"[0, 1, 2]",2.806851308710143,3,True,2.806851308710143,3.6016637266346323,0.009710022872204887,0.16454043914365984,9.872426348619591,0.14718657560169132,0.21253991713823694,0.19672764577119395,"{""0-1"": {""theta_deg"": 0.02423081006344363, ""A_D"": 0.15726634488611335}, ""0-2"": {""theta_deg"": -0.1883091070747933, ""A_D"": -0.0394613008850806}, ""1-2"": {""theta_deg"": -0.21253991713823694, ""A_D"": -0.19672764577119395}}","[[0.031517891648409346, 0.14924643772099522], [0.0072870815849657156, -0.008019907165118134], [0.21982699872320266, 0.18870773860607581]]",False,True,"[-3.9022002430996077, 3.1074868588191102]",True,-5.0,3.0,ok
gaze,gaze_-5,conditional37,capture_3_detections.pkl,11,9389,9389,True,"[true, true, true]",3,3,"[0, 1, 2]",2.155183569839511,3,True,2.155183569839511,2.6240626711851203,0.0074701157029919705,0.11021103147878755,6.612661888727253,0.05790716867939131,0.15278200292461808,0.07258040180940561,"{""0-1"": {""theta_deg"": -0.10309216016720324, ""A_D"": -0.06913718298196736}, ""0-2"": {""theta_deg"": -0.15278200292461808, ""A_D"": -0.07258040180940561}, ""1-2"": {""theta_deg"": -0.04968984275741484, ""A_D"": -0.0034432188274382547}}","[[-0.028921233198140328, 0.02303107183784725], [0.07417092696906291, 0.09216825481981461], [0.12386076972647775, 0.09561147364725286]]",False,True,"[-4.217394242669435, 3.0459453456378345]",True,-5.0,3.0,ok
gaze,gaze_-5,conditional37,capture_3_detections.pkl,11,9949,9949,True,"[true, true, true]",3,3,"[0, 1, 2]",2.2812937388623946,3,True,2.2812937388623946,2.8250770429355696,0.007914791966663835,0.11188697318585249,6.713218391151149,0.047115843194483586,0.15778717878959903,0.06618377120742647,"{""0-1"": {""theta_deg"": -0.08916231912402317, ""A_D"": -0.03977285420587107}, ""0-2"": {""theta_deg"": -0.15778717878959903, ""A_D"": -0.06618377120742647}, ""1-2"": {""theta_deg"": -0.06862485966557585, ""A_D"": -0.0264109170015554}}","[[-0.022829505745510126, 0.041039933277381646], [0.06633281337851304, 0.08081278748325271], [0.1349576730440889, 0.10722370448480811]]",False,True,"[-4.343340119432836, 2.92496205283368]",True,-5.0,3.0,ok
gaze,gaze_-5,conditional37,capture_3_detections.pkl,11,10509,10509,True,"[true, true, true]",3,3,"[0, 1, 2]",2.120055466373991,3,True,2.120055466373991,2.854296949565764,0.007355444829460756,0.19329798247539165,11.5978789485235,0.16382313804482096,0.23727803348995913,0.22459995096276986,"{""0-1"": {""theta_deg"": -0.001078325351390852, ""A_D"": 0.06307419606734488}, ""0-2"": {""theta_deg"": -0.23727803348995913, ""A_D"": -0.16152575489542498}, ""1-2"": {""theta_deg"": -0.23619970813856828, ""A_D"": -0.22459995096276986}}","[[-0.010504138302665389, 0.051955180695702374], [-0.009425812951274537, -0.011119015371642504], [0.22677389518729374, 0.21348093559112735]]",False,True,"[-4.487910965756696, 2.7400812430804873]",True,-5.0,3.0,ok
gaze,gaze_-5,conditional37,capture_4_detections.pkl,16,5790,5790,True,"[true, true, true]",3,3,"[0, 1, 2]",1.0714948870952297,3,True,1.0714948870952297,1.2846086995345696,0.003740314774250726,0.06231357784803479,3.7388146708820873,0.060289085411587236,0.08615315470561402,0.07419822740591164,"{""0-1"": {""theta_deg"": -0.027023589249729696, ""A_D"": -0.0007242870090187203}, ""0-2"": {""theta_deg"": -0.08615315470561402, ""A_D"": -0.07419822740591164}, ""1-2"": {""theta_deg"": -0.059129565455884325, ""A_D"": -0.07347394039689292}}","[[-0.020509767044982752, 0.001207862348059363], [0.006513822204746944, 0.0019321493570780834], [0.06564338766063127, 0.075406089753971]]",False,True,"[-4.556773057418493, 1.3498693195940712]",True,-5.0,2.0,ok
gaze,gaze_-5,conditional37,capture_4_detections.pkl,16,6350,6350,True,"[true, true, true]",3,3,"[0, 1, 2]",3.5917725016795465,3,True,3.5917725016795465,4.441027183281851,0.012533191770313324,0.1471568280653704,8.829409683922224,0.22027265324519046,0.20700620137031933,0.29944410597549775,"{""0-1"": {""theta_deg"": -0.20700620137031933, ""A_D"": -0.29944410597549775}, ""0-2"": {""theta_deg"": -0.12205094463168287, ""A_D"": -0.07535819618274564}, ""1-2"": {""theta_deg"": 0.08495525673863646, ""A_D"": 0.2240859097927521}}","[[-0.07412978152965888, -0.0751187910851081], [0.13287641984066045, 0.22432531489038965], [0.04792116310202399, 0.00023940509763753504]]",False,True,"[-4.495508422003499, 1.6350560781686554]",True,-5.0,2.0,ok
gaze,gaze_-5,conditional37,capture_4_detections.pkl,16,6910,6910,True,"[true, true, true]",3,3,"[0, 1, 2]",4.294079420302798,3,True,4.294079420302798,5.523836328790257,0.01498647893734533,0.18328339281489278,10.997003568893566,0.2911575598915881,0.25855144820949594,0.38180395166859427,"{""0-1"": {""theta_deg"": -0.25855144820949594, ""A_D"": -0.38180395166859427}, ""0-2"": {""theta_deg"": -0.1133834431423848, ""A_D"": -0.057378966990428326}, ""1-2"": {""theta_deg"": 0.14516800506711114, ""A_D"": 0.32442498467816594}}","[[-0.08568143099942294, -0.09376520876178795], [0.172870017210073, 0.2880387429068063], [0.027702012142961863, -0.03638624177135963]]",False,True,"[-4.47849192178004, 1.6859219714711127]",True,-5.0,2.0,ok
gaze,gaze_-5,conditional37,capture_4_detections.pkl,16,7470,7470,True,"[true, true, true]",3,3,"[0, 1, 2]",4.526892460048255,3,True,4.526892460048255,5.877749803320226,0.015805966158391468,0.1857416355696436,11.144498134178615,0.30713788325271263,0.26199792846373615,0.40376941554040746,"{""0-1"": {""theta_deg"": -0.26199792846373615, ""A_D"": -0.40376941554040746}, ""0-2"": {""theta_deg"": -0.11463599119324552, ""A_D"": -0.06321887456297959}, ""1-2"": {""theta_deg"": 0.14736193727049063, ""A_D"": 0.3405505409774279}}","[[-0.08774282508233533, -0.1036496412040333], [0.17425510338140082, 0.30011977433637416], [0.026893166110910194, -0.04043076664105372]]",False,True,"[-4.54805235928282, 1.5828370200785824]",True,-5.0,2.0,ok
gaze,gaze_-5,conditional37,capture_4_detections.pkl,16,8029,8029,True,"[true, true, true]",3,3,"[0, 1, 2]",3.9647274907904237,3,True,3.9647274907904237,5.210551765713769,0.013842201734668547,0.15834638410180676,9.500783046108406,0.27278185223530027,0.22386578603928253,0.36925111600250937,"{""0-1"": {""theta_deg"": -0.22386578603928253, ""A_D"": -0.36925111600250937}, ""0-2"": {""theta_deg"": -0.10709053636858634, ""A_D"": -0.08790369717570079}, ""1-2"": {""theta_deg"": 0.11677524967069619, ""A_D"": 0.2813474188268086}}","[[-0.07993666122988508, -0.11261440316436322], [0.14392912480939746, 0.25663671283814615], [0.027153875138701267, -0.02471070598866243]]",False,True,"[-4.551919603865379, 1.4685360942446688]",True,-5.0,2.0,ok
gaze,gaze_-5,conditional37,capture_4_detections.pkl,16,8589,8589,True,"[true, true, true]",3,3,"[0, 1, 2]",4.394011794339135,3,True,4.394011794339135,5.573498052381517,0.015343227344363141,0.1666189506412607,9.997137038475643,0.277847103695253,0.23443333360743068,0.3799369624731477,"{""0-1"": {""theta_deg"": -0.23443333360743068, ""A_D"": -0.3799369624731477}, ""0-2"": {""theta_deg"": -0.13779751079692026, ""A_D"": -0.103167283331421}, ""1-2"": {""theta_deg"": 0.09663582281051042, ""A_D"": 0.2767696791417267}}","[[-0.0858063448344053, -0.1084549034754072], [0.14862698877302538, 0.27148205899774047], [0.05199116596251496, -0.005287620143986205]]",False,True,"[-4.612234875577213, 1.4266274882478702]",True,-5.0,2.0,ok
gaze,gaze_-5,conditional37,capture_4_detections.pkl,16,9149,9149,True,"[true, true, true]",3,3,"[0, 1, 2]",4.727724937154202,3,True,4.727724937154202,6.147042360647717,0.016511388447982552,0.18216125155590826,10.929675093354495,0.3165329989297374,0.25761490923235986,0.42628366926749983,"{""0-1"": {""theta_deg"": -0.25761490923235986, ""A_D"": -0.42628366926749983}, ""0-2"": {""theta_deg"": -0.12884293030609406, ""A_D"": -0.09481439020914761}, ""1-2"": {""theta_deg"": 0.1287719789262658, ""A_D"": 0.3314692790583522}}","[[-0.09041689658440966, -0.12227141730377977], [0.1671980126479502, 0.30401225196372006], [0.038426033721684405, -0.027457027094632158]]",False,True,"[-4.60616058545993, 1.4432596287854103]",True,-5.0,2.0,ok
gaze,gaze_-5,conditional37,capture_4_detections.pkl,16,9709,9709,True,"[true, true, true]",3,3,"[0, 1, 2]",3.2411928445592033,3,True,3.2411928445592033,3.861061175781951,0.011316372334038503,0.12365125302856794,7.419075181714076,0.1861992824302677,0.16341501617608678,0.26282353741469966,"{""0-1"": {""theta_deg"": -0.16341501617608678, ""A_D"": -0.26282353741469966}, ""0-2"": {""theta_deg"": -0.13561574428094225, ""A_D"": -0.11733695780496567}, ""1-2"": {""theta_deg"": 0.02779927189514453, ""A_D"": 0.145486579609734}}","[[-0.06740419703859502, -0.08206616149719625], [0.09601081913749177, 0.1807573759175034], [0.06821154724234724, 0.035270796307769414]]",False,True,"[-4.594682747418626, 1.365387029531097]",True,-5.0,2.0,ok
